return_id,original_transaction_id,return_date,customer_id,product_sku,return_reason,refund_amount,refund_method,return_date_raw
R300000,T1173485,2025-07-04,105944.0,SKU100383,quality,34.72,card,04/07/2025
R300001,T1058923,,106597.0,SKU100136,quality,173.32,card,07-Jun-2025
R300002,T1199717,,110974.0,SKU100528,quality,250.91,card,2024/03/20
R300003,T1003055,,115724.0,SKU100181,damaged,33.25,UPI,2024-12-02
R300004,T1188645,,119583.0,SKU100404,damaged,194.17,card,14-Dec-2024
R300005,T1142254,2025-07-19,106443.0,SKU100216,quality,272.92,card,19/07/2025
R300006,T1083903,,107702.0,SKU100277,quality,193.9,UPI,2025/10/02
R300007,T1024339,,103406.0,SKU100511,quality,60.19,cash,2025/05/22
R300008,T1137927,,113068.0,SKU100426,wrong item,134.36,card,2025-12-31
R300009,T1132649,,106670.0,SKU100014,wrong item,310.22,cash,12 Dec 2024
R300010,T1106074,,118530.0,SKU100593,other,21.58,cash,06-Nov-2025
R300011,T1082127,2025-05-25,103325.0,SKU100276,quality,255.39,card,25/05/2025
R300012,T1019021,2024-08-01,115996.0,SKU100396,damaged,30.99,card,01/08/2024
R300013,T1186908,2024-09-02,114388.0,SKU100439,other,160.99,UPI,02/09/2024
R300014,T1053324,,108025.0,SKU100290,other,120.37,cash,2024-06-08
R300015,T1003667,2025-09-06,111971.0,SKU100090,wrong item,18.96,UPI,06/09/2025
R300016,T1106554,,102664.0,SKU100065,wrong item,23.34,cash,14 Nov 2024
R300017,T1133284,,116232.0,SKU100226,other,285.15,UPI,03 Oct 2025
R300018,T1071248,2025-03-12,119571.0,SKU100169,damaged,188.24,cash,12/03/2025
R300019,T1083129,,111284.0,SKU100520,quality,150.29,UPI,06/22/2024
R300020,T1102993,2024-08-25,107852.0,SKU100505,wrong item,20.22,cash,25/08/2024
R300021,T1001875,2024-03-12,109219.0,SKU100065,damaged,248.42,card,12/03/2024
R300022,T1171542,,103796.0,SKU100254,damaged,254.02,UPI,13 Apr 2024
R300023,T1008407,2025-12-09,118217.0,SKU100140,other,7.71,cash,09/12/2025
R300024,T1153749,,101631.0,SKU100420,damaged,355.66,cash,2025-03-07
R300025,T10000024,,109639.0,SKU100319,damaged,165.38,UPI,01/19/2024
R300026,T1064563,,110738.0,SKU100141,other,333.14,card,06 Feb 2025
R300027,T1162538,,103557.0,SKU100426,quality,370.34,cash,2025/03/02
R300028,T1109410,,102891.0,SKU100321,quality,271.19,cash,07/23/2024
R300029,T10000028,,118969.0,SKU100489,other,78.44,card,06-09-2025 00:00:00
R300030,T10000029,,104560.0,SKU100514,damaged,92.94,card,29-May-2024
R300031,T1181393,,115079.0,SKU100466,damaged,248.91,cash,2025-04-08
R300032,T1100546,,104308.0,SKU100378,wrong item,193.4,cash,14 Aug 2024
R300033,T1160090,,107061.0,SKU100529,wrong item,159.94,card,31-Jan-2024
R300034,T1161069,,116577.0,SKU100052,damaged,181.67,cash,26 Feb 2024
R300035,T1120800,,119161.0,SKU100481,wrong item,117.98,UPI,09/16/2025
R300036,T1174527,,109833.0,SKU100019,damaged,13.78,cash,06 Jan 2024
R300037,T1179219,,101565.0,SKU100299,wrong item,149.87,UPI,18-11-2025 00:00:00
R300038,T1092642,,107989.0,SKU100559,wrong item,175.58,cash,2024/12/11
R300039,T10000038,,106520.0,SKU100338,quality,114.75,UPI,09-Feb-2024
R300040,T1111543,,111048.0,SKU100160,other,127.39,cash,10-08-2024 02:10:28
R300041,T1085461,2024-10-12,116507.0,SKU100054,wrong item,104.86,UPI,12/10/2024
R300042,T1157204,2024-09-30,112878.0,SKU100495,wrong item,196.69,UPI,30/09/2024
R300043,T1045387,,110323.0,SKU100404,quality,148.84,card,2024-11-14
R300044,T1191958,2025-03-11,116201.0,SKU100491,damaged,232.58,cash,11/03/2025
R300045,T1180332,2024-11-02,118102.0,SKU100339,quality,157.47,cash,02/11/2024
R300046,T1065899,2025-02-05,109433.0,SKU100591,wrong item,226.13,card,05/02/2025
R300047,T1002009,,101151.0,SKU100243,damaged,334.28,card,2024/10/20
R300048,T1083102,,115146.0,SKU100222,other,246.64,card,04/22/2024
R300049,T1082909,2025-07-11,114512.0,SKU100511,other,74.41,cash,11/07/2025
R300050,T1114451,2024-08-15,118183.0,SKU100319,wrong item,1.12,card,15/08/2024
R300051,T1007266,,113427.0,SKU100325,other,21.93,UPI,2025-04-09
R300052,T1194340,,116203.0,SKU100330,wrong item,111.74,card,03/23/2024
R300053,T1006742,,107655.0,SKU100169,other,35.05,card,2024/11/15
R300054,T1095546,2025-09-19,103410.0,SKU100317,wrong item,180.38,card,19/09/2025
R300055,T1196993,,119629.0,SKU100552,quality,191.3,card,30-Sep-2024
R300056,T1038325,,103942.0,SKU100150,other,148.22,card,25-09-2024 00:00:00
R300057,T1145114,,119922.0,SKU100546,wrong item,102.06,cash,08/13/2025
R300058,T1133716,,105629.0,SKU100254,wrong item,275.71,card,29-Jul-2024
R300059,T1153468,,110875.0,SKU100122,other,130.88,UPI,01-06-2025 00:00:00
R300060,T1083013,2024-02-10,100262.0,SKU100590,quality,22.92,card,10/02/2024
R300061,T1003993,,102975.0,SKU100589,damaged,148.61,card,2024-11-20
R300062,T1168168,,108713.0,SKU100534,other,117.89,cash,04/19/2024
R300063,T1138110,,116199.0,SKU100146,other,128.47,card,01-11-2025 00:00:00
R300064,T1087353,,116550.0,SKU100572,other,120.43,card,2025-04-14
R300065,T1098212,,102443.0,SKU100320,other,351.77,UPI,19-06-2025 00:00:00
R300066,T1099489,,100224.0,SKU100326,other,185.25,card,06/24/2024
R300067,T1131598,,114859.0,SKU100422,wrong item,4.23,cash,04/26/2025
R300068,T1143612,,105705.0,SKU100485,damaged,378.31,cash,13 Apr 2024
R300069,T1163123,,112151.0,SKU100146,wrong item,254.63,card,22 May 2024
R300070,T1041690,,116945.0,SKU100193,other,73.87,cash,01/19/2024
R300071,T1196838,2025-01-01,112994.0,SKU100554,other,325.87,cash,01/01/2025
R300072,T1017005,2024-09-04,115476.0,SKU100037,quality,42.91,card,04/09/2024
R300073,T1191327,2025-02-27,102453.0,SKU100502,other,239.62,UPI,27/02/2025
R300074,T1153201,2024-10-08,115174.0,SKU100344,damaged,222.52,card,08/10/2024
R300075,T10000074,2025-07-24,107531.0,SKU100196,other,62.39,card,24/07/2025
R300076,T1114401,,106445.0,SKU100580,damaged,228.08,cash,2025-08-19
R300077,T1138642,,100649.0,SKU100010,wrong item,75.3,cash,20-Dec-2024
R300078,T1016030,,103341.0,SKU100250,wrong item,83.62,card,2025/03/03
R300079,T1061050,2024-03-10,104327.0,SKU100493,damaged,401.75,cash,10/03/2024
R300080,T1015405,,119092.0,SKU100047,other,196.12,cash,21-Oct-2025
R300081,T1014569,,118627.0,SKU100127,quality,16.37,UPI,2024/06/19
R300082,T1041541,,104387.0,SKU100062,quality,293.93,cash,13-Oct-2025
R300083,T1044775,,104118.0,SKU100336,quality,144.28,card,06-03-2025 00:00:00
R300084,T1108196,2025-11-25,107997.0,SKU100125,quality,85.85,cash,25/11/2025
R300085,T1045615,,117709.0,SKU100559,wrong item,15.41,UPI,2025/05/19
R300086,T1011433,,119566.0,SKU100287,quality,140.85,cash,05/17/2025
R300087,T1068091,,118146.0,SKU100039,other,162.85,card,04-08-2024 00:00:00
R300088,T1009641,,114696.0,SKU100071,wrong item,334.48,UPI,11/23/2024
R300089,T1045796,,105396.0,SKU100221,wrong item,30.6,UPI,13 Nov 2025
R300090,T1064891,,119035.0,SKU100423,wrong item,153.76,UPI,2025-08-16
R300091,T1032640,,111808.0,SKU100279,quality,200.97,UPI,14-12-2025 00:00:00
R300092,T1173608,2025-09-02,105482.0,SKU100146,other,194.01,cash,02/09/2025
R300093,T1064106,2024-08-08,103350.0,SKU100386,wrong item,285.85,cash,08/08/2024
R300094,T1107598,,117791.0,SKU100072,other,96.74,UPI,26-09-2025 00:00:00
R300095,T1132499,,103061.0,SKU100577,wrong item,103.81,cash,2025-03-23
R300096,T1040355,2024-11-27,105350.0,SKU100447,quality,247.57,card,27/11/2024
R300097,T1026472,2024-11-13,101446.0,SKU100526,wrong item,433.96,UPI,13/11/2024
R300098,T1106027,,100194.0,SKU100435,quality,50.79,UPI,22-Apr-2024
R300099,T1095430,,114165.0,SKU100475,other,139.62,UPI,27-Feb-2024
R300100,T1026127,,107042.0,SKU100090,wrong item,96.51,UPI,21 Jan 2024
R300101,T1118481,2025-01-05,114644.0,SKU100326,wrong item,72.61,cash,05/01/2025
R300102,T1093252,2024-07-08,115891.0,SKU100091,wrong item,276.89,cash,08/07/2024
R300103,T1122914,,106498.0,SKU100484,wrong item,130.02,cash,2025-11-23
R300104,T1095173,,108214.0,SKU100413,other,6.6,UPI,02 Aug 2024
R300105,T1017370,,112514.0,SKU100083,quality,184.71,card,2024-06-30
R300106,T1076092,,119859.0,SKU100133,damaged,228.23,UPI,2024-08-25
R300107,T1118588,2025-03-04,119522.0,SKU100591,damaged,214.78,card,04/03/2025
R300108,T1089112,,115114.0,SKU100397,damaged,390.92,card,2025/03/31
R300109,T1128232,,105807.0,SKU100252,wrong item,250.1,card,27-11-2025 00:00:00
R300110,T10000109,,114141.0,SKU100058,other,176.62,cash,18 Mar 2024
R300111,T1147806,2024-06-04,117134.0,SKU100582,other,40.76,cash,04/06/2024
R300112,T1001198,,100367.0,SKU100237,damaged,218.54,UPI,2025-09-06
R300113,T1102606,,102322.0,SKU100453,other,159.93,UPI,2025/10/29
R300114,T1079208,,109991.0,SKU100478,wrong item,107.51,cash,22-Oct-2025
R300115,T1032390,,113240.0,SKU100168,wrong item,259.14,cash,09-09-2024 00:00:00
R300116,T1050490,,111183.0,SKU100231,wrong item,123.06,card,2025-11-10
R300117,T1105818,2024-08-07,113545.0,SKU100573,wrong item,291.34,UPI,07/08/2024
R300118,T1134110,,103022.0,SKU100137,damaged,342.62,card,2025/03/20
R300119,T1158126,,103976.0,SKU100418,other,127.86,UPI,2025/10/27
R300120,T1014715,2025-01-15,103727.0,SKU100187,wrong item,45.14,cash,15/01/2025
R300121,T1150569,,106053.0,SKU100257,damaged,357.23,cash,10/29/2024
R300122,T1086880,,118073.0,SKU100376,quality,118.8,cash,07-Dec-2024
R300123,T1165935,,111396.0,SKU100246,quality,261.66,UPI,03-Apr-2024
R300124,T1155097,,109486.0,SKU100377,quality,176.21,UPI,09 Jul 2025
R300125,T1110950,,111558.0,SKU100321,quality,172.93,card,08-05-2024 00:00:00
R300126,T1177841,,116746.0,SKU100269,other,245.66,card,05-01-2024 00:00:00
R300127,T1079830,,118396.0,SKU100061,wrong item,63.59,card,2025/06/03
R300128,T1058915,2025-10-20,103300.0,SKU100312,damaged,7.57,cash,20/10/2025
R300129,T1041848,,107352.0,SKU100387,other,269.79,UPI,2025/07/27
R300130,T1118483,,108762.0,SKU100515,other,208.85,card,2025/03/09
R300131,T1167624,,100059.0,SKU100062,quality,161.53,UPI,04/28/2024
R300132,T1123269,,103582.0,SKU100100,damaged,64.14,cash,08-Apr-2024
R300133,T1038289,,102752.0,SKU100299,quality,35.58,UPI,17 Mar 2024
R300134,T1024255,,104333.0,SKU100410,other,174.45,cash,2024-07-05
R300135,T1170239,2025-05-12,106675.0,SKU100436,quality,190.35,cash,12/05/2025
R300136,T1133536,,101280.0,SKU100321,quality,194.89,UPI,05/31/2024
R300137,T1190871,,118156.0,SKU100297,other,232.33,card,02/17/2025
R300138,T1165166,2024-12-24,113325.0,SKU100358,wrong item,134.01,UPI,24/12/2024
R300139,T10000138,,107553.0,SKU100184,wrong item,316.04,card,25-Dec-2025
R300140,T1027367,,102813.0,SKU100498,wrong item,319.92,cash,2024-05-10
R300141,T1049670,,115806.0,SKU100019,other,224.62,card,2024-10-21
R300142,T1127967,,101666.0,SKU100382,wrong item,175.9,cash,13 Feb 2025
R300143,T1039131,,103685.0,SKU100171,damaged,234.57,cash,29-May-2024
R300144,T1056534,,113045.0,SKU100524,damaged,238.6,card,2024-01-22
R300145,T1197900,,110146.0,SKU100425,other,167.13,UPI,2024-09-26
R300146,T1022084,,103516.0,SKU100248,damaged,48.98,UPI,09/16/2025
R300147,T1153787,2025-01-06,108759.0,SKU100207,damaged,425.31,cash,06/01/2025
R300148,T1134353,2025-02-27,115695.0,SKU100027,wrong item,321.86,UPI,27/02/2025
R300149,T1127390,,116127.0,SKU100176,damaged,361.85,cash,17-01-2024 00:00:00
R300150,T1029350,2025-05-27,112391.0,SKU100031,damaged,204.34,UPI,27/05/2025
R300151,T1111025,2025-03-06,114499.0,SKU100418,damaged,159.0,UPI,06/03/2025
R300152,T1016669,,114333.0,SKU100476,wrong item,27.74,UPI,12/24/2024
R300153,T1052929,,102860.0,SKU100414,damaged,48.45,cash,2025-05-11
R300154,T1098779,,115838.0,SKU100209,quality,404.05,cash,08/25/2024
R300155,T1158277,2025-12-28,108332.0,SKU100055,damaged,28.1,cash,28/12/2025
R300156,T1132937,,119347.0,SKU100236,wrong item,246.12,UPI,11/27/2024
R300157,T1063130,2024-12-23,117391.0,SKU100059,other,43.46,card,23/12/2024
R300158,T1131782,,106519.0,SKU100445,wrong item,29.05,card,29-05-2024 00:00:00
R300159,T1146413,,113155.0,SKU100293,other,358.96,UPI,21-Aug-2024
R300160,T1197818,,103426.0,SKU100521,wrong item,58.98,cash,28-08-2025 16:35:47
R300161,T1167137,2024-07-31,105583.0,SKU100254,wrong item,11.92,card,31/07/2024
R300162,T1119947,,117643.0,SKU100172,quality,161.12,cash,2024/05/19
R300163,T1011372,,112539.0,SKU100532,damaged,65.21,UPI,01-06-2025 00:00:00
R300164,T1004878,2024-11-17,114643.0,SKU100390,other,176.89,card,17/11/2024
R300165,T1020314,,104489.0,SKU100066,other,192.33,card,31-May-2024
R300166,T1198054,,108405.0,SKU100295,wrong item,0.35,card,2024-12-24
R300167,T1016157,,107724.0,SKU100566,other,263.99,cash,2024-08-25
R300168,T1127526,,115054.0,SKU100306,other,264.12,UPI,10-Oct-2024
R300169,T1079375,,109036.0,SKU100155,other,28.7,cash,12-Apr-2024
R300170,T1152752,,116954.0,SKU100213,quality,250.31,card,2024/10/20
R300171,T1075612,,104928.0,SKU100579,quality,225.65,cash,11 Oct 2024
R300172,T1081605,,105428.0,SKU100239,damaged,145.82,UPI,2024/01/21
R300173,T1165525,,116540.0,SKU100199,wrong item,223.67,card,05/17/2024
R300174,T1044431,,108910.0,SKU100546,quality,53.95,UPI,2025/10/06
R300175,T1109083,,110841.0,SKU100523,other,113.06,UPI,2025/08/05
R300176,T1052649,,112299.0,SKU100440,wrong item,246.92,cash,09/17/2024
R300177,T1192477,,112709.0,SKU100003,wrong item,181.23,card,2024/11/23
R300178,T1054514,,113338.0,SKU100519,other,12.44,card,04/16/2024
R300179,T1001460,,106176.0,SKU100458,damaged,149.17,UPI,2024-12-04
R300180,T10000179,,107921.0,SKU100091,wrong item,127.65,card,11 Apr 2025
R300181,T1105744,,106341.0,SKU100397,wrong item,232.22,cash,21-Jul-2025
R300182,T1092220,,113926.0,SKU100115,damaged,257.43,cash,30-Apr-2024
R300183,T1167242,2024-10-16,101221.0,SKU100221,other,75.28,cash,16/10/2024
R300184,T1175675,,108866.0,SKU100087,other,119.37,UPI,10-Jan-2024
R300185,T1022241,2025-09-27,102201.0,SKU100449,damaged,239.55,card,27/09/2025
R300186,T1057378,2025-01-25,106594.0,SKU100129,wrong item,246.88,card,25/01/2025
R300187,T1037207,,105752.0,SKU100138,wrong item,121.15,card,2025/08/13
R300188,T1177088,,111254.0,SKU100047,wrong item,225.55,card,2025-06-24
R300189,T1069616,,100383.0,SKU100227,damaged,22.4,card,27 Apr 2025
R300190,T1054540,,111938.0,SKU100458,damaged,179.26,card,2025-11-06
R300191,T1010612,2025-01-21,101582.0,SKU100100,quality,90.14,card,21/01/2025
R300192,T10000191,,115854.0,SKU100009,other,147.57,UPI,10 Aug 2024
R300193,T10000192,,108246.0,SKU100265,wrong item,210.91,cash,11-Aug-2024
R300194,T1158724,,106643.0,SKU100157,quality,276.54,UPI,02-Oct-2025
R300195,T1018167,,104764.0,SKU100263,wrong item,296.61,UPI,26 Jan 2025
R300196,T1049419,,103086.0,SKU100428,wrong item,10.86,UPI,2024-07-22
R300197,T1109284,,118379.0,SKU100217,other,353.16,UPI,20-Feb-2024
R300198,T1079965,,111549.0,SKU100341,damaged,120.79,card,05-Jun-2025
R300199,T1195485,,115716.0,SKU100410,wrong item,209.39,UPI,11/17/2024
R300200,T1163510,,119592.0,SKU100469,damaged,248.47,UPI,13-09-2024 00:00:00
R300201,T1104599,,118907.0,SKU100319,damaged,231.87,UPI,2024/02/18
R300202,T1184445,,103731.0,SKU100085,damaged,16.13,UPI,07-03-2025 00:00:00
R300203,T1025760,,107216.0,SKU100121,wrong item,179.17,UPI,07-08-2024 00:00:00
R300204,T1079739,,111988.0,SKU100374,wrong item,35.73,UPI,2024-07-25
R300205,T1193241,2025-02-11,113964.0,SKU100137,other,236.57,cash,11/02/2025
R300206,T1120162,,112048.0,SKU100223,wrong item,25.57,UPI,25-10-2024 00:00:00
R300207,T1088497,,115752.0,SKU100444,damaged,91.73,card,2025/12/14
R300208,T1028016,,113475.0,SKU100193,damaged,38.89,UPI,12-01-2024 08:11:51
R300209,T1153435,,119232.0,SKU100543,damaged,78.48,UPI,19 Aug 2024
R300210,T1029541,,111000.0,SKU100257,damaged,54.67,cash,06-08-2024 00:00:00
R300211,T1103262,2024-08-17,118733.0,SKU100233,quality,28.04,UPI,17/08/2024
R300212,T1136812,,100168.0,SKU100476,wrong item,186.31,card,05/23/2024
R300213,T1070145,,114583.0,SKU100065,other,248.89,cash,11 Jul 2025
R300214,T1137664,,119622.0,SKU100059,damaged,352.26,UPI,2025/10/11
R300215,T1168081,,105542.0,SKU100520,damaged,283.36,UPI,2024-08-06
R300216,T1062366,,103980.0,SKU100137,wrong item,118.4,cash,2024/04/16
R300217,T1176014,,119272.0,SKU100342,other,52.04,card,07 Oct 2025
R300218,T1033065,2025-11-11,116272.0,SKU100381,quality,234.03,UPI,11/11/2025
R300219,T1139126,2025-02-03,116260.0,SKU100024,damaged,228.51,card,03/02/2025
R300220,T1144559,,109001.0,SKU100242,damaged,277.49,card,02-06-2024 10:37:18
R300221,T1169603,,114993.0,SKU100173,damaged,58.59,cash,13 Jul 2024
R300222,T1139265,2025-02-08,101874.0,SKU100181,damaged,352.34,UPI,08/02/2025
R300223,T1085345,,107704.0,SKU100195,damaged,218.92,cash,21-12-2024 12:05:01
R300224,T1105992,2025-07-31,,SKU100385,other,183.23,card,31/07/2025
R300225,T1127751,2025-03-07,117015.0,SKU100191,wrong item,248.62,card,07/03/2025
R300226,T1072158,,114574.0,SKU100373,damaged,251.92,cash,03/13/2025
R300227,T1157156,,108378.0,SKU100541,quality,125.34,UPI,2025/11/26
R300228,T1112897,,109026.0,SKU100484,damaged,96.69,UPI,21-01-2024 00:00:00
R300229,T1033524,,116716.0,SKU100054,other,246.0,cash,2025/05/24
R300230,T1147050,,106730.0,SKU100324,damaged,438.51,card,2024/08/31
R300231,T1033304,,118115.0,SKU100596,damaged,265.56,cash,22 Oct 2025
R300232,T1051560,,103236.0,SKU100026,damaged,102.39,cash,2025-04-12
R300233,T1026244,2025-12-25,110135.0,SKU100149,quality,335.32,cash,25/12/2025
R300234,T1120684,2024-06-02,110151.0,SKU100434,other,84.48,cash,02/06/2024
R300235,T1152296,,114301.0,SKU100532,damaged,363.59,card,2024-07-29
R300236,T1182711,,100050.0,SKU100550,other,113.12,cash,2024-12-08
R300237,T10000236,,102640.0,SKU100396,damaged,324.72,card,19-Oct-2024
R300238,T1106359,2024-11-19,107873.0,SKU100429,other,215.44,card,19/11/2024
R300239,T1137703,,105978.0,SKU100380,wrong item,204.89,card,2025/04/10
R300240,T10000239,,104104.0,SKU100077,damaged,250.02,cash,2025-01-06
R300241,T1030798,,,SKU100517,damaged,8.73,cash,29 May 2024
R300242,T1103168,2024-03-17,104378.0,SKU100256,wrong item,184.25,cash,17/03/2024
R300243,T1054388,,118290.0,SKU100575,quality,201.65,card,19 Nov 2025
R300244,T1079306,2024-10-11,116967.0,SKU100179,damaged,160.97,card,11/10/2024
R300245,T1137166,,114986.0,SKU100058,quality,218.08,cash,03-May-2025
R300246,T1191147,,101025.0,SKU100403,damaged,299.93,card,13-09-2025 00:00:00
R300247,T1168670,,111672.0,SKU100141,wrong item,103.25,card,13 May 2025
R300248,T1026219,,107470.0,SKU100248,wrong item,188.43,UPI,23-Aug-2025
R300249,T1032675,,112409.0,SKU100502,wrong item,325.16,card,07 Aug 2025
R300250,T1078824,,107472.0,SKU100176,wrong item,207.45,cash,2024/10/16
R300251,T1190374,2024-06-02,108129.0,SKU100300,wrong item,200.85,card,02/06/2024
R300252,T1038794,,102829.0,SKU100186,other,277.48,UPI,09 Feb 2025
R300253,T1136640,,110549.0,SKU100047,wrong item,88.64,cash,07-11-2025 14:06:39
R300254,T1043469,2025-05-04,117162.0,SKU100193,other,229.05,UPI,04/05/2025
R300255,T1112702,,119560.0,SKU100546,wrong item,232.85,card,31-Mar-2024
R300256,T1145802,,101481.0,SKU100253,quality,109.96,cash,07-08-2025 00:00:00
R300257,T1023777,,113277.0,SKU100100,damaged,19.52,cash,02-03-2024 00:00:00
R300258,T1110355,,117214.0,SKU100069,other,266.93,UPI,29-09-2025 00:00:00
R300259,T1111657,,106357.0,SKU100349,other,189.11,card,16-Jan-2025
R300260,T1137675,,115550.0,SKU100184,other,64.03,UPI,2025/04/05
R300261,T1045648,,113262.0,SKU100440,wrong item,315.74,UPI,2025-12-14
R300262,T1093631,,119176.0,SKU100152,other,76.05,UPI,25-Feb-2024
R300263,T1140023,,102265.0,SKU100563,other,277.66,card,26 Jun 2024
R300264,T1165808,,106625.0,SKU100175,other,17.21,UPI,2024/05/10
R300265,T1167247,,115731.0,SKU100365,wrong item,111.19,cash,2024/11/24
R300266,T1052965,2024-01-24,118601.0,SKU100244,damaged,201.53,UPI,24/01/2024
R300267,T1182390,,104295.0,SKU100248,quality,198.15,card,2025-12-26
R300268,T10000267,,114194.0,SKU100569,wrong item,107.83,cash,21 Jul 2025
R300269,T1098793,2024-09-06,102238.0,SKU100589,other,63.64,cash,06/09/2024
R300270,T1170531,,115070.0,SKU100216,wrong item,10.67,card,09-Oct-2025
R300271,T1008312,2025-07-10,115127.0,SKU100544,quality,204.76,UPI,10/07/2025
R300272,T1126516,,100340.0,SKU100441,other,54.42,cash,2024/11/02
R300273,T1159294,,118740.0,SKU100046,quality,228.52,card,2025/12/07
R300274,T1055123,2025-04-22,117273.0,SKU100408,other,47.14,cash,22/04/2025
R300275,T1111708,,119049.0,SKU100089,wrong item,129.25,card,17 Jul 2025
R300276,T1107649,,104212.0,SKU100363,other,175.84,card,03/21/2024
R300277,T1106721,,115030.0,SKU100299,quality,34.86,cash,2024/06/25
R300278,T1177133,,106603.0,SKU100174,damaged,184.29,UPI,2025-06-08
R300279,T1065495,,111778.0,SKU100261,damaged,176.08,card,2024-10-26
R300280,T1078537,,101114.0,SKU100026,quality,335.42,card,2024-04-17
R300281,T1168086,,116349.0,SKU100091,quality,134.32,cash,02-Jan-2024
R300282,T1009758,2024-04-24,107657.0,SKU100466,other,76.39,UPI,24/04/2024
R300283,T1090830,,112566.0,SKU100322,damaged,203.92,cash,01-Mar-2024
R300284,T1002848,,110680.0,SKU100454,wrong item,100.47,card,2024/06/08
R300285,T1161267,,108533.0,SKU100207,quality,278.41,UPI,2024-03-06
R300286,T1147035,2025-09-08,101066.0,SKU100543,damaged,1.58,UPI,08/09/2025
R300287,T1051118,,110342.0,SKU100436,other,280.85,card,2025/05/30
R300288,T1193349,,110630.0,SKU100491,quality,29.43,cash,28-Jan-2024
R300289,T1107477,,106467.0,SKU100272,wrong item,38.21,UPI,2024/12/19
R300290,T1022143,2024-10-07,106559.0,SKU100297,other,170.81,UPI,07/10/2024
R300291,T1090417,,101342.0,SKU100023,quality,57.47,UPI,2025/04/18
R300292,T1053578,,111100.0,SKU100248,other,21.9,card,2024-10-24
R300293,T10000292,2024-04-23,115791.0,SKU100378,quality,127.44,card,23/04/2024
R300294,T1181535,,110650.0,SKU100599,damaged,145.6,cash,2025/11/17
R300295,T1091100,2024-07-04,110693.0,SKU100293,damaged,47.5,cash,04/07/2024
R300296,T1112282,,103555.0,SKU100544,other,85.19,card,29-Aug-2024
R300297,T1196419,,114102.0,SKU100387,damaged,73.69,UPI,2024-01-24
R300298,T1182632,,102599.0,SKU100356,damaged,0.76,UPI,02/13/2024
R300299,T1195986,,118068.0,SKU100492,damaged,254.2,cash,2025-12-09
R300300,T1124239,,100089.0,SKU100539,wrong item,146.13,cash,12-Apr-2024
R300301,T1083123,,107913.0,SKU100473,quality,4.46,UPI,2024/03/10
R300302,T10000301,,,SKU100343,other,347.02,card,2024-01-18
R300303,T1089821,,118924.0,SKU100302,wrong item,239.87,UPI,2024-04-17
R300304,T1136496,,109018.0,SKU100218,other,236.94,card,2024/07/24
R300305,T1119690,,112020.0,SKU100584,other,215.32,cash,2025-12-26
R300306,T1076540,2025-02-22,108550.0,SKU100504,wrong item,37.96,UPI,22/02/2025
R300307,T10000306,,115125.0,SKU100056,damaged,79.87,cash,01-May-2024
R300308,T1036948,,106484.0,SKU100326,other,286.74,cash,2025-10-07
R300309,T1067355,2025-11-11,115614.0,SKU100549,wrong item,30.04,UPI,11/11/2025
R300310,T1018569,2024-04-02,115471.0,SKU100173,damaged,155.2,UPI,02/04/2024
R300311,T1025008,,106334.0,SKU100135,other,141.48,card,2025/07/08
R300312,T1076474,,114211.0,SKU100006,other,165.89,UPI,28 Jan 2025
R300313,T1164017,,116252.0,SKU100063,damaged,502.96,UPI,24 Jul 2024
R300314,T1174035,2025-02-01,116941.0,SKU100258,wrong item,242.46,UPI,01/02/2025
R300315,T1032546,,119121.0,SKU100061,wrong item,21.04,cash,20-10-2025 00:00:00
R300316,T1163376,2025-03-04,116336.0,SKU100410,damaged,197.18,cash,04/03/2025
R300317,T1029426,,115166.0,SKU100129,damaged,65.54,cash,15-10-2025 00:00:00
R300318,T1079554,2024-06-11,106595.0,SKU100494,other,41.52,card,11/06/2024
R300319,T1061823,,105633.0,SKU100278,wrong item,239.54,cash,20 Feb 2024
R300320,T10000319,,108824.0,SKU100135,damaged,178.93,UPI,2025-07-05
R300321,T1048128,,100885.0,SKU100585,other,93.63,cash,09 Mar 2024
R300322,T1019698,,114070.0,SKU100153,wrong item,236.79,cash,06-07-2025 00:00:00
R300323,T1009956,2024-06-25,118187.0,SKU100221,other,244.15,card,25/06/2024
R300324,T1092294,,119826.0,SKU100494,other,353.96,cash,2024-11-01
R300325,T1143724,,108608.0,SKU100490,quality,113.66,cash,2024-05-19
R300326,T1035633,,104405.0,SKU100087,damaged,111.32,card,08-10-2024 20:27:57
R300327,T1013297,,102885.0,SKU100130,quality,214.53,card,2025/04/18
R300328,T1096503,,116350.0,SKU100297,quality,63.73,UPI,2025/09/11
R300329,T1153470,,110303.0,SKU100111,other,318.52,UPI,2025/01/27
R300330,T1137194,2025-07-10,102439.0,SKU100420,wrong item,61.28,cash,10/07/2025
R300331,T1000981,,104037.0,SKU100173,other,177.76,UPI,31-07-2025 00:00:00
R300332,T1175929,,118248.0,SKU100311,damaged,3.82,card,23 Oct 2024
R300333,T1133718,2025-09-06,107513.0,SKU100325,wrong item,69.07,cash,06/09/2025
R300334,T1178759,,101825.0,SKU100401,other,302.45,UPI,2025-05-15
R300335,T1136863,,113757.0,SKU100576,other,157.65,UPI,12 Nov 2025
R300336,T1110753,,114289.0,SKU100534,other,140.88,card,09-02-2025 13:36:00
R300337,T1165960,,100565.0,SKU100021,damaged,68.33,cash,03 May 2025
R300338,T1164967,,101756.0,SKU100378,wrong item,4.01,cash,04-Sep-2024
R300339,T1000661,,114248.0,SKU100149,wrong item,192.61,cash,2025/06/10
R300340,T1089594,,100742.0,SKU100399,other,94.41,cash,13-01-2024 00:00:00
R300341,T1156015,,103053.0,SKU100122,damaged,127.25,card,2025-08-16
R300342,T1132731,,117756.0,SKU100479,other,110.09,UPI,06 Apr 2024
R300343,T1181982,,107388.0,SKU100365,damaged,132.64,UPI,14-02-2025 00:00:00
R300344,T1126962,,116331.0,SKU100483,quality,127.85,card,23-03-2025 00:00:00
R300345,T1022082,,112593.0,SKU100403,other,104.34,cash,03/16/2024
R300346,T1134392,,117231.0,SKU100308,other,245.43,card,2024-04-09
R300347,T10000346,,104405.0,SKU100256,damaged,208.88,cash,05/21/2025
R300348,T1037378,,119285.0,SKU100348,damaged,151.37,cash,2024/09/03
R300349,T1164865,,118220.0,SKU100493,quality,130.91,card,06-Jan-2024
R300350,T1098278,,104684.0,SKU100046,wrong item,165.38,UPI,11/25/2024
R300351,T1002901,2025-11-04,100298.0,SKU100591,other,230.61,UPI,04/11/2025
R300352,T1110143,2024-07-26,103831.0,SKU100031,damaged,4.85,UPI,26/07/2024
R300353,T1058477,,102212.0,SKU100006,wrong item,146.14,card,2024-01-04
R300354,T1111506,,103944.0,SKU100493,damaged,156.27,cash,18 Aug 2025
R300355,T1047733,,107677.0,SKU100301,wrong item,309.63,cash,2024-03-10
R300356,T1066375,,113110.0,SKU100434,wrong item,294.32,UPI,2024/05/27
R300357,T1174196,,111054.0,SKU100482,wrong item,95.51,UPI,2024/11/15
R300358,T1104233,2024-03-07,111881.0,SKU100301,damaged,433.41,card,07/03/2024
R300359,T1023260,2024-04-03,106046.0,SKU100519,other,241.52,UPI,03/04/2024
R300360,T1085821,,105336.0,SKU100289,quality,63.53,card,2025-06-13
R300361,T1190343,,114458.0,SKU100083,other,328.78,UPI,21 Jun 2024
R300362,T1129279,,100308.0,SKU100211,quality,369.36,cash,09/16/2025
R300363,T1090423,2025-06-17,108299.0,SKU100238,damaged,251.87,card,17/06/2025
R300364,T1176691,2024-03-03,108649.0,SKU100509,wrong item,75.5,card,03/03/2024
R300365,T1100347,,103790.0,SKU100082,wrong item,108.91,cash,05/21/2025
R300366,T1027480,,107757.0,SKU100520,wrong item,172.3,card,2025/10/07
R300367,T1020746,2025-11-09,115099.0,SKU100402,quality,308.9,UPI,09/11/2025
R300368,T1018952,,110935.0,SKU100344,damaged,240.18,cash,04 Dec 2024
R300369,T1066112,2025-12-05,100896.0,SKU100499,wrong item,30.71,cash,05/12/2025
R300370,T1047398,2025-11-03,118872.0,SKU100104,quality,31.9,UPI,03/11/2025
R300371,T1170895,,100599.0,SKU100365,wrong item,124.36,cash,05 Jul 2025
R300372,T1080339,,107152.0,SKU100020,quality,148.41,UPI,2024/04/20
R300373,T1089102,,119471.0,SKU100269,other,57.97,cash,13 Mar 2024
R300374,T1123240,,115245.0,SKU100355,other,58.71,cash,14 Jun 2025
R300375,T1043928,2025-09-22,119020.0,SKU100396,quality,227.57,UPI,22/09/2025
R300376,T1074264,,104757.0,SKU100287,wrong item,155.61,card,12/26/2024
R300377,T1085354,,107720.0,SKU100091,other,47.22,UPI,2024/03/31
R300378,T1046698,,105809.0,SKU100585,quality,231.32,cash,02/25/2024
R300379,T1123781,,112886.0,SKU100119,other,312.09,cash,2025-09-30
R300380,T1143323,,102838.0,SKU100234,wrong item,125.65,card,25 Jan 2024
R300381,T1007122,,117988.0,SKU100198,wrong item,230.65,cash,10 Jul 2025
R300382,T10000381,2024-12-05,119056.0,SKU100229,quality,239.12,UPI,05/12/2024
R300383,T1126481,,106357.0,SKU100487,wrong item,20.67,cash,12-Jun-2025
R300384,T1110799,,108913.0,SKU100137,quality,44.94,cash,21-Sep-2024
R300385,T1079410,,103424.0,SKU100037,other,180.04,UPI,01 May 2025
R300386,T1037154,,106773.0,SKU100174,other,74.7,card,30-12-2024 00:00:00
R300387,T1141375,,107629.0,SKU100033,other,237.29,card,01-12-2025 00:00:00
R300388,T1015337,,104157.0,SKU100510,other,175.6,card,22-Aug-2025
R300389,T1067939,,104127.0,SKU100228,damaged,350.73,cash,30 Dec 2025
R300390,T1132293,,113914.0,SKU100283,wrong item,117.81,UPI,2025/12/09
R300391,T1012859,,101674.0,SKU100140,damaged,316.11,UPI,20-Jul-2024
R300392,T1105186,,105399.0,SKU100325,quality,180.04,UPI,22-01-2025 23:25:28
R300393,T1079114,2024-05-12,110449.0,SKU100548,damaged,118.72,cash,12/05/2024
R300394,T1020744,,116443.0,SKU100098,other,163.68,cash,30-Aug-2024
R300395,T1003315,,104498.0,SKU100136,damaged,173.53,cash,12/20/2024
R300396,T1082083,,105629.0,SKU100366,damaged,189.74,cash,2024/12/27
R300397,T1067723,,103737.0,SKU100187,other,188.53,UPI,2024-12-25
R300398,T1100762,,108512.0,SKU100504,quality,187.9,card,11-Apr-2024
R300399,T1163524,,115554.0,SKU100370,damaged,58.25,card,2024-12-12
R300400,T1176987,,105514.0,SKU100552,quality,33.07,card,19 Nov 2025
R300401,T1147001,,114866.0,SKU100020,wrong item,444.8,card,31-03-2024 00:00:00
R300402,T1131535,,119808.0,SKU100548,damaged,117.69,UPI,22-Apr-2025
R300403,T1038634,,119569.0,SKU100278,quality,52.9,cash,2024-03-24
R300404,T1181940,,104645.0,SKU100376,wrong item,178.01,card,05 Oct 2024
R300405,T1190074,,103336.0,SKU100462,quality,159.57,UPI,04-Jul-2024
R300406,T1139573,,119668.0,SKU100305,quality,155.86,card,21-Jun-2024
R300407,T1180136,2025-03-07,104606.0,SKU100384,other,228.15,card,07/03/2025
R300408,T1146769,2024-01-27,110509.0,SKU100288,quality,112.6,card,27/01/2024
R300409,T1168365,2025-07-06,104259.0,SKU100308,other,330.94,UPI,06/07/2025
R300410,T1087755,2025-09-03,100989.0,SKU100322,damaged,200.08,cash,03/09/2025
R300411,T1039525,,113755.0,SKU100085,other,168.87,card,10 Jun 2025
R300412,T1057671,2024-07-16,107556.0,SKU100526,other,124.34,cash,16/07/2024
R300413,T1085433,,119041.0,SKU100594,damaged,156.25,card,2024/01/02
R300414,T1088416,,107841.0,SKU100440,quality,23.1,UPI,27-02-2024 19:21:52
R300415,T1111456,2025-07-02,112112.0,SKU100200,other,74.21,card,02/07/2025
R300416,T1111369,,102356.0,SKU100462,quality,158.21,UPI,26-05-2024 00:00:00
R300417,T1150874,,115145.0,SKU100550,wrong item,142.31,card,10-Nov-2025
R300418,T1137505,,105194.0,SKU100517,damaged,30.9,card,21 Feb 2025
R300419,T1074597,2024-09-01,108483.0,SKU100548,other,171.79,card,01/09/2024
R300420,T1157371,2024-03-09,116107.0,SKU100130,wrong item,107.45,card,09/03/2024
R300421,T1148282,,110526.0,SKU100125,quality,266.42,card,04/19/2024
R300422,T1102983,,111684.0,SKU100338,wrong item,173.35,UPI,2025/12/25
R300423,T1197014,,101201.0,SKU100232,wrong item,56.91,cash,2025-01-12
R300424,T1008157,,117324.0,SKU100199,quality,115.25,card,25 Apr 2024
R300425,T1027129,,103940.0,SKU100026,damaged,210.76,cash,2025-09-30
R300426,T1178868,,115254.0,SKU100338,quality,393.37,UPI,20-Jun-2024
R300427,T1093259,,101980.0,SKU100544,wrong item,54.06,card,13-Dec-2025
R300428,T1127862,,110326.0,SKU100589,other,368.22,cash,2025-09-18
R300429,T1159036,,117461.0,SKU100039,wrong item,198.7,card,16 Dec 2025
R300430,T1093036,,110481.0,SKU100368,other,287.45,UPI,2024/12/20
R300431,T1108571,,105233.0,SKU100478,other,165.77,UPI,21-07-2024 08:13:39
R300432,T1126979,2024-05-30,114374.0,SKU100456,quality,109.17,UPI,30/05/2024
R300433,T1189722,,113243.0,SKU100256,damaged,121.87,UPI,17-Sep-2025
R300434,T1116948,,107077.0,SKU100253,wrong item,184.49,cash,08/21/2025
R300435,T1153193,2025-11-05,102176.0,SKU100508,quality,99.65,cash,05/11/2025
R300436,T1036211,2025-07-10,114039.0,SKU100185,quality,194.24,UPI,10/07/2025
R300437,T1038962,,118339.0,SKU100124,other,175.57,UPI,2025/06/18
R300438,T1181854,,117508.0,SKU100153,other,83.17,cash,11-04-2024 04:47:01
R300439,T1186516,,106297.0,SKU100350,other,109.93,UPI,01 Apr 2024
R300440,T1057142,,104792.0,SKU100329,other,135.19,card,04-Sep-2024
R300441,T1092200,,118998.0,SKU100074,other,178.38,UPI,2025/08/02
R300442,T1128795,,114213.0,SKU100047,wrong item,458.31,UPI,09-10-2024 00:00:00
R300443,T1197724,2024-05-15,111055.0,SKU100158,other,106.25,card,15/05/2024
R300444,T1086002,2025-07-29,117187.0,SKU100317,other,127.84,UPI,29/07/2025
R300445,T1123355,,112693.0,SKU100246,quality,193.64,card,13-02-2025 00:00:00
R300446,T1053512,,101277.0,SKU100384,damaged,130.2,cash,17-Jun-2024
R300447,T1000872,,111913.0,SKU100132,other,70.26,UPI,2024/02/27
R300448,T1146913,2025-01-14,100035.0,SKU100486,wrong item,106.37,UPI,14/01/2025
R300449,T1160540,,119382.0,SKU100459,wrong item,330.01,card,17-12-2025 00:00:00
R300450,T1105112,,116163.0,SKU100301,other,243.12,cash,23 Feb 2025
R300451,T1007975,,115642.0,SKU100216,quality,10.18,UPI,01-Jul-2025
R300452,T1189743,2025-07-02,100359.0,SKU100252,quality,54.04,cash,02/07/2025
R300453,T1111486,,106093.0,SKU100345,other,180.3,cash,04-Sep-2025
R300454,T1047263,,109703.0,SKU100284,wrong item,68.12,card,23-Sep-2025
R300455,T1118231,,115114.0,SKU100548,quality,219.63,UPI,2024/03/02
R300456,T1129478,,106172.0,SKU100382,damaged,97.09,UPI,2025/05/15
R300457,T1076022,,104465.0,SKU100396,wrong item,47.16,UPI,21-Jan-2024
R300458,T1094240,,106314.0,SKU100046,wrong item,38.96,card,17 Sep 2024
R300459,T1183585,2025-03-11,101956.0,SKU100238,damaged,133.91,UPI,11/03/2025
R300460,T1105866,,108910.0,SKU100495,wrong item,130.42,cash,07/26/2025
R300461,T1079132,,114240.0,SKU100484,other,72.55,UPI,2025-11-29
R300462,T10000461,,116727.0,SKU100194,quality,182.56,UPI,27-Apr-2025
R300463,T1119538,2024-07-02,112937.0,SKU100147,other,205.33,card,02/07/2024
R300464,T1176807,2024-02-09,100277.0,SKU100219,other,137.73,cash,09/02/2024
R300465,T1108529,2025-06-02,108187.0,SKU100234,other,370.18,UPI,02/06/2025
R300466,T1147802,,100561.0,SKU100577,quality,401.33,card,12-01-2025 00:00:00
R300467,T1196432,,101600.0,SKU100317,wrong item,289.62,card,2024/01/07
R300468,T1024229,,108900.0,SKU100289,wrong item,2.03,card,06/21/2025
R300469,T1170027,,117985.0,SKU100377,damaged,213.4,card,2025-06-12
R300470,T1055663,,113988.0,SKU100526,quality,292.93,cash,2025-01-04
R300471,T1158453,,105341.0,SKU100300,other,43.88,cash,26 Apr 2024
R300472,T1160340,,113791.0,SKU100380,damaged,224.94,UPI,01-03-2024 17:59:06
R300473,T1118007,,105763.0,SKU100104,quality,225.28,UPI,12/28/2025
R300474,T1154075,,109600.0,SKU100231,quality,247.64,card,08/17/2025
R300475,T1188072,,105316.0,SKU100079,other,145.08,card,2025/10/11
R300476,T1009094,,116259.0,SKU100189,damaged,256.69,UPI,06/23/2025
R300477,T1149350,2025-05-30,101769.0,SKU100207,wrong item,308.61,UPI,30/05/2025
R300478,T10000477,,109723.0,SKU100010,damaged,101.37,UPI,2025-02-25
R300479,T1099593,,111511.0,SKU100288,quality,143.18,cash,25-06-2024 00:00:00
R300480,T1082051,,116899.0,SKU100554,other,259.41,cash,22-10-2025 00:00:00
R300481,T10000480,,114824.0,SKU100385,other,453.56,cash,2024-01-12
R300482,T1072508,,106948.0,SKU100201,wrong item,174.26,UPI,2025/07/31
R300483,T1027734,,103328.0,SKU100007,quality,393.07,UPI,01/19/2025
R300484,T1170095,,110205.0,SKU100481,quality,265.59,UPI,21 Apr 2024
R300485,T1049030,,105196.0,SKU100532,other,110.05,card,2024/02/27
R300486,T1165951,,109606.0,SKU100265,wrong item,507.13,cash,2025/04/13
R300487,T1177249,,105848.0,SKU100400,damaged,37.36,cash,30-09-2024 00:00:00
R300488,T10000487,2025-02-04,,SKU100586,damaged,426.21,UPI,04/02/2025
R300489,T1006999,2024-04-10,106103.0,SKU100428,damaged,165.32,UPI,10/04/2024
R300490,T1108963,,117714.0,SKU100582,other,145.13,UPI,14-Oct-2025
R300491,T1130121,,111949.0,SKU100551,wrong item,15.74,UPI,01-12-2025 00:00:00
R300492,T1076619,,117694.0,SKU100204,other,194.25,UPI,2024-10-13
R300493,T10000492,,103423.0,SKU100348,other,56.67,card,11-Jul-2025
R300494,T1090672,,,SKU100214,wrong item,191.75,card,02-02-2024 00:00:00
R300495,T1058030,,103541.0,SKU100392,wrong item,239.92,UPI,05-02-2024 00:00:00
R300496,T1063716,,112263.0,SKU100399,other,35.72,cash,20-08-2025 00:00:00
R300497,T1166439,,101344.0,SKU100388,other,90.32,UPI,13 Feb 2025
R300498,T1004877,,103617.0,SKU100095,wrong item,51.68,cash,18-04-2024 00:00:00
R300499,T1079802,2024-09-25,104320.0,SKU100556,damaged,225.83,cash,25/09/2024
R300500,T1184684,,102282.0,SKU100340,quality,58.11,cash,28 Oct 2025
R300501,T1026153,2024-05-01,119771.0,SKU100362,other,167.06,card,01/05/2024
R300502,T1077704,,101264.0,SKU100436,wrong item,379.6,card,23-09-2024 00:00:00
R300503,T1149829,2025-12-14,114712.0,SKU100590,quality,222.73,cash,14/12/2025
R300504,T1042290,,111974.0,SKU100424,damaged,184.68,cash,2025/09/10
R300505,T1175417,,112628.0,SKU100423,damaged,53.58,card,29-08-2024 00:00:00
R300506,T1156945,2024-11-24,104634.0,SKU100477,wrong item,213.38,card,24/11/2024
R300507,T1109169,,116114.0,SKU100512,damaged,116.31,card,07-May-2024
R300508,T10000507,,104114.0,SKU100150,quality,227.25,cash,2024-04-23
R300509,T1029716,,112515.0,SKU100184,quality,164.99,card,31 May 2025
R300510,T1096945,,105607.0,SKU100258,wrong item,60.35,UPI,12 Apr 2025
R300511,T1097532,2025-09-11,106303.0,SKU100571,other,123.3,card,11/09/2025
R300512,T1122135,,119883.0,SKU100332,other,166.29,cash,20-Apr-2024
R300513,T1162683,,100231.0,SKU100240,damaged,96.08,card,2024-10-31
R300514,T1078069,,103207.0,SKU100072,quality,22.08,card,2024-01-20
R300515,T1071773,,107097.0,SKU100044,quality,66.47,cash,26-Mar-2024
R300516,T1126518,2024-09-21,116217.0,SKU100252,damaged,114.31,card,21/09/2024
R300517,T1093170,2025-06-04,100722.0,SKU100145,damaged,200.82,card,04/06/2025
R300518,T1114142,,107221.0,SKU100195,damaged,272.8,cash,2025-05-07
R300519,T1042907,2025-10-07,106276.0,SKU100032,wrong item,62.89,card,07/10/2025
R300520,T1179741,,115206.0,SKU100494,quality,93.26,cash,25 Apr 2024
R300521,T1085142,,100785.0,SKU100256,damaged,25.46,card,28-Jul-2025
R300522,T1148430,,110189.0,SKU100368,quality,210.36,UPI,11-11-2025 00:00:00
R300523,T1190957,,111617.0,SKU100155,damaged,111.77,UPI,26-07-2025 00:00:00
R300524,T1090702,,108249.0,SKU100084,damaged,193.78,cash,12 May 2025
R300525,T1163472,,116291.0,SKU100152,damaged,316.8,UPI,25-07-2024 00:00:00
R300526,T1086079,,107417.0,SKU100540,quality,137.3,card,10/16/2025
R300527,T1066531,,108823.0,SKU100329,other,355.66,card,14-01-2024 00:00:00
R300528,T1053959,2025-12-26,112182.0,SKU100512,damaged,233.1,card,26/12/2025
R300529,T1047806,,111454.0,SKU100509,quality,4.49,cash,15-05-2025 13:46:09
R300530,T1017726,,108822.0,SKU100243,other,169.71,cash,22-Dec-2025
R300531,T10000530,,110951.0,SKU100062,damaged,309.37,cash,2024/09/10
R300532,T1165065,,119883.0,SKU100055,damaged,146.76,cash,05 Jan 2025
R300533,T1014152,2024-06-11,102611.0,SKU100178,wrong item,264.92,UPI,11/06/2024
R300534,T1026783,2024-05-05,101386.0,SKU100582,damaged,151.92,card,05/05/2024
R300535,T1092370,,115494.0,SKU100248,other,24.3,UPI,2025/10/31
R300536,T1147744,2025-04-02,113427.0,SKU100033,wrong item,328.14,card,02/04/2025
R300537,T1152692,,105841.0,SKU100008,damaged,318.27,UPI,07 Nov 2025
R300538,T1024298,,105615.0,SKU100220,damaged,100.36,UPI,27-Oct-2024
R300539,T1054450,,108213.0,SKU100232,wrong item,238.12,UPI,29 Aug 2024
R300540,T1123101,2025-07-07,109812.0,SKU100167,damaged,338.05,cash,07/07/2025
R300541,T1069138,,102962.0,SKU100400,damaged,192.07,UPI,09/26/2024
R300542,T1094536,,110384.0,SKU100393,wrong item,154.81,cash,2025/06/08
R300543,T10000542,2025-03-14,105814.0,SKU100167,wrong item,499.28,card,14/03/2025
R300544,T1024116,2025-06-03,116809.0,SKU100461,wrong item,187.53,UPI,03/06/2025
R300545,T1136611,,111654.0,SKU100589,quality,150.03,card,09-04-2024 00:00:00
R300546,T1105798,,114101.0,SKU100318,wrong item,272.41,UPI,13 Oct 2025
R300547,T1159565,,105025.0,SKU100293,damaged,139.53,UPI,06/24/2024
R300548,T1173153,2025-09-07,117054.0,SKU100564,quality,141.19,UPI,07/09/2025
R300549,T1087592,,117832.0,SKU100044,damaged,27.21,UPI,28-Jun-2024
R300550,T1145360,,118572.0,SKU100115,other,37.87,UPI,09 Oct 2025
R300551,T1116084,,110963.0,SKU100442,damaged,420.77,cash,25 Oct 2024
R300552,T1142717,,113554.0,SKU100111,damaged,225.33,card,2024-01-07
R300553,T1155470,,117049.0,SKU100366,wrong item,155.56,UPI,2024/12/09
R300554,T1084328,,112802.0,SKU100549,damaged,178.28,UPI,2024-02-06
R300555,T1094808,,118197.0,SKU100099,damaged,70.05,card,2024/07/10
R300556,T1023209,,107750.0,SKU100344,quality,350.64,card,2025-12-16
R300557,T1126970,,109062.0,SKU100475,damaged,330.69,cash,2024/08/20
R300558,T1101987,2025-08-10,115778.0,SKU100304,damaged,38.62,card,10/08/2025
R300559,T1139354,,118097.0,SKU100395,other,58.73,UPI,2025-09-24
R300560,T1006238,2024-09-15,106346.0,SKU100577,quality,8.28,cash,15/09/2024
R300561,T1032783,,112691.0,SKU100147,quality,193.4,UPI,07/14/2025
R300562,T1139864,,111589.0,SKU100295,quality,8.7,cash,20-04-2024 00:00:00
R300563,T10000562,,116162.0,SKU100359,other,143.78,card,2024-06-13
R300564,T1194676,,118380.0,SKU100116,damaged,223.05,card,24-Mar-2024
R300565,T1033094,,104976.0,SKU100439,other,26.47,card,07/22/2025
R300566,T1122492,,101667.0,SKU100111,other,430.89,card,11-05-2024 00:00:00
R300567,T1035242,,112527.0,SKU100530,quality,124.71,cash,2024-01-27
R300568,T1033577,2025-05-20,113889.0,SKU100384,wrong item,418.03,cash,20/05/2025
R300569,T1022791,,106617.0,SKU100530,damaged,54.89,card,15 Oct 2025
R300570,T1108562,2025-01-03,112028.0,SKU100468,other,161.08,UPI,03/01/2025
R300571,T1107571,,105927.0,SKU100268,quality,19.85,UPI,28-07-2025 00:00:00
R300572,T1006574,,118822.0,SKU100287,wrong item,78.29,cash,08/23/2024
R300573,T1152885,,111814.0,SKU100405,wrong item,74.55,card,18 Feb 2024
R300574,T1172645,,100568.0,SKU100425,quality,98.29,card,2024/02/13
R300575,T1127429,,117575.0,SKU100513,other,279.32,card,31-Dec-2025
R300576,T10000575,2025-10-29,110817.0,SKU100221,wrong item,146.78,card,29/10/2025
R300577,T1021437,,107204.0,SKU100569,other,5.2,cash,15-06-2024 00:00:00
R300578,T1049881,,109605.0,SKU100119,quality,215.56,card,2025-03-07
R300579,T1042987,2024-11-12,116231.0,SKU100339,quality,32.94,cash,12/11/2024
R300580,T1085534,,117284.0,SKU100321,quality,64.0,cash,09-02-2025 00:00:00
R300581,T1144729,,111376.0,SKU100409,quality,303.25,card,2025/04/22
R300582,T1134003,,116849.0,SKU100380,damaged,138.9,UPI,10-12-2025 00:00:00
R300583,T1029596,,113732.0,SKU100010,quality,86.62,UPI,2025-12-20
R300584,T1044740,,103115.0,SKU100286,wrong item,178.27,cash,2024-02-01
R300585,T1116203,,102531.0,SKU100591,quality,236.15,cash,2025-10-12
R300586,T1186604,,113627.0,SKU100005,damaged,159.74,card,2024-11-17
R300587,T1165688,,104756.0,SKU100164,other,43.92,card,2025/02/25
R300588,T1172540,,102415.0,SKU100083,quality,84.46,UPI,12-09-2025 00:00:00
R300589,T1176431,,108839.0,SKU100164,other,99.8,cash,23 Oct 2025
R300590,T1061566,,106412.0,SKU100016,damaged,51.48,UPI,03 Sep 2024
R300591,T1091203,,101753.0,SKU100058,wrong item,128.86,card,02-Mar-2024
R300592,T1157308,,104279.0,SKU100545,other,193.95,card,2025-11-29
R300593,T1132322,,119375.0,SKU100577,other,150.58,card,08-Nov-2024
R300594,T1166639,,119505.0,SKU100577,wrong item,58.35,UPI,2024-01-19
R300595,T1065641,2025-02-25,117164.0,SKU100481,other,134.92,card,25/02/2025
R300596,T10000595,,116516.0,SKU100145,other,286.81,UPI,2025-03-07
R300597,T1081506,,118685.0,SKU100270,damaged,264.55,UPI,2024-02-23
R300598,T1191452,,102660.0,SKU100360,quality,148.45,UPI,2024/10/08
R300599,T1101035,,108472.0,SKU100084,other,14.82,cash,14-08-2024 00:00:00
R300600,T1060679,2025-06-24,117593.0,SKU100278,damaged,204.49,cash,24/06/2025
R300601,T1182496,,105956.0,SKU100549,quality,59.63,card,27-03-2024 00:00:00
R300602,T1113132,2024-07-12,100760.0,SKU100474,other,89.98,cash,12/07/2024
R300603,T1072657,,112310.0,SKU100525,other,183.37,cash,06/13/2025
R300604,T1101004,,111049.0,SKU100499,damaged,276.0,UPI,06 May 2024
R300605,T1080175,,115106.0,SKU100146,wrong item,181.52,cash,2024/11/14
R300606,T1129850,,115215.0,SKU100458,other,210.05,UPI,2024-08-16
R300607,T1154119,,117192.0,SKU100103,damaged,185.5,card,12-09-2025 00:00:00
R300608,T1002304,,106289.0,SKU100465,other,79.55,UPI,2025/10/19
R300609,T1047904,,113371.0,SKU100561,other,255.73,card,2024-02-07
R300610,T1193673,,105054.0,SKU100174,damaged,318.43,card,04 Oct 2024
R300611,T1028877,,117966.0,SKU100534,other,272.46,cash,2025-11-11
R300612,T1074772,2024-11-05,102625.0,SKU100561,other,18.58,UPI,05/11/2024
R300613,T1179932,,104535.0,SKU100041,other,230.47,cash,23 Nov 2024
R300614,T1046060,,118398.0,SKU100264,other,296.87,cash,2024-08-31
R300615,T1145932,,107357.0,SKU100353,quality,173.97,cash,12/16/2024
R300616,T1195794,,104129.0,SKU100377,wrong item,141.4,cash,2025/08/31
R300617,T1044982,,108900.0,SKU100426,other,148.11,UPI,05-08-2025 00:00:00
R300618,T1084046,,111200.0,SKU100390,wrong item,340.91,cash,02/25/2025
R300619,T10000618,2024-06-06,110016.0,SKU100559,quality,42.38,card,06/06/2024
R300620,T1115878,,114853.0,SKU100413,wrong item,74.52,card,2024-10-04
R300621,T1151411,,107534.0,SKU100384,damaged,29.01,UPI,2024-07-24
R300622,T1075712,,118843.0,SKU100571,damaged,191.17,card,03/19/2024
R300623,T1054655,,111690.0,SKU100417,damaged,108.91,card,01/23/2024
R300624,T1190269,,109997.0,SKU100162,wrong item,60.51,card,29-02-2024 00:00:00
R300625,T1136631,,107050.0,SKU100310,damaged,251.2,card,28-Mar-2024
R300626,T1015178,,119325.0,SKU100436,quality,318.92,UPI,28-Jun-2025
R300627,T1089000,,103291.0,SKU100300,quality,197.36,UPI,06 Sep 2025
R300628,T1062432,,119269.0,SKU100370,other,65.6,card,05 Sep 2024
R300629,T1187847,2024-02-03,106959.0,SKU100027,quality,229.11,card,03/02/2024
R300630,T1110244,2024-09-08,108776.0,SKU100524,damaged,302.83,UPI,08/09/2024
R300631,T1144275,,101413.0,SKU100448,wrong item,324.25,card,17-Dec-2025
R300632,T1168709,2025-03-10,106369.0,SKU100326,other,51.26,card,10/03/2025
R300633,T1167768,,113280.0,SKU100213,damaged,234.65,card,02 Dec 2024
R300634,T1116305,,104599.0,SKU100270,other,42.08,card,19-11-2025 00:00:00
R300635,T1185216,2024-07-01,114161.0,SKU100530,other,298.39,UPI,01/07/2024
R300636,T1012198,2024-11-11,107617.0,SKU100420,wrong item,118.13,UPI,11/11/2024
R300637,T1044540,,102562.0,SKU100195,damaged,154.26,cash,2025-04-29
R300638,T1107486,,107539.0,SKU100222,other,109.76,card,13 Mar 2024
R300639,T1007342,,100375.0,SKU100239,other,267.4,cash,12-Mar-2024
R300640,T1099772,,118602.0,SKU100387,damaged,212.23,cash,20 Jun 2025
R300641,T1167103,,108163.0,SKU100494,damaged,109.69,cash,15-Jun-2024
R300642,T1105178,,107837.0,SKU100087,damaged,236.65,cash,01/28/2025
R300643,T10000642,2025-09-09,105928.0,SKU100290,damaged,377.09,card,09/09/2025
R300644,T1167755,,104831.0,SKU100328,wrong item,317.48,UPI,12/19/2025
R300645,T1199395,,101983.0,SKU100428,wrong item,4.72,UPI,07/16/2024
R300646,T1013974,,105096.0,SKU100090,damaged,53.24,card,09/22/2025
R300647,T1083195,2025-05-01,107394.0,SKU100333,other,75.34,cash,01/05/2025
R300648,T1155787,,101918.0,SKU100218,quality,177.57,card,09-01-2025 00:00:00
R300649,T10000648,,105209.0,SKU100006,wrong item,29.78,card,02-09-2024 00:00:00
R300650,T1015050,,102431.0,SKU100227,quality,199.26,card,04/22/2024
R300651,T1039506,,105681.0,SKU100175,quality,137.06,UPI,07-06-2025 00:00:00
R300652,T1136476,,102839.0,SKU100316,wrong item,7.53,card,14 Mar 2025
R300653,T1177885,,103413.0,SKU100062,other,173.63,UPI,06-03-2025 00:00:00
R300654,T1166665,,103473.0,SKU100533,wrong item,162.13,card,06/26/2025
R300655,T1133743,,107152.0,SKU100378,other,386.92,UPI,07-02-2024 16:25:56
R300656,T10000655,,108275.0,SKU100355,other,318.6,UPI,05/24/2024
R300657,T1013961,,106278.0,SKU100223,wrong item,15.83,card,2025/12/08
R300658,T1002098,,102102.0,SKU100463,wrong item,152.0,UPI,27 Jun 2024
R300659,T1115577,2024-07-12,111409.0,SKU100522,other,479.33,card,12/07/2024
R300660,T1075032,,105895.0,SKU100360,quality,92.02,card,10-Jul-2025
R300661,T1016290,,101437.0,SKU100491,other,108.76,cash,04-02-2025 00:00:00
R300662,T1146847,,106354.0,SKU100532,quality,57.9,UPI,08-Nov-2024
R300663,T1143802,2025-01-05,100546.0,SKU100333,quality,270.01,cash,05/01/2025
R300664,T1018954,2024-06-19,109223.0,SKU100135,other,192.57,cash,19/06/2024
R300665,T1178389,,114427.0,SKU100329,other,24.36,UPI,03/14/2024
R300666,T1147931,,101693.0,SKU100559,quality,391.34,card,15 Jul 2025
R300667,T1088784,,,SKU100178,damaged,183.83,cash,09 Aug 2024
R300668,T1088754,,117130.0,SKU100356,wrong item,219.77,cash,2024/12/15
R300669,T1174366,,101821.0,SKU100321,damaged,153.06,cash,2024-12-30
R300670,T1094447,,116306.0,SKU100407,other,84.62,card,12-May-2024
R300671,T1148740,,115977.0,SKU100416,other,48.95,card,27-06-2025 15:56:52
R300672,T1147838,,116758.0,SKU100497,quality,231.58,UPI,2024-05-16
R300673,T1029169,2025-01-28,106262.0,SKU100140,quality,3.75,UPI,28/01/2025
R300674,T1072968,,116173.0,SKU100453,quality,148.15,UPI,15-11-2025 00:00:00
R300675,T1115391,,102231.0,SKU100580,quality,4.9,UPI,12/19/2024
R300676,T1041643,,111030.0,SKU100165,quality,278.96,card,10 Jan 2025
R300677,T1161831,,113751.0,SKU100058,other,103.3,card,18-Aug-2025
R300678,T1010983,2025-08-04,119350.0,SKU100031,other,86.8,card,04/08/2025
R300679,T1013643,2024-01-23,114501.0,SKU100401,quality,216.3,card,23/01/2024
R300680,T1143887,,109789.0,SKU100299,quality,142.86,cash,2024/09/27
R300681,T1070778,,115191.0,SKU100259,wrong item,304.72,UPI,30-Oct-2024
R300682,T1021450,,104523.0,SKU100571,damaged,133.54,cash,11-12-2024 00:00:00
R300683,T1023448,,114042.0,SKU100193,wrong item,124.16,card,05-Oct-2024
R300684,T1142257,,108181.0,SKU100153,quality,64.99,card,2024-10-19
R300685,T1038307,,111870.0,SKU100401,wrong item,138.27,UPI,14-May-2025
R300686,T1179899,,112059.0,SKU100230,other,248.54,card,09-Feb-2024
R300687,T1185537,,113760.0,SKU100307,other,124.94,UPI,06 Nov 2024
R300688,T1161270,,118393.0,SKU100052,damaged,80.8,UPI,09 Jun 2024
R300689,T1040142,,100434.0,SKU100494,wrong item,181.29,cash,28-05-2024 00:00:00
R300690,T1068484,2024-10-04,106060.0,SKU100207,other,91.74,UPI,04/10/2024
R300691,T1036142,,100319.0,SKU100113,quality,117.94,cash,16-Sep-2025
R300692,T1154636,,100445.0,SKU100228,wrong item,273.3,UPI,2025/02/01
R300693,T1019094,,113698.0,SKU100090,quality,150.87,cash,2025/07/29
R300694,T1118585,,101385.0,SKU100527,other,252.5,UPI,13-Sep-2024
R300695,T1074658,,112867.0,SKU100443,quality,70.11,UPI,2024-12-17
R300696,T1132776,2025-08-25,107791.0,SKU100510,other,110.1,cash,25/08/2025
R300697,T1178302,,107903.0,SKU100147,other,169.88,cash,06-05-2024 00:00:00
R300698,T1088161,2024-04-05,108078.0,SKU100171,quality,58.78,card,05/04/2024
R300699,T1077194,2025-07-02,100769.0,SKU100252,quality,412.92,card,02/07/2025
R300700,T1069800,2024-01-05,103070.0,SKU100588,other,212.13,cash,05/01/2024
R300701,T1026641,,106810.0,SKU100221,wrong item,264.71,cash,03/24/2024
R300702,T1077146,,109495.0,SKU100542,damaged,312.25,UPI,2024/02/26
R300703,T1184194,2025-08-02,110521.0,SKU100029,damaged,373.01,UPI,02/08/2025
R300704,T1012223,,117528.0,SKU100236,quality,311.59,card,02/22/2024
R300705,T1120041,,102978.0,SKU100190,other,52.43,card,11-Mar-2024
R300706,T1008031,2025-04-06,118530.0,SKU100153,other,411.67,UPI,06/04/2025
R300707,T1132083,2024-03-16,115135.0,SKU100122,wrong item,331.9,card,16/03/2024
R300708,T1077663,,,SKU100555,damaged,38.05,cash,10-Jun-2024
R300709,T1166659,2024-05-19,114151.0,SKU100445,wrong item,294.89,card,19/05/2024
R300710,T1091217,,112331.0,SKU100335,wrong item,27.78,UPI,10-02-2024 00:00:00
R300711,T1089433,2024-03-02,119685.0,SKU100370,wrong item,209.5,card,02/03/2024
R300712,T1192918,2025-05-15,110295.0,SKU100436,quality,226.09,card,15/05/2025
R300713,T1158125,,100092.0,SKU100389,wrong item,158.21,cash,15-May-2025
R300714,T1031610,,104451.0,SKU100432,other,126.12,UPI,2025-06-23
R300715,T1114636,2024-08-03,107612.0,SKU100569,wrong item,174.51,UPI,03/08/2024
R300716,T1155169,,114541.0,SKU100358,quality,243.9,UPI,08 Mar 2024
R300717,T1167903,,107525.0,SKU100529,damaged,324.8,cash,2025/02/17
R300718,T1096217,,115888.0,SKU100410,quality,153.11,card,2025-02-19
R300719,T1034272,2024-04-04,109351.0,SKU100571,quality,0.69,card,04/04/2024
R300720,T1127812,,118272.0,SKU100305,damaged,72.36,cash,01 Jun 2024
R300721,T1101222,,108328.0,SKU100531,other,123.94,card,02-Oct-2024
R300722,T1125289,,110816.0,SKU100461,quality,407.13,UPI,23 Dec 2024
R300723,T1188605,,106908.0,SKU100128,wrong item,165.86,card,16-Oct-2024
R300724,T10000723,,113594.0,SKU100348,damaged,179.16,UPI,18-01-2025 00:00:00
R300725,T1049707,,107667.0,SKU100226,quality,72.58,card,16 Feb 2025
R300726,T1038518,,111211.0,SKU100566,damaged,15.22,card,19 Mar 2024
R300727,T1082307,,118141.0,SKU100401,damaged,22.87,cash,29-Dec-2025
R300728,T1173983,,115476.0,SKU100332,damaged,82.88,UPI,2024/04/13
R300729,T1033011,,119082.0,SKU100098,quality,293.44,cash,2024-01-29
R300730,T1066259,,107384.0,SKU100436,quality,20.9,cash,11-Apr-2025
R300731,T1189890,2025-03-31,106674.0,SKU100556,other,24.02,cash,31/03/2025
R300732,T1073548,,109958.0,SKU100164,quality,105.17,UPI,29-Sep-2025
R300733,T1013126,,108653.0,SKU100139,other,183.84,cash,2025/05/26
R300734,T1069089,,115390.0,SKU100143,other,98.65,card,03-06-2025 03:22:37
R300735,T1098104,,113578.0,SKU100019,quality,153.86,card,2025-10-17
R300736,T1052050,2024-06-24,115832.0,SKU100349,quality,160.27,cash,24/06/2024
R300737,T1052081,,106645.0,SKU100066,wrong item,24.1,cash,2025/06/17
R300738,T1058552,,117117.0,SKU100277,quality,227.76,card,2025-03-19
R300739,T1048770,,103880.0,SKU100134,other,180.81,cash,29-10-2025 00:00:00
R300740,T1005484,2025-09-30,114571.0,SKU100121,other,58.45,card,30/09/2025
R300741,T1102053,,,SKU100057,wrong item,77.37,card,11/17/2025
R300742,T10000741,,108678.0,SKU100403,damaged,47.83,cash,2025/07/31
R300743,T1113881,2024-05-25,101859.0,SKU100047,quality,483.14,UPI,25/05/2024
R300744,T1112114,,113889.0,SKU100588,wrong item,353.44,cash,04 Oct 2025
R300745,T1126759,,101695.0,SKU100547,damaged,34.6,UPI,02-Jul-2025
R300746,T1175234,,110447.0,SKU100265,damaged,132.86,UPI,19-01-2025 00:00:00
R300747,T1124169,,116309.0,SKU100248,wrong item,117.11,cash,27-02-2024 10:58:26
R300748,T1024286,,101923.0,SKU100358,quality,88.16,cash,26-Jun-2025
R300749,T1082875,2024-06-04,107097.0,SKU100387,damaged,72.72,card,04/06/2024
R300750,T1070323,2025-12-09,104321.0,SKU100446,quality,25.18,UPI,09/12/2025
R300751,T1024747,,118154.0,SKU100563,quality,81.23,cash,2024-03-12
R300752,T1050121,,119488.0,SKU100057,quality,95.52,cash,24-Feb-2024
R300753,T1163923,,109511.0,SKU100273,quality,379.64,UPI,2024-10-02
R300754,T1002371,,116710.0,SKU100128,quality,220.26,UPI,24-10-2024 00:00:00
R300755,T1005890,,105088.0,SKU100419,other,50.46,card,26 Apr 2024
R300756,T1031352,,117050.0,SKU100464,wrong item,87.09,card,2025/02/16
R300757,T1053975,,101889.0,SKU100205,wrong item,204.99,UPI,09/16/2024
R300758,T1103877,,103612.0,SKU100232,other,130.43,UPI,20-01-2024 00:00:00
R300759,T1101979,,,SKU100207,quality,6.78,cash,31 Mar 2024
R300760,T1083938,,114353.0,SKU100329,wrong item,85.93,cash,13 May 2025
R300761,T1096445,,101191.0,SKU100587,quality,42.48,UPI,2024-07-19
R300762,T1104022,,117258.0,SKU100108,wrong item,60.83,UPI,2024-06-08
R300763,T1071068,,112460.0,SKU100428,other,6.62,card,24 Mar 2025
R300764,T1120025,,104293.0,SKU100143,quality,125.66,cash,23-03-2025 00:00:00
R300765,T1156607,,104573.0,SKU100270,wrong item,62.97,UPI,18-Dec-2024
R300766,T1182684,,117896.0,SKU100131,other,117.72,cash,2025-06-11
R300767,T1017430,,117704.0,SKU100488,other,187.92,card,2025/05/03
R300768,T1194465,,110628.0,SKU100487,damaged,193.17,card,09/27/2024
R300769,T1170476,,100395.0,SKU100417,quality,30.51,card,19-03-2025 00:00:00
R300770,T1163811,2025-07-11,101892.0,SKU100526,quality,61.32,UPI,11/07/2025
R300771,T1167562,,109652.0,SKU100388,quality,195.5,UPI,2024/04/26
R300772,T1022572,,107021.0,SKU100228,other,229.43,UPI,2025/04/07
R300773,T1082139,,116294.0,SKU100168,quality,217.13,card,05/21/2025
R300774,T1065841,,102163.0,SKU100068,damaged,342.49,cash,06-08-2025 19:56:16
R300775,T1075815,,105410.0,SKU100042,damaged,6.33,UPI,18 Jul 2025
R300776,T1104000,,108883.0,SKU100226,damaged,159.66,card,2024/09/21
R300777,T1101573,,106234.0,SKU100112,quality,32.43,UPI,08-Feb-2024
R300778,T1044636,,112282.0,SKU100092,wrong item,91.68,cash,2025-09-08
R300779,T1004660,,101180.0,SKU100171,damaged,197.17,UPI,2024-06-16
R300780,T1050481,,110775.0,SKU100096,damaged,148.27,cash,2025-01-22
R300781,T1104338,2024-10-06,103889.0,SKU100045,damaged,65.13,cash,06/10/2024
R300782,T1029695,,112257.0,SKU100364,other,290.53,UPI,05-10-2024 00:00:00
R300783,T10000782,,112272.0,SKU100184,other,115.38,card,13-Aug-2024
R300784,T1128535,,100683.0,SKU100379,damaged,130.62,cash,2025-12-18
R300785,T1045269,,114406.0,SKU100001,wrong item,223.85,UPI,31-01-2025 00:00:00
R300786,T1021792,,103493.0,SKU100472,damaged,316.88,UPI,07/22/2025
R300787,T1172406,,113681.0,SKU100176,wrong item,219.76,card,2025/11/26
R300788,T1128752,2025-07-09,105080.0,SKU100137,wrong item,185.77,cash,09/07/2025
R300789,T1022345,,119916.0,SKU100288,other,209.82,UPI,2024-12-01
R300790,T1172558,,101472.0,SKU100428,quality,115.73,cash,30-06-2024 00:00:00
R300791,T1088757,2025-07-20,117169.0,SKU100415,other,128.12,cash,20/07/2025
R300792,T1064010,,112583.0,SKU100408,quality,13.56,UPI,2025/08/15
R300793,T1139207,2024-07-17,110074.0,SKU100541,wrong item,66.96,UPI,17/07/2024
R300794,T1033243,,104150.0,SKU100463,other,176.53,card,02-04-2024 00:00:00
R300795,T1150438,,117446.0,SKU100341,damaged,75.25,card,28-May-2025
R300796,T1067812,2025-03-09,108274.0,SKU100164,quality,33.13,UPI,09/03/2025
R300797,T1113306,,101847.0,SKU100116,damaged,212.44,cash,25 Jul 2025
R300798,T1137383,2025-06-18,100190.0,SKU100034,wrong item,24.28,card,18/06/2025
R300799,T1080158,,118155.0,SKU100463,damaged,230.46,card,2024-05-22
R300800,T1054706,,116887.0,SKU100172,quality,55.51,cash,21-04-2024 00:00:00
R300801,T1193706,,102090.0,SKU100327,wrong item,232.1,card,2024-07-25
R300802,T1005471,,106542.0,SKU100076,quality,41.95,card,15 Oct 2024
R300803,T10000802,2025-09-28,117063.0,SKU100223,wrong item,97.49,cash,28/09/2025
R300804,T10000803,2024-02-12,101990.0,SKU100045,other,175.5,UPI,12/02/2024
R300805,T1156902,,107540.0,SKU100586,damaged,105.82,cash,13-Apr-2025
R300806,T1153543,,119539.0,SKU100365,quality,221.11,UPI,12-01-2024 00:00:00
R300807,T1123975,,108537.0,SKU100129,wrong item,51.59,card,2024/06/07
R300808,T1092306,,112040.0,SKU100402,wrong item,227.62,UPI,2024-09-25
R300809,T1032036,,110683.0,SKU100007,quality,153.11,UPI,04/28/2025
R300810,T1072297,,102793.0,SKU100003,quality,291.23,UPI,01-03-2024 07:19:32
R300811,T1174071,,102136.0,SKU100550,quality,21.69,UPI,2025/07/01
R300812,T1117255,,116363.0,SKU100561,other,164.58,UPI,2024-07-08
R300813,T1183473,2024-12-06,114989.0,SKU100266,wrong item,222.41,cash,06/12/2024
R300814,T1069691,,113271.0,SKU100214,wrong item,32.03,cash,2024-10-03
R300815,T1088669,,101471.0,SKU100046,quality,184.59,UPI,13-Jan-2024
R300816,T1047470,,109921.0,SKU100447,wrong item,301.32,cash,2024-03-20
R300817,T1115885,2024-12-10,119712.0,SKU100497,wrong item,188.98,card,10/12/2024
R300818,T1026676,,116657.0,SKU100144,wrong item,41.91,cash,11-Jun-2024
R300819,T1198845,,100060.0,SKU100381,damaged,308.43,card,2025/06/21
R300820,T1161923,,109813.0,SKU100580,quality,235.21,UPI,29 Sep 2024
R300821,T1132712,,119380.0,SKU100316,quality,14.75,UPI,06-Jan-2024
R300822,T1023301,,111615.0,SKU100237,other,111.07,cash,10 Jun 2025
R300823,T1062282,,113953.0,SKU100046,quality,305.99,cash,02-06-2024 00:00:00
R300824,T1157177,,103543.0,SKU100231,wrong item,6.58,UPI,16 Sep 2024
R300825,T1199364,,106475.0,SKU100330,other,37.95,card,11-Jan-2025
R300826,T1183110,2025-03-03,103177.0,SKU100282,wrong item,167.89,card,03/03/2025
R300827,T1009521,,115225.0,SKU100427,damaged,223.03,UPI,01-Mar-2025
R300828,T1021977,,107637.0,SKU100268,other,233.84,card,04-Sep-2025
R300829,T1109463,2024-01-07,102814.0,SKU100295,quality,35.57,UPI,07/01/2024
R300830,T1099627,,117638.0,SKU100495,quality,299.3,cash,30-Aug-2025
R300831,T1076109,,105516.0,SKU100567,quality,24.3,UPI,2024-05-05
R300832,T1084556,,115595.0,SKU100011,damaged,97.53,card,2024/03/16
R300833,T1170658,2025-04-12,115359.0,SKU100552,wrong item,363.41,card,12/04/2025
R300834,T1078772,,112273.0,SKU100484,quality,186.92,cash,18-03-2024 19:17:19
R300835,T1187523,,101679.0,SKU100483,other,210.37,card,2025/10/23
R300836,T1093903,,107805.0,SKU100392,other,204.44,cash,2024/10/11
R300837,T1184920,,117420.0,SKU100223,damaged,78.97,UPI,18-Dec-2025
R300838,T1061987,,111824.0,SKU100404,other,255.43,card,2025/04/16
R300839,T1004534,2025-03-05,119751.0,SKU100361,wrong item,171.53,cash,05/03/2025
R300840,T1002841,,107108.0,SKU100309,damaged,205.46,UPI,2024-10-02
R300841,T1189960,,118494.0,SKU100496,wrong item,177.61,UPI,30 Nov 2024
R300842,T1036474,,117667.0,SKU100000,damaged,179.0,cash,2024/06/04
R300843,T1149835,,119176.0,SKU100229,wrong item,126.73,cash,04-Jun-2025
R300844,T1031452,,107034.0,SKU100457,wrong item,70.54,card,23-Dec-2024
R300845,T1046205,,102733.0,SKU100307,other,193.22,UPI,2024-04-24
R300846,T1111292,,103767.0,SKU100183,other,28.84,UPI,29-12-2024 00:00:00
R300847,T1142824,,116193.0,SKU100084,quality,294.34,card,15-12-2024 14:50:12
R300848,T1056458,2024-05-10,119172.0,SKU100147,wrong item,308.14,UPI,10/05/2024
R300849,T1177751,,101959.0,SKU100160,quality,293.1,cash,14-10-2025 00:00:00
R300850,T1001818,2025-07-10,102365.0,SKU100399,quality,141.67,UPI,10/07/2025
R300851,T1073563,,114340.0,SKU100406,wrong item,106.53,UPI,16-12-2024 20:54:43
R300852,T1166537,,104041.0,SKU100077,other,46.02,UPI,31 Oct 2024
R300853,T1038060,2025-08-02,116484.0,SKU100531,quality,43.39,UPI,02/08/2025
R300854,T1050003,2024-11-06,105953.0,SKU100492,damaged,178.49,cash,06/11/2024
R300855,T1154293,,102606.0,SKU100595,damaged,286.97,card,23-01-2025 00:00:00
R300856,T1124397,,111718.0,SKU100296,quality,55.34,UPI,2025/09/06
R300857,T1095188,,119575.0,SKU100013,quality,199.14,card,06/28/2025
R300858,T1168264,,106965.0,SKU100320,quality,332.59,UPI,2025-06-03
R300859,T1023327,,114855.0,SKU100367,other,128.02,card,10-Dec-2024
R300860,T1128981,,116979.0,SKU100544,wrong item,169.46,UPI,2025/04/04
R300861,T1196201,,113604.0,SKU100400,quality,94.48,card,01 Nov 2024
R300862,T1093982,,112173.0,SKU100230,damaged,209.79,cash,24-05-2024 00:00:00
R300863,T1044356,,110767.0,SKU100486,quality,177.33,card,15-Jun-2025
R300864,T1067576,,117000.0,SKU100332,wrong item,93.01,card,05-Jul-2025
R300865,T1093934,,,SKU100506,damaged,39.41,card,11 Jul 2024
R300866,T1145033,2025-03-05,103578.0,SKU100135,wrong item,123.38,UPI,05/03/2025
R300867,T10000866,2025-02-11,101059.0,SKU100368,quality,99.17,cash,11/02/2025
R300868,T1034180,,106017.0,SKU100156,quality,105.05,card,10/30/2025
R300869,T1000999,,118923.0,SKU100187,wrong item,39.27,UPI,2024/08/30
R300870,T1152989,,104006.0,SKU100161,wrong item,31.99,card,23 Jul 2025
R300871,T1066640,2025-12-11,105285.0,SKU100067,quality,77.94,card,11/12/2025
R300872,T1022649,2025-02-09,110261.0,SKU100228,other,129.59,UPI,09/02/2025
R300873,T1155050,2024-11-15,105542.0,SKU100153,other,203.73,card,15/11/2024
R300874,T1032704,,112121.0,SKU100482,quality,175.34,cash,2024/09/20
R300875,T1033559,,106269.0,SKU100498,wrong item,51.56,UPI,2024-02-17
R300876,T1171300,,118582.0,SKU100071,other,116.02,card,22-Jul-2025
R300877,T1057184,2024-07-31,106483.0,SKU100369,other,247.98,card,31/07/2024
R300878,T1015388,,114107.0,SKU100284,wrong item,255.4,UPI,2024-11-02
R300879,T1167591,,109671.0,SKU100442,damaged,163.47,card,2024-01-19
R300880,T1064698,,100994.0,SKU100511,damaged,195.59,card,2024/11/11
R300881,T1023747,,116545.0,SKU100244,quality,146.75,cash,11 Aug 2024
R300882,T1176125,,112619.0,SKU100320,damaged,196.36,UPI,25 Feb 2024
R300883,T1138487,2024-06-23,114980.0,SKU100214,other,239.44,cash,23/06/2024
R300884,T1191505,,112736.0,SKU100047,damaged,294.82,card,07-Feb-2025
R300885,T1077736,,115562.0,SKU100225,damaged,19.7,cash,19 Dec 2024
R300886,T1135157,,101872.0,SKU100462,other,471.68,cash,20-Nov-2024
R300887,T1049943,,117267.0,SKU100036,quality,252.82,cash,10-Apr-2025
R300888,T1135733,,112514.0,SKU100534,quality,112.25,cash,2025/10/13
R300889,T1094278,2024-06-01,106766.0,SKU100265,other,29.98,UPI,01/06/2024
R300890,T1131305,,108624.0,SKU100058,quality,143.2,card,2024-09-27
R300891,T1101351,2024-05-07,117820.0,SKU100066,quality,167.92,cash,07/05/2024
R300892,T1123624,2024-03-20,112258.0,SKU100281,wrong item,149.99,cash,20/03/2024
R300893,T1152849,2024-05-21,110423.0,SKU100026,wrong item,0.71,card,21/05/2024
R300894,T1107875,,117280.0,SKU100507,other,248.45,cash,14-05-2024 00:00:00
R300895,T1068678,2025-02-02,110370.0,SKU100122,damaged,365.05,card,02/02/2025
R300896,T1067999,2024-03-22,115930.0,SKU100305,other,121.17,cash,22/03/2024
R300897,T1046525,2025-07-03,104228.0,SKU100414,other,306.29,UPI,03/07/2025
R300898,T1162539,,,SKU100070,wrong item,36.47,UPI,05-Nov-2024
R300899,T1036776,,103892.0,SKU100062,other,283.24,card,2025-12-11
R300900,T10000899,2024-04-23,119364.0,SKU100167,other,63.14,card,23/04/2024
R300901,T1111612,,101080.0,SKU100581,damaged,43.33,card,12-Mar-2025
R300902,T1063282,,101547.0,SKU100184,wrong item,66.77,cash,04/27/2024
R300903,T1167941,,110410.0,SKU100130,quality,259.39,UPI,2025-12-16
R300904,T1184862,2024-05-23,106212.0,SKU100110,wrong item,212.56,UPI,23/05/2024
R300905,T1009942,,107409.0,SKU100389,damaged,15.96,cash,2025-03-09
R300906,T1026527,,117578.0,SKU100131,damaged,147.95,cash,08/20/2025
R300907,T1168371,,118267.0,SKU100205,other,1.86,cash,2025-03-29
R300908,T1093889,,115867.0,SKU100420,damaged,51.32,UPI,05-Aug-2025
R300909,T1160665,,114387.0,SKU100431,wrong item,116.33,cash,16-Dec-2024
R300910,T1020684,,101446.0,SKU100468,quality,234.15,UPI,22-07-2024 00:00:00
R300911,T1079681,,119646.0,SKU100102,wrong item,225.48,card,25 Jul 2025
R300912,T1114997,,,SKU100178,other,33.68,UPI,26 Jul 2024
R300913,T1106094,,111552.0,SKU100044,quality,151.4,card,10/20/2024
R300914,T1002807,2024-12-31,117299.0,SKU100121,damaged,138.13,card,31/12/2024
R300915,T1127095,,100306.0,SKU100166,other,142.25,card,2025/02/17
R300916,T10000915,,103694.0,SKU100122,quality,52.32,card,2024/07/16
R300917,T1169245,,100550.0,SKU100227,quality,68.56,UPI,19-11-2025 00:00:00
R300918,T1046770,,111505.0,SKU100562,damaged,203.79,card,2025-04-27
R300919,T1033326,,103517.0,SKU100109,wrong item,24.21,card,08 Oct 2025
R300920,T1009454,,103278.0,SKU100316,wrong item,180.37,cash,03/31/2025
R300921,T1108090,,116467.0,SKU100039,other,296.04,UPI,2024/12/28
R300922,T1134626,,111401.0,SKU100326,damaged,173.62,card,2024/05/07
R300923,T1088281,2024-03-07,113523.0,SKU100359,other,121.04,card,07/03/2024
R300924,T1186696,,107690.0,SKU100532,quality,34.82,card,14 Aug 2024
R300925,T1177778,,115021.0,SKU100395,quality,72.02,card,02/15/2024
R300926,T1179419,,113494.0,SKU100075,wrong item,344.14,card,08 Jun 2025
R300927,T1100645,,103399.0,SKU100443,other,109.99,card,28-May-2025
R300928,T10000927,2025-08-31,100413.0,SKU100596,wrong item,106.71,UPI,31/08/2025
R300929,T1053995,,101115.0,SKU100149,other,156.35,card,01-02-2025 00:00:00
R300930,T1069728,,104393.0,SKU100452,wrong item,95.77,card,2025/08/27
R300931,T1199051,,102269.0,SKU100565,wrong item,26.4,UPI,2025-12-03
R300932,T1152878,2025-10-22,102537.0,SKU100006,wrong item,236.88,card,22/10/2025
R300933,T1070967,,114392.0,SKU100356,other,319.11,cash,08-10-2024 00:00:00
R300934,T1111054,,101422.0,SKU100417,other,97.08,UPI,10-Jun-2025
R300935,T1177622,,114077.0,SKU100226,other,207.95,UPI,2024/05/14
R300936,T1011538,,102085.0,SKU100130,quality,163.47,card,21 Jun 2024
R300937,T1132392,,100916.0,SKU100075,other,157.65,cash,2025/05/16
R300938,T1188109,,105526.0,SKU100203,quality,60.92,card,08/15/2024
R300939,T1132661,,100227.0,SKU100550,other,341.86,cash,2024-09-04
R300940,T10000939,2025-03-09,116135.0,SKU100111,quality,9.28,cash,09/03/2025
R300941,T1127515,,119797.0,SKU100036,other,314.73,UPI,27-09-2025 00:00:00
R300942,T1087602,,115181.0,SKU100206,damaged,269.13,UPI,14-May-2025
R300943,T1125818,,103555.0,SKU100126,damaged,402.28,UPI,09-May-2024
R300944,T1105934,,119906.0,SKU100339,quality,305.16,card,19 Jul 2025
R300945,T1150797,,111584.0,SKU100212,quality,194.31,UPI,12/27/2024
R300946,T1027964,,104906.0,SKU100062,damaged,156.24,cash,20 Jan 2024
R300947,T1015421,,100324.0,SKU100312,other,164.88,card,21-01-2024 00:00:00
R300948,T1099796,,103496.0,SKU100569,wrong item,279.29,card,30-Dec-2024
R300949,T1046537,,105324.0,SKU100335,damaged,118.55,cash,24-Aug-2025
R300950,T1076955,2024-07-09,114341.0,SKU100345,wrong item,239.67,UPI,09/07/2024
R300951,T1173325,,108432.0,SKU100422,quality,73.79,cash,10/30/2025
R300952,T1016966,2025-08-13,107223.0,SKU100058,quality,330.55,UPI,13/08/2025
R300953,T1047325,,118635.0,SKU100156,damaged,309.67,UPI,2024-09-25
R300954,T1007945,,116028.0,SKU100246,damaged,89.45,UPI,2025/01/26
R300955,T1118864,2024-02-21,106939.0,SKU100401,wrong item,421.41,cash,21/02/2024
R300956,T1057613,,113255.0,SKU100343,other,149.41,cash,2024/07/03
R300957,T1184720,,106801.0,SKU100290,damaged,11.07,card,22 Aug 2025
R300958,T1040104,,111929.0,SKU100110,quality,130.32,cash,2024-09-13
R300959,T1165280,,101674.0,SKU100553,other,200.28,cash,02-Jan-2024
R300960,T1044498,,110137.0,SKU100541,quality,21.36,UPI,01/16/2025
R300961,T1019432,,107086.0,SKU100260,wrong item,132.27,UPI,24-05-2025 00:00:00
R300962,T1087261,,111611.0,SKU100149,wrong item,141.09,card,2024/07/05
R300963,T1152194,,115817.0,SKU100045,damaged,42.69,cash,2024-06-26
R300964,T1081931,,104691.0,SKU100164,quality,303.85,card,01-May-2024
R300965,T1138184,,104218.0,SKU100415,quality,70.29,card,2024/04/09
R300966,T1052626,,110416.0,SKU100066,wrong item,137.47,cash,22-Sep-2025
R300967,T1026986,2025-06-07,119844.0,SKU100031,wrong item,236.34,UPI,07/06/2025
R300968,T1083921,,119276.0,SKU100022,quality,59.4,card,13-Nov-2024
R300969,T10000968,,111647.0,SKU100266,damaged,71.74,cash,17-04-2024 00:00:00
R300970,T1159209,,101152.0,SKU100352,other,15.68,UPI,02/20/2025
R300971,T1193781,,117729.0,SKU100076,wrong item,258.24,card,30-Mar-2024
R300972,T1100083,,110581.0,SKU100559,wrong item,210.99,cash,12/30/2025
R300973,T1028501,,111229.0,SKU100117,quality,155.92,UPI,2025/12/03
R300974,T1025016,,111105.0,SKU100134,damaged,302.58,UPI,2025/03/22
R300975,T1043087,,116486.0,SKU100466,wrong item,119.97,cash,28 Apr 2025
R300976,T1049545,,118694.0,SKU100235,wrong item,1.91,UPI,29-09-2024 00:00:00
R300977,T1102725,,112690.0,SKU100029,other,219.64,card,2024-02-28
R300978,T1098136,,,SKU100500,other,86.84,card,07-Mar-2024
R300979,T1065770,,100924.0,SKU100023,damaged,40.32,card,03-02-2025 00:00:00
R300980,T1006901,2024-06-28,117646.0,SKU100363,quality,214.48,card,28/06/2024
R300981,T1016197,,114704.0,SKU100547,damaged,353.1,UPI,06/25/2025
R300982,T1056202,,105814.0,SKU100300,damaged,162.94,card,03 Jun 2024
R300983,T1177401,,,SKU100179,other,58.84,UPI,29-Jan-2024
R300984,T1174266,2025-09-21,100454.0,SKU100366,other,297.96,cash,21/09/2025
R300985,T1050779,,111005.0,SKU100351,other,9.93,UPI,2024-12-10
R300986,T1021246,,117921.0,SKU100198,quality,221.48,UPI,2025-07-26
R300987,T1199402,,108100.0,SKU100255,other,215.37,UPI,03-Jan-2024
R300988,T1144252,2024-06-08,100082.0,SKU100262,wrong item,4.47,card,08/06/2024
R300989,T1010974,2024-12-20,112069.0,SKU100548,damaged,25.49,UPI,20/12/2024
R300990,T1175990,,117846.0,SKU100551,quality,100.48,cash,29 Sep 2024
R300991,T1151130,,109908.0,SKU100297,damaged,151.88,UPI,29 Nov 2025
R300992,T1094038,,111693.0,SKU100356,wrong item,203.24,cash,2024-04-08
R300993,T1075742,,101846.0,SKU100111,damaged,110.71,cash,09/16/2025
R300994,T1086540,2024-07-11,106302.0,SKU100514,damaged,366.93,UPI,11/07/2024
R300995,T1033392,,110058.0,SKU100341,wrong item,221.73,card,29-May-2024
R300996,T1171559,,110089.0,SKU100100,damaged,231.85,cash,23-Sep-2025
R300997,T10000996,,107456.0,SKU100575,wrong item,157.6,cash,09-Dec-2024
R300998,T1137829,,117323.0,SKU100073,other,110.4,card,2024-11-09
R300999,T1039365,2024-07-13,101642.0,SKU100520,wrong item,279.13,cash,13/07/2024
R301000,T1125248,2024-12-24,112969.0,SKU100591,wrong item,226.49,UPI,24/12/2024
R301001,T1159502,,,SKU100418,quality,263.31,UPI,2025-04-12
R301002,T1077748,,100125.0,SKU100470,wrong item,152.45,card,06-Feb-2025
R301003,T1118761,,116286.0,SKU100005,damaged,207.56,card,2025/07/11
R301004,T1027805,,107200.0,SKU100591,quality,139.01,card,16-Apr-2024
R301005,T1105492,,100994.0,SKU100110,wrong item,396.43,cash,15-Jul-2025
R301006,T1175182,,106964.0,SKU100179,quality,330.78,cash,15-05-2024 00:00:00
R301007,T1030084,,116322.0,SKU100405,other,19.49,cash,04/18/2025
R301008,T1078356,,106094.0,SKU100360,quality,150.82,UPI,14-Aug-2024
R301009,T1177766,2025-02-20,114219.0,SKU100005,wrong item,243.39,card,20/02/2025
R301010,T1126981,,118293.0,SKU100272,wrong item,139.05,cash,22-04-2024 00:00:00
R301011,T1046257,,105263.0,SKU100140,wrong item,340.15,cash,07/13/2024
R301012,T1129011,,104772.0,SKU100032,quality,149.43,cash,2024/05/31
R301013,T1044225,,116062.0,SKU100402,wrong item,199.46,UPI,07-04-2025 18:27:07
R301014,T1053274,,111403.0,SKU100342,damaged,78.26,card,2024-02-16
R301015,T1183485,2025-03-04,109901.0,SKU100049,damaged,217.71,UPI,04/03/2025
R301016,T1153781,,110401.0,SKU100354,other,99.28,cash,2025-10-13
R301017,T1035725,2025-08-24,119081.0,SKU100421,other,65.02,card,24/08/2025
R301018,T1045138,,119719.0,SKU100071,other,94.91,UPI,2024/06/01
R301019,T1095064,2024-02-08,113153.0,SKU100123,quality,254.92,UPI,08/02/2024
R301020,T1145044,2024-12-05,112011.0,SKU100058,other,147.09,UPI,05/12/2024
R301021,T1115408,,107993.0,SKU100419,quality,144.46,card,23-Aug-2024
R301022,T1098570,,,SKU100558,wrong item,54.57,card,05/27/2024
R301023,T1043880,,107136.0,SKU100099,damaged,142.32,cash,06-Aug-2025
R301024,T1133630,,112425.0,SKU100292,damaged,152.02,card,09-Feb-2025
R301025,T1003162,,119442.0,SKU100281,wrong item,315.86,card,15 Dec 2025
R301026,T1132260,,104183.0,SKU100512,damaged,118.95,cash,10/31/2024
R301027,T1107588,,111456.0,SKU100432,quality,10.48,UPI,09-Jun-2025
R301028,T1104215,,107267.0,SKU100517,quality,53.73,card,10-Feb-2024
R301029,T1100921,,101640.0,SKU100312,quality,9.01,card,16-Jun-2024
R301030,T1092921,,104295.0,SKU100094,other,286.41,card,16-04-2025 00:00:00
R301031,T1171982,,103206.0,SKU100303,damaged,164.78,card,01-Nov-2025
R301032,T1182955,2024-04-02,,SKU100497,quality,58.4,UPI,02/04/2024
R301033,T1054097,,119314.0,SKU100253,quality,181.57,cash,09-Aug-2025
R301034,T1163375,,108946.0,SKU100285,quality,225.27,UPI,16-Aug-2024
R301035,T1062859,,113336.0,SKU100309,damaged,79.26,card,06 Jan 2025
R301036,T1108732,2024-10-11,110907.0,SKU100481,wrong item,497.56,UPI,11/10/2024
R301037,T1173889,,116361.0,SKU100595,damaged,46.65,cash,17-01-2024 00:00:00
R301038,T1167330,,113236.0,SKU100337,wrong item,207.73,cash,2025/06/17
R301039,T1069484,2024-11-07,110933.0,SKU100441,wrong item,16.61,card,07/11/2024
R301040,T1083716,,118900.0,SKU100145,wrong item,145.89,cash,12-10-2025 00:00:00
R301041,T10001040,,115511.0,SKU100427,damaged,181.02,cash,2024/12/12
R301042,T1193029,2024-04-05,,SKU100396,other,274.97,card,05/04/2024
R301043,T1120379,,118136.0,SKU100179,quality,318.07,UPI,2024-04-16
R301044,T1021707,,108786.0,SKU100434,wrong item,323.06,card,2025/08/22
R301045,T1123364,,116276.0,SKU100369,quality,136.18,UPI,06/24/2025
R301046,T1092017,,111404.0,SKU100101,damaged,303.39,cash,01-May-2024
R301047,T1156558,2025-05-25,118115.0,SKU100500,quality,69.77,card,25/05/2025
R301048,T1104776,,,SKU100251,damaged,75.56,card,2025/07/03
R301049,T1015050,,112292.0,SKU100350,quality,171.59,card,2025-06-25
R301050,T1043339,,,SKU100291,damaged,178.21,card,04 Mar 2024
R301051,T1013972,,112065.0,SKU100246,other,62.99,cash,06/30/2025
R301052,T1168262,,117389.0,SKU100205,quality,191.68,card,31-May-2024
R301053,T1060400,,102579.0,SKU100247,wrong item,143.98,card,15 Aug 2024
R301054,T10001053,,102580.0,SKU100537,other,159.02,card,2024/09/30
R301055,T1192984,2025-06-11,108548.0,SKU100555,damaged,321.76,cash,11/06/2025
R301056,T1194117,,101215.0,SKU100210,quality,225.75,card,10-Jan-2025
R301057,T1084741,,118847.0,SKU100073,quality,195.46,card,23-Oct-2025
R301058,T1143807,,103261.0,SKU100085,quality,29.61,UPI,04-Jul-2025
R301059,T1083934,2025-05-16,114037.0,SKU100132,damaged,1.25,card,16/05/2025
R301060,T1072392,,100003.0,SKU100314,quality,263.83,cash,27-Jul-2025
R301061,T1003976,,117778.0,SKU100212,damaged,164.85,UPI,2024/08/06
R301062,T1040381,,119559.0,SKU100265,other,307.5,cash,19-12-2025 00:00:00
R301063,T1026150,,113546.0,SKU100013,wrong item,73.43,card,2024/04/19
R301064,T1063625,,116766.0,SKU100260,quality,179.39,cash,29-Mar-2024
R301065,T1049922,,104641.0,SKU100400,other,35.17,UPI,16-Jul-2024
R301066,T1115650,,114326.0,SKU100514,wrong item,88.0,cash,19-Apr-2024
R301067,T1156431,,107618.0,SKU100275,damaged,38.22,card,2024-12-14
R301068,T1070569,,103999.0,SKU100352,damaged,148.67,UPI,2025/05/25
R301069,T1015626,,100459.0,SKU100356,wrong item,181.61,UPI,20 Jun 2025
R301070,T1082244,,115200.0,SKU100108,quality,350.43,UPI,12 Sep 2024
R301071,T1196880,,118042.0,SKU100424,other,57.12,cash,12-06-2024 00:00:00
R301072,T1048313,,112403.0,SKU100341,damaged,145.73,UPI,24 Feb 2025
R301073,T1058373,,105567.0,SKU100251,other,233.43,UPI,2024/04/24
R301074,T1119204,,115362.0,SKU100495,wrong item,197.53,UPI,07/20/2025
R301075,T1095573,,116448.0,SKU100327,quality,286.24,UPI,11-Jul-2024
R301076,T1155387,,105804.0,SKU100352,other,48.39,cash,30-Jun-2024
R301077,T1072274,,105325.0,SKU100063,wrong item,167.44,cash,07-Jun-2025
R301078,T1134713,2024-12-05,111359.0,SKU100421,damaged,296.73,cash,05/12/2024
R301079,T1023918,,106667.0,SKU100203,other,62.31,UPI,2025/10/12
R301080,T1180874,,119333.0,SKU100583,quality,200.52,cash,03-08-2025 02:09:15
R301081,T1111373,,102602.0,SKU100419,quality,86.63,card,03 Jul 2025
R301082,T1023137,,101093.0,SKU100291,damaged,116.22,UPI,06/15/2025
R301083,T1146632,2024-06-05,106829.0,SKU100064,wrong item,41.22,card,05/06/2024
R301084,T1082360,,117115.0,SKU100181,damaged,77.47,cash,01/29/2024
R301085,T10001084,,113432.0,SKU100525,quality,123.22,card,2025/09/24
R301086,T1084756,,115791.0,SKU100411,quality,171.7,UPI,2025-07-12
R301087,T10001086,,118566.0,SKU100023,wrong item,204.38,card,02-Jun-2024
R301088,T1103938,,115129.0,SKU100348,other,315.01,UPI,31-12-2025 10:46:05
R301089,T1085333,,104347.0,SKU100549,other,217.1,UPI,08/23/2024
R301090,T1001942,,115441.0,SKU100308,quality,197.77,cash,02-12-2024 00:00:00
R301091,T1182242,,113996.0,SKU100511,damaged,305.34,cash,24 May 2024
R301092,T1059713,,109924.0,SKU100262,other,120.15,card,15-Oct-2024
R301093,T1118729,,112131.0,SKU100461,wrong item,0.56,UPI,19-Dec-2025
R301094,T1101316,,106521.0,SKU100530,quality,292.11,card,12/24/2024
R301095,T10001094,,108748.0,SKU100066,damaged,56.15,card,02 Oct 2025
R301096,T1040549,,109750.0,SKU100347,quality,34.11,cash,2025-12-06
R301097,T1064121,2025-05-12,112434.0,SKU100059,quality,2.88,cash,12/05/2025
R301098,T1108518,2024-09-05,116843.0,SKU100368,damaged,185.21,cash,05/09/2024
R301099,T1141879,,111152.0,SKU100072,wrong item,99.73,UPI,09-01-2024 00:00:00
R301100,T1181117,2025-02-23,108397.0,SKU100139,other,67.62,card,23/02/2025
R301101,T1141625,2025-03-21,101059.0,SKU100162,damaged,7.31,card,21/03/2025
R301102,T1040419,,109738.0,SKU100491,other,190.74,UPI,2025/11/17
R301103,T1182490,,115958.0,SKU100035,damaged,114.65,cash,17-12-2024 00:00:00
R301104,T1050307,,113287.0,SKU100463,wrong item,70.68,UPI,2025/11/15
R301105,T1031024,,112799.0,SKU100488,other,83.89,cash,25-03-2025 00:00:00
R301106,T1086942,,117916.0,SKU100215,quality,128.59,UPI,28-03-2024 00:00:00
R301107,T1000053,,113073.0,SKU100544,wrong item,284.75,UPI,17-03-2024 00:00:00
R301108,T1125086,,113170.0,SKU100455,wrong item,227.68,cash,02-Sep-2024
R301109,T1013165,,108981.0,SKU100198,quality,202.38,cash,09-Apr-2025
R301110,T1140922,,117663.0,SKU100411,other,122.76,cash,07/20/2025
R301111,T1118998,,118339.0,SKU100110,wrong item,131.53,cash,2024-11-28
R301112,T1153671,2024-02-29,100547.0,SKU100182,damaged,129.14,UPI,29/02/2024
R301113,T1197833,,106938.0,SKU100589,quality,185.73,cash,2024/08/23
R301114,T1166817,,110800.0,SKU100203,wrong item,30.74,cash,2025/01/23
R301115,T1049692,,101988.0,SKU100070,other,387.33,cash,13 Jan 2025
R301116,T1144867,2024-10-04,118617.0,SKU100143,quality,155.84,card,04/10/2024
R301117,T1178909,,108877.0,SKU100044,quality,460.06,cash,2024-07-10
R301118,T1139685,,113860.0,SKU100232,quality,74.98,card,05/19/2025
R301119,T1179371,,,SKU100391,quality,409.66,cash,2024/07/10
R301120,T1102879,,118906.0,SKU100426,damaged,39.38,card,2025/08/02
R301121,T1170758,,111848.0,SKU100147,damaged,466.22,cash,2025-05-08
R301122,T1000681,,112133.0,SKU100339,damaged,146.68,card,07 Dec 2024
R301123,T1037976,2025-08-11,110926.0,SKU100115,wrong item,228.74,cash,11/08/2025
R301124,T1093102,,100685.0,SKU100410,other,334.0,card,03/25/2025
R301125,T10001124,,104687.0,SKU100303,other,110.57,card,25-Aug-2024
R301126,T1086058,,111477.0,SKU100214,other,42.56,UPI,2024-05-26
R301127,T1010269,,107891.0,SKU100454,damaged,32.13,UPI,30-03-2024 00:00:00
R301128,T1103466,,110728.0,SKU100109,quality,185.14,card,2025-06-21
R301129,T1060498,,114627.0,SKU100052,quality,279.59,card,05-05-2024 22:17:33
R301130,T1163645,2025-12-11,116228.0,SKU100370,quality,316.52,card,11/12/2025
R301131,T1176825,,114314.0,SKU100213,other,216.01,card,15 Aug 2024
R301132,T1085501,,102174.0,SKU100233,damaged,105.11,card,2025-03-22
R301133,T1069471,2024-05-21,113151.0,SKU100199,quality,224.27,UPI,21/05/2024
R301134,T1172537,,115422.0,SKU100470,other,46.86,UPI,08-Oct-2024
R301135,T1127745,,108229.0,SKU100519,wrong item,163.46,cash,16-Aug-2024
R301136,T1084415,2024-10-14,113022.0,SKU100406,damaged,197.57,UPI,14/10/2024
R301137,T1107847,,109076.0,SKU100285,other,195.72,UPI,01-08-2025 00:00:00
R301138,T1046382,,115121.0,SKU100413,damaged,97.03,cash,11-12-2024 00:00:00
R301139,T1151897,,114474.0,SKU100562,wrong item,170.83,card,2024-12-25
R301140,T1180929,,100852.0,SKU100096,wrong item,174.57,UPI,10/22/2025
R301141,T1066982,,112291.0,SKU100575,damaged,162.75,card,29 Oct 2024
R301142,T1175694,,108712.0,SKU100229,other,185.4,card,2025/04/29
R301143,T1147752,,102572.0,SKU100580,other,442.05,card,2024/01/07
R301144,T1027909,,118136.0,SKU100217,other,130.65,card,05/22/2024
R301145,T1059640,,104368.0,SKU100467,other,184.76,UPI,2025-11-12
R301146,T1170235,,115022.0,SKU100099,damaged,146.32,UPI,2024/05/26
R301147,T1104011,,106977.0,SKU100577,quality,28.0,UPI,21 Sep 2025
R301148,T1100141,,103410.0,SKU100226,other,146.4,card,10 Oct 2025
R301149,T1110504,,115904.0,SKU100393,other,280.07,card,2024-06-05
R301150,T1166502,,113374.0,SKU100030,damaged,101.93,cash,03/14/2024
R301151,T1049415,2024-09-12,116313.0,SKU100405,wrong item,318.46,UPI,12/09/2024
R301152,T1007300,,112147.0,SKU100437,quality,214.27,card,25-Nov-2024
R301153,T1083834,,115553.0,SKU100443,quality,285.09,cash,27-09-2025 00:00:00
R301154,T1187600,,119118.0,SKU100444,damaged,157.98,UPI,24 Sep 2025
R301155,T10001154,2025-09-10,105725.0,SKU100593,other,57.76,UPI,10/09/2025
R301156,T1041361,,109294.0,SKU100534,damaged,110.46,card,2024-09-19
R301157,T1064979,,100563.0,SKU100566,quality,112.61,UPI,10 Oct 2025
R301158,T1147124,,103800.0,SKU100041,damaged,39.76,cash,23 Oct 2024
R301159,T1035655,2024-11-28,100209.0,SKU100553,quality,185.87,cash,28/11/2024
R301160,T1049816,,105623.0,SKU100156,wrong item,7.36,card,01/23/2025
R301161,T1141730,,109527.0,SKU100263,quality,208.06,UPI,26-Aug-2025
R301162,T1038797,2025-06-09,105172.0,SKU100023,quality,302.15,cash,09/06/2025
R301163,T1188777,,107937.0,SKU100486,wrong item,97.52,cash,2024/04/27
R301164,T1034267,,111698.0,SKU100045,damaged,80.35,card,22 Jun 2024
R301165,T1167771,,103629.0,SKU100166,other,338.68,card,05-Jun-2025
R301166,T1060849,,112722.0,SKU100495,damaged,179.97,cash,02-Oct-2025
R301167,T1041048,,108051.0,SKU100288,wrong item,86.81,card,02/24/2024
R301168,T1069299,2024-06-17,,SKU100164,damaged,136.77,card,17/06/2024
R301169,T1018405,2025-04-02,105209.0,SKU100409,damaged,226.3,UPI,02/04/2025
R301170,T1095490,2025-05-19,119564.0,SKU100021,quality,221.71,UPI,19/05/2025
R301171,T1141853,2025-09-15,114735.0,SKU100586,other,108.62,card,15/09/2025
R301172,T1010576,,105898.0,SKU100105,other,199.86,card,07/30/2024
R301173,T1082866,,106088.0,SKU100022,other,323.6,card,2024-12-14
R301174,T1180210,,115599.0,SKU100234,other,243.11,cash,07-Sep-2024
R301175,T1132340,,108162.0,SKU100518,damaged,206.82,cash,04-May-2025
R301176,T1023968,,100375.0,SKU100126,other,51.51,cash,2024/06/02
R301177,T1023963,,103648.0,SKU100283,wrong item,216.61,card,20-Apr-2025
R301178,T10001177,2025-05-07,101191.0,SKU100205,quality,351.56,card,07/05/2025
R301179,T1032404,,115188.0,SKU100391,quality,15.53,UPI,08-Jun-2024
R301180,T1080823,,100935.0,SKU100221,quality,225.92,cash,11-Feb-2024
R301181,T1183531,,110637.0,SKU100085,damaged,330.26,cash,11/25/2024
R301182,T10001181,,108672.0,SKU100564,damaged,478.58,UPI,05 Oct 2025
R301183,T1125214,2024-11-03,106344.0,SKU100262,quality,178.84,UPI,03/11/2024
R301184,T1001589,,103416.0,SKU100279,wrong item,254.81,cash,08 Dec 2025
R301185,T1144469,,115094.0,SKU100008,damaged,45.61,cash,20-06-2024 00:00:00
R301186,T1143759,2025-05-11,101092.0,SKU100421,damaged,31.75,UPI,11/05/2025
R301187,T1014770,,103309.0,SKU100231,other,37.9,card,2025/07/11
R301188,T1118816,,116326.0,SKU100162,other,62.65,card,15 May 2025
R301189,T10001188,,101903.0,SKU100566,damaged,134.84,cash,13-Sep-2025
R301190,T1019550,,117736.0,SKU100281,damaged,23.14,card,2025/03/02
R301191,T1034476,2025-04-12,101226.0,SKU100247,damaged,65.33,cash,12/04/2025
R301192,T1198461,2024-04-06,104233.0,SKU100267,damaged,158.5,UPI,06/04/2024
R301193,T1047262,2025-02-27,113730.0,SKU100357,other,109.25,cash,27/02/2025
R301194,T1033786,,111900.0,SKU100355,quality,2.35,UPI,04 Mar 2024
R301195,T1072634,,101626.0,SKU100480,quality,46.88,UPI,02 Aug 2025
R301196,T1089220,,111688.0,SKU100111,other,107.56,cash,2024/12/22
R301197,T1042797,,118614.0,SKU100378,damaged,65.6,UPI,23-Oct-2024
R301198,T1198599,,105700.0,SKU100298,damaged,112.15,card,2025-09-06
R301199,T1161931,,116797.0,SKU100273,wrong item,64.22,card,2025/05/25
R301200,T10001199,,113013.0,SKU100371,wrong item,290.44,cash,2024-12-27
R301201,T1125004,,112285.0,SKU100436,other,113.0,cash,2025-03-06
R301202,T1089287,2025-11-25,118212.0,SKU100169,quality,21.08,card,25/11/2025
R301203,T1047128,,101526.0,SKU100545,damaged,140.68,cash,15-09-2024 00:00:00
R301204,T1103906,,100349.0,SKU100148,other,307.22,card,2025/05/09
R301205,T1037520,,103852.0,SKU100176,wrong item,135.69,UPI,2025/07/05
R301206,T1092953,,116278.0,SKU100066,other,55.74,UPI,2025/05/31
R301207,T1019815,,106134.0,SKU100348,wrong item,211.18,cash,2025-06-09
R301208,T1174932,,113689.0,SKU100100,damaged,251.38,cash,03-12-2024 00:00:00
R301209,T1001395,,115368.0,SKU100593,other,216.59,UPI,2025/09/03
R301210,T1087380,,109982.0,SKU100163,damaged,490.77,UPI,2024-04-02
R301211,T1149664,,103478.0,SKU100429,quality,255.47,card,29 May 2025
R301212,T1069519,,100630.0,SKU100016,damaged,160.51,UPI,18-Feb-2024
R301213,T1014893,,105057.0,SKU100542,other,140.16,UPI,11-Mar-2024
R301214,T1084959,,118557.0,SKU100198,other,92.43,UPI,2025-12-19
R301215,T1131145,,102479.0,SKU100196,damaged,308.57,cash,2024-04-27
R301216,T10001215,,106191.0,SKU100253,damaged,90.09,card,01 Jun 2025
R301217,T1159399,,113928.0,SKU100294,quality,121.84,cash,20-07-2024 00:00:00
R301218,T1166299,2024-12-25,117092.0,SKU100475,other,286.41,card,25/12/2024
R301219,T1023572,,109650.0,SKU100135,quality,398.94,cash,2025/01/20
R301220,T1157136,,116511.0,SKU100111,other,266.65,UPI,2024/07/31
R301221,T1159650,,110234.0,SKU100030,other,151.6,UPI,23-Nov-2024
R301222,T1095369,2024-04-03,103376.0,SKU100571,quality,15.36,UPI,03/04/2024
R301223,T1116484,,106099.0,SKU100174,other,48.82,cash,23-May-2024
R301224,T1051639,,109187.0,SKU100362,other,161.94,UPI,2025-10-31
R301225,T1042032,,109115.0,SKU100014,wrong item,251.47,UPI,03/27/2025
R301226,T1111989,2024-03-03,112011.0,SKU100556,damaged,88.91,card,03/03/2024
R301227,T1162704,,106963.0,SKU100311,other,59.9,cash,2024/12/23
R301228,T1052548,,107646.0,SKU100000,damaged,132.03,UPI,2024/02/29
R301229,T1006192,,102773.0,SKU100587,wrong item,362.87,card,2024-04-11
R301230,T1046488,,101204.0,SKU100324,damaged,168.86,cash,20 Sep 2024
R301231,T1067099,,102273.0,SKU100047,quality,78.99,UPI,19-07-2024 00:00:00
R301232,T1118531,2024-07-08,106881.0,SKU100036,wrong item,278.06,UPI,08/07/2024
R301233,T1015943,,116926.0,SKU100052,quality,50.61,cash,2024/02/11
R301234,T1047346,,116867.0,SKU100403,wrong item,189.02,card,16-04-2025 00:00:00
R301235,T1062820,,114305.0,SKU100142,other,31.85,UPI,17-05-2025 00:00:00
R301236,T1171507,,103937.0,SKU100165,wrong item,87.97,cash,2024-09-12
R301237,T1114873,,117252.0,SKU100431,other,152.18,cash,2024-01-18
R301238,T1087292,,107802.0,SKU100310,wrong item,213.95,UPI,04 Apr 2025
R301239,T1147270,,106993.0,SKU100497,quality,252.66,UPI,2025-09-08
R301240,T1111309,,112428.0,SKU100443,wrong item,151.37,card,2024-11-22
R301241,T1047928,,100522.0,SKU100313,other,176.03,UPI,18-Jul-2025
R301242,T1182612,2024-08-01,117231.0,SKU100388,wrong item,67.6,UPI,01/08/2024
R301243,T1100052,2024-04-22,105667.0,SKU100342,wrong item,6.83,cash,22/04/2024
R301244,T1136748,,111927.0,SKU100400,other,65.28,UPI,30 Apr 2024
R301245,T1198063,2025-08-03,111740.0,SKU100363,damaged,200.41,UPI,03/08/2025
R301246,T1036530,,109884.0,SKU100438,wrong item,4.35,card,12/13/2024
R301247,T1069158,,116137.0,SKU100044,other,33.92,cash,20 Apr 2025
R301248,T1030338,2024-12-12,115421.0,SKU100219,quality,33.48,cash,12/12/2024
R301249,T1107814,,109287.0,SKU100570,other,2.35,cash,29-06-2025 00:00:00
R301250,T1029634,,100483.0,SKU100341,wrong item,21.02,card,07-12-2025 00:00:00
R301251,T1126123,2024-04-07,102008.0,SKU100420,damaged,15.32,card,07/04/2024
R301252,T1112210,2024-12-09,100468.0,SKU100465,quality,223.7,cash,09/12/2024
R301253,T1058802,,115563.0,SKU100300,wrong item,70.03,cash,16-04-2024 00:00:00
R301254,T1110818,,111463.0,SKU100451,quality,4.96,UPI,2024-04-09
R301255,T1057667,,107094.0,SKU100025,quality,228.97,cash,07-Nov-2024
R301256,T10001255,2024-09-20,111426.0,SKU100010,quality,149.5,UPI,20/09/2024
R301257,T1073620,,107185.0,SKU100342,other,218.25,UPI,31-Jan-2024
R301258,T1012418,,119919.0,SKU100321,quality,215.28,cash,18 Apr 2025
R301259,T1124656,,111861.0,SKU100116,wrong item,42.26,card,2025/08/07
R301260,T1020854,,,SKU100209,other,58.43,card,08 Mar 2024
R301261,T1110364,,117452.0,SKU100389,wrong item,195.21,UPI,07 Dec 2024
R301262,T1049068,,116243.0,SKU100157,damaged,581.73,UPI,2025-09-08
R301263,T1145232,,103942.0,SKU100554,other,35.58,UPI,2025/03/10
R301264,T1154665,,118269.0,SKU100181,quality,24.32,cash,15-09-2024 00:00:00
R301265,T1151909,,119022.0,SKU100563,other,254.18,UPI,15-Oct-2024
R301266,T1077045,,108525.0,SKU100237,other,105.55,UPI,14 Mar 2025
R301267,T1000157,2024-12-23,101477.0,SKU100551,other,124.59,cash,23/12/2024
R301268,T1099340,,119961.0,SKU100469,damaged,184.05,card,15 Feb 2025
R301269,T1120751,,107907.0,SKU100141,wrong item,337.04,UPI,17-Sep-2025
R301270,T1114037,,109885.0,SKU100535,wrong item,347.81,card,2025/09/17
R301271,T1163050,,110466.0,SKU100421,damaged,328.19,UPI,14 Jan 2024
R301272,T1058550,2025-09-20,115298.0,SKU100009,damaged,391.67,UPI,20/09/2025
R301273,T10001272,,107296.0,SKU100497,damaged,209.92,UPI,2025/03/13
R301274,T1162293,2024-08-09,119813.0,SKU100475,other,412.28,cash,09/08/2024
R301275,T1177232,,101460.0,SKU100355,quality,380.65,cash,18-Apr-2025
R301276,T1170476,,101670.0,SKU100377,damaged,196.05,cash,2025/02/14
R301277,T1084120,,110215.0,SKU100293,other,236.35,card,07/20/2024
R301278,T1126862,2024-01-05,108089.0,SKU100197,damaged,269.23,card,05/01/2024
R301279,T1015284,,110982.0,SKU100439,damaged,105.85,cash,19-Sep-2024
R301280,T1176622,,104567.0,SKU100317,other,180.28,cash,2025/09/26
R301281,T1027015,,106081.0,SKU100540,damaged,205.95,card,2025-12-01
R301282,T1158556,,106328.0,SKU100092,quality,331.88,cash,09/14/2024
R301283,T1178830,,107729.0,SKU100297,other,333.14,card,2024-09-25
R301284,T1054589,,106813.0,SKU100382,other,4.07,cash,01 Sep 2025
R301285,T1007672,,106846.0,SKU100069,other,162.37,card,21-05-2025 00:00:00
R301286,T1061882,,107925.0,SKU100585,wrong item,387.36,card,2025/01/23
R301287,T1124200,,,SKU100326,quality,179.54,UPI,2025/12/22
R301288,T1049295,,117383.0,SKU100408,quality,99.54,card,07/18/2025
R301289,T1115175,,119036.0,SKU100286,damaged,125.52,cash,02 Jul 2025
R301290,T1133256,2024-10-06,105914.0,SKU100001,other,94.43,cash,06/10/2024
R301291,T1150038,,106801.0,SKU100526,damaged,142.34,card,14-Jul-2025
R301292,T1090978,,114299.0,SKU100138,wrong item,212.81,cash,26-02-2024 00:00:00
R301293,T1193528,2025-02-07,111328.0,SKU100491,damaged,46.38,card,07/02/2025
R301294,T1181730,,109864.0,SKU100092,damaged,91.6,cash,23-12-2025 00:00:00
R301295,T1118274,,107088.0,SKU100330,wrong item,52.49,card,29-11-2024 00:00:00
R301296,T1140303,2024-06-28,107807.0,SKU100438,wrong item,176.52,UPI,28/06/2024
R301297,T1033844,,106309.0,SKU100518,damaged,248.21,cash,28-Nov-2024
R301298,T1122413,,117711.0,SKU100510,wrong item,326.68,card,29 Mar 2025
R301299,T1159593,,111752.0,SKU100426,wrong item,232.03,card,14 Apr 2025
R301300,T1106163,,100075.0,SKU100223,damaged,111.88,card,03-Jan-2025
R301301,T1198660,,109718.0,SKU100005,other,100.96,UPI,15 Apr 2024
R301302,T1132606,,107076.0,SKU100279,wrong item,202.82,card,2025-08-24
R301303,T1167972,,,SKU100069,other,3.69,UPI,18-04-2025 00:00:00
R301304,T1119223,,108903.0,SKU100115,wrong item,119.45,UPI,2025/07/11
R301305,T1169311,,103267.0,SKU100325,other,152.4,UPI,12 Apr 2025
R301306,T1086920,,109499.0,SKU100019,quality,190.7,cash,24-03-2024 00:00:00
R301307,T1180544,,,SKU100414,quality,63.14,card,2024-11-29
R301308,T1192587,,117327.0,SKU100528,quality,136.04,card,2024/07/03
R301309,T1017647,,107905.0,SKU100170,quality,190.23,UPI,04-Oct-2025
R301310,T1005580,,102167.0,SKU100325,quality,157.12,UPI,09-Apr-2024
R301311,T1104882,,104832.0,SKU100042,damaged,26.58,UPI,28-08-2024 00:00:00
R301312,T1059848,,114123.0,SKU100480,quality,3.48,cash,24-07-2025 00:00:00
R301313,T1064025,,108436.0,SKU100409,wrong item,81.89,card,14-11-2025 00:00:00
R301314,T1006399,,100933.0,SKU100570,quality,187.71,UPI,01 Aug 2025
R301315,T1080812,,117740.0,SKU100305,other,39.57,card,20 Feb 2024
R301316,T10001315,,110496.0,SKU100030,quality,97.27,UPI,13-03-2024 00:00:00
R301317,T1157179,,111536.0,SKU100280,quality,212.76,cash,2025-12-30
R301318,T1046262,,113759.0,SKU100119,wrong item,18.86,card,2024-04-15
R301319,T1090102,2025-05-18,117056.0,SKU100043,quality,251.42,card,18/05/2025
R301320,T10001319,2025-08-14,113658.0,SKU100117,damaged,201.23,card,14/08/2025
R301321,T1143493,,100040.0,SKU100240,other,205.9,cash,2025/01/07
R301322,T1017363,,100926.0,SKU100079,damaged,85.15,cash,2025-10-10
R301323,T1080956,2024-04-28,113442.0,SKU100493,wrong item,324.44,cash,28/04/2024
R301324,T1033593,,108319.0,SKU100425,quality,182.67,UPI,2025-06-02
R301325,T1071570,,117458.0,SKU100403,other,27.83,card,2025/01/24
R301326,T10001325,,,SKU100353,damaged,411.38,card,2025-09-15
R301327,T1103412,,109253.0,SKU100040,wrong item,343.19,card,23-06-2024 00:00:00
R301328,T1150954,,107066.0,SKU100591,quality,4.6,cash,2025/04/27
R301329,T1144825,,107153.0,SKU100088,quality,81.29,card,13-09-2024 22:10:26
R301330,T1018826,,109488.0,SKU100130,other,62.51,cash,18-12-2025 00:00:00
R301331,T1016798,2024-05-28,100211.0,SKU100387,quality,42.15,cash,28/05/2024
R301332,T1176970,,109884.0,SKU100044,wrong item,94.17,UPI,26-Oct-2024
R301333,T1034962,,110939.0,SKU100362,wrong item,46.49,UPI,10 Jun 2025
R301334,T1190926,2024-07-13,117435.0,SKU100113,wrong item,112.29,UPI,13/07/2024
R301335,T1105314,,107446.0,SKU100031,wrong item,128.18,UPI,27-06-2024 00:00:00
R301336,T1035232,,118521.0,SKU100324,damaged,156.28,cash,29 Aug 2025
R301337,T1093486,,112060.0,SKU100459,other,12.44,cash,20-Mar-2025
R301338,T1064326,,116827.0,SKU100141,quality,331.66,UPI,2025/12/03
R301339,T1073351,,108495.0,SKU100367,damaged,397.61,card,11-May-2024
R301340,T1088129,,113281.0,SKU100185,damaged,92.12,cash,10-04-2025 00:00:00
R301341,T10001340,2024-12-28,103394.0,SKU100591,other,169.15,card,28/12/2024
R301342,T1050455,,113453.0,SKU100121,quality,116.77,UPI,25-03-2024 00:00:00
R301343,T1037497,,103167.0,SKU100329,wrong item,183.49,cash,18 Aug 2024
R301344,T1159016,,105894.0,SKU100328,damaged,76.08,card,04 Aug 2024
R301345,T1135478,,107187.0,SKU100256,quality,169.38,cash,18-Sep-2024
R301346,T1054382,,112452.0,SKU100055,quality,38.69,card,12 Dec 2025
R301347,T1029240,2025-03-11,117566.0,SKU100468,other,288.54,cash,11/03/2025
R301348,T1098123,,102098.0,SKU100208,quality,169.69,UPI,2025/07/06
R301349,T1199877,,102686.0,SKU100387,damaged,59.15,UPI,09/16/2024
R301350,T1003267,2024-11-04,109722.0,SKU100151,other,140.83,card,04/11/2024
R301351,T1064887,,100290.0,SKU100164,damaged,159.95,cash,2024/07/14
R301352,T1161899,,114926.0,SKU100442,damaged,225.54,card,2025-08-31
R301353,T1186538,2025-12-11,119695.0,SKU100125,wrong item,119.59,cash,11/12/2025
R301354,T1147207,,116076.0,SKU100399,damaged,147.01,cash,09 Jul 2024
R301355,T1162842,,101324.0,SKU100460,quality,106.2,UPI,22-Jul-2025
R301356,T1138954,,107429.0,SKU100449,other,322.24,UPI,20-May-2025
R301357,T1028690,,109078.0,SKU100529,other,68.69,card,26-Jan-2025
R301358,T10001357,,113799.0,SKU100379,quality,95.51,card,06-12-2025 00:00:00
R301359,T1163723,,109592.0,SKU100033,damaged,69.76,UPI,08-12-2024 00:00:00
R301360,T1168324,,119899.0,SKU100491,wrong item,48.79,cash,25-Feb-2025
R301361,T1151485,2024-11-08,118400.0,SKU100396,quality,201.33,cash,08/11/2024
R301362,T1004896,2025-05-04,105279.0,SKU100446,other,117.4,cash,04/05/2025
R301363,T1150224,,111501.0,SKU100366,wrong item,110.52,cash,04-07-2025 00:00:00
R301364,T1074598,,119650.0,SKU100432,quality,336.55,UPI,22-07-2024 09:54:59
R301365,T1053819,,110822.0,SKU100166,quality,372.83,UPI,22-Apr-2025
R301366,T1127496,,101199.0,SKU100359,other,182.42,cash,2025/07/31
R301367,T1186283,2025-02-02,113624.0,SKU100042,damaged,42.86,UPI,02/02/2025
R301368,T1040598,,104240.0,SKU100571,quality,56.15,card,28-Jun-2025
R301369,T1148284,,105304.0,SKU100546,other,58.51,card,2025-05-20
R301370,T1047851,,,SKU100206,wrong item,143.4,card,2025-10-13
R301371,T1090385,,105773.0,SKU100304,quality,201.14,UPI,2024-04-30
R301372,T1091727,,107095.0,SKU100166,other,129.24,cash,10-06-2024 00:00:00
R301373,T1127702,,103542.0,SKU100370,quality,389.93,cash,30-Apr-2024
R301374,T1000343,,104208.0,SKU100305,wrong item,271.06,UPI,2024-08-16
R301375,T1019532,2025-12-02,104209.0,SKU100399,wrong item,183.55,cash,02/12/2025
R301376,T1131280,,115776.0,SKU100397,other,17.02,UPI,07-Dec-2024
R301377,T1125017,,104824.0,SKU100233,wrong item,180.2,UPI,27-01-2025 00:00:00
R301378,T1086076,,116171.0,SKU100462,quality,218.18,cash,03-10-2024 00:00:00
R301379,T1044725,,103159.0,SKU100567,wrong item,213.5,cash,01-01-2025 00:00:00
R301380,T1020514,,118976.0,SKU100355,wrong item,85.01,card,20 Jun 2025
R301381,T1008307,2024-11-17,113672.0,SKU100433,damaged,74.59,UPI,17/11/2024
R301382,T1169848,,112374.0,SKU100369,other,307.93,card,27-Jun-2025
R301383,T1114357,,108275.0,SKU100039,other,308.92,UPI,30-09-2024 00:00:00
R301384,T1147761,,102464.0,SKU100111,other,215.86,UPI,08/22/2024
R301385,T1032171,2025-03-04,115753.0,SKU100122,damaged,163.53,card,04/03/2025
R301386,T1060099,,103816.0,SKU100590,other,10.43,UPI,20-06-2025 00:00:00
R301387,T1017489,,111731.0,SKU100131,quality,185.49,UPI,03/25/2025
R301388,T1060859,,110248.0,SKU100490,quality,270.59,UPI,2024-01-02
R301389,T1163659,,114491.0,SKU100062,quality,225.09,UPI,2024/06/23
R301390,T1088598,,111188.0,SKU100276,quality,367.25,cash,2024/08/24
R301391,T1067122,,108793.0,SKU100570,quality,125.46,cash,05-01-2024 00:00:00
R301392,T1009559,2025-01-08,106726.0,SKU100134,wrong item,80.84,cash,08/01/2025
R301393,T1045854,,104293.0,SKU100081,wrong item,140.26,UPI,2024-01-02
R301394,T1029033,,117606.0,SKU100126,quality,194.38,cash,16 Jan 2025
R301395,T1035264,2024-04-22,105256.0,SKU100163,wrong item,141.02,card,22/04/2024
R301396,T1011322,,110947.0,SKU100562,damaged,320.91,card,18-Jun-2025
R301397,T1058935,2025-09-02,114793.0,SKU100295,damaged,379.74,card,02/09/2025
R301398,T1081532,,104368.0,SKU100066,damaged,178.7,card,09-06-2024 00:00:00
R301399,T1008877,,117217.0,SKU100594,damaged,100.1,UPI,02-09-2025 00:00:00
R301400,T1141744,,116175.0,SKU100266,wrong item,325.35,card,07-May-2025
R301401,T1079275,,114196.0,SKU100167,quality,149.68,card,2024/06/02
R301402,T1087244,,109431.0,SKU100465,quality,434.83,cash,2025-09-05
R301403,T1103673,,,SKU100109,quality,102.32,card,07-02-2025 00:00:00
R301404,T1043251,,109588.0,SKU100589,other,153.23,cash,2024/10/25
R301405,T1152016,,102231.0,SKU100318,quality,232.4,UPI,21-01-2025 00:00:00
R301406,T10001405,,114189.0,SKU100332,other,12.87,card,2024-02-22
R301407,T1186467,,118055.0,SKU100107,quality,162.19,cash,08-07-2025 00:00:00
R301408,T1124397,,119092.0,SKU100146,damaged,147.69,cash,05-06-2025 00:00:00
R301409,T1192594,,102831.0,SKU100311,wrong item,326.25,card,03-11-2024 00:00:00
R301410,T1022370,,102230.0,SKU100485,quality,209.62,card,10-06-2024 14:22:33
R301411,T1011972,,100623.0,SKU100531,other,8.89,card,18 May 2024
R301412,T10001411,,107256.0,SKU100539,wrong item,241.39,card,15 Jun 2024
R301413,T10001412,,119814.0,SKU100188,wrong item,19.48,card,2024-12-27
R301414,T1082742,,107791.0,SKU100078,other,67.79,card,2025/01/10
R301415,T1126471,,111174.0,SKU100242,quality,242.63,cash,04/26/2025
R301416,T1015026,,114993.0,SKU100045,wrong item,124.21,cash,16-Dec-2024
R301417,T1033375,2024-11-07,103550.0,SKU100106,quality,20.4,cash,07/11/2024
R301418,T1062501,,111746.0,SKU100267,quality,211.93,cash,10 Apr 2024
R301419,T1120723,,119235.0,SKU100035,wrong item,28.14,card,01-Oct-2025
R301420,T1006948,,110714.0,SKU100239,other,23.27,UPI,2024-09-27
R301421,T1030011,,107068.0,SKU100016,other,56.76,cash,31-01-2025 00:00:00
R301422,T1078673,,115941.0,SKU100422,wrong item,116.3,UPI,2024/12/02
R301423,T10001422,2025-02-03,118468.0,SKU100124,wrong item,72.7,cash,03/02/2025
R301424,T1085161,,115951.0,SKU100419,quality,181.25,card,2024/09/15
R301425,T1136145,2025-11-18,115921.0,SKU100224,damaged,169.19,UPI,18/11/2025
R301426,T1182699,,101038.0,SKU100289,quality,20.99,cash,2025/04/20
R301427,T1174043,,117768.0,SKU100426,wrong item,33.41,cash,2024/12/12
R301428,T1073852,,103230.0,SKU100514,quality,159.83,cash,2025/04/15
R301429,T1130792,,103580.0,SKU100581,quality,90.89,cash,2025/11/28
R301430,T1153859,2024-03-30,116482.0,SKU100543,wrong item,44.47,cash,30/03/2024
R301431,T10001430,,115868.0,SKU100550,damaged,199.49,cash,05-11-2025 00:00:00
R301432,T1157259,,108975.0,SKU100074,damaged,83.24,UPI,18-01-2024 02:51:06
R301433,T1058599,,110669.0,SKU100101,damaged,291.66,card,29-09-2025 00:00:00
R301434,T1131628,,106445.0,SKU100273,wrong item,55.29,UPI,09-09-2025 00:00:00
R301435,T1150188,,,SKU100379,other,155.71,card,08/17/2024
R301436,T1020101,2024-08-30,109455.0,SKU100445,other,153.53,cash,30/08/2024
R301437,T1104902,,111365.0,SKU100090,quality,220.07,cash,12-01-2025 00:00:00
R301438,T1079524,,112839.0,SKU100425,quality,200.7,UPI,2025/06/12
R301439,T10001438,,119700.0,SKU100153,damaged,218.97,cash,05-07-2025 05:55:48
R301440,T1147295,,119790.0,SKU100549,other,205.99,card,04-Jun-2024
R301441,T1133453,2025-10-19,111412.0,SKU100427,wrong item,151.6,card,19/10/2025
R301442,T1119905,,106285.0,SKU100335,other,204.28,card,2024-06-07
R301443,T10001442,,116079.0,SKU100441,damaged,62.1,cash,20 Dec 2024
R301444,T1035718,,119213.0,SKU100535,damaged,261.55,UPI,2025-07-09
R301445,T1096964,,101963.0,SKU100572,wrong item,25.71,card,03/30/2025
R301446,T1144800,,104391.0,SKU100006,damaged,3.57,UPI,19-01-2024 00:00:00
R301447,T1125658,,104853.0,SKU100365,wrong item,187.12,card,2025/07/04
R301448,T1016736,,101316.0,SKU100296,other,140.08,card,2025/05/02
R301449,T1085760,,103913.0,SKU100361,quality,189.3,cash,2025/09/22
R301450,T1179057,,111168.0,SKU100074,wrong item,170.19,UPI,10 May 2025
R301451,T1148175,,111442.0,SKU100183,wrong item,333.3,cash,03/19/2024
R301452,T10001451,,106235.0,SKU100022,damaged,5.19,UPI,04 Mar 2025
R301453,T1095596,,100309.0,SKU100383,quality,82.69,card,22 Sep 2025
R301454,T10001453,,116925.0,SKU100468,other,59.54,card,2024/03/21
R301455,T1101156,2025-04-12,119846.0,SKU100430,other,175.87,cash,12/04/2025
R301456,T1081248,,101976.0,SKU100481,damaged,256.04,UPI,13 Jun 2024
R301457,T1152507,,115715.0,SKU100402,damaged,95.38,card,05-Feb-2024
R301458,T1054712,2025-04-01,104274.0,SKU100323,other,50.8,cash,01/04/2025
R301459,T1119783,,103664.0,SKU100001,other,166.01,card,23 Nov 2025
R301460,T1149687,2025-09-25,107380.0,SKU100491,damaged,309.61,cash,25/09/2025
R301461,T1062612,2025-09-25,101449.0,SKU100210,quality,108.45,UPI,25/09/2025
R301462,T1076170,,113195.0,SKU100383,wrong item,45.07,UPI,28-Mar-2024
R301463,T1039843,,113431.0,SKU100464,quality,126.57,cash,2025/02/26
R301464,T1044390,,118188.0,SKU100193,quality,137.69,cash,12/28/2025
R301465,T1013198,2025-07-03,100720.0,SKU100262,damaged,219.05,cash,03/07/2025
R301466,T1106244,,111237.0,SKU100052,other,220.65,UPI,27-Aug-2025
R301467,T1008751,2025-09-08,110984.0,SKU100270,other,228.26,card,08/09/2025
R301468,T1001160,,104609.0,SKU100247,damaged,264.94,cash,2025-06-02
R301469,T1057329,,113961.0,SKU100197,damaged,0.56,card,11-05-2024 10:35:37
R301470,T1105735,2024-03-25,112293.0,SKU100241,wrong item,164.92,cash,25/03/2024
R301471,T1149552,,106172.0,SKU100271,other,175.38,UPI,2025/10/05
R301472,T1130817,,116415.0,SKU100192,other,18.25,card,2025-06-25
R301473,T1076032,,100644.0,SKU100157,damaged,93.19,cash,12/13/2025
R301474,T1111853,,107166.0,SKU100553,wrong item,152.34,card,2024-10-31
R301475,T1141141,,114408.0,SKU100531,wrong item,245.89,cash,2024-10-19
R301476,T1142569,2024-04-09,,SKU100490,quality,117.79,card,09/04/2024
R301477,T1035705,,114642.0,SKU100001,quality,44.57,card,2024/05/29
R301478,T1197829,,116176.0,SKU100463,quality,281.96,card,05-Aug-2024
R301479,T1019128,2025-09-30,118101.0,SKU100337,quality,37.11,card,30/09/2025
R301480,T1100015,,117968.0,SKU100383,wrong item,80.62,cash,2024/03/07
R301481,T1180585,2025-01-08,107541.0,SKU100500,damaged,189.67,card,08/01/2025
R301482,T1063995,,111876.0,SKU100100,other,52.47,cash,01 Jul 2024
R301483,T1031329,2024-09-29,114882.0,SKU100428,wrong item,17.15,cash,29/09/2024
R301484,T1016555,,108944.0,SKU100088,quality,103.31,cash,05/31/2024
R301485,T1106468,,108634.0,SKU100086,wrong item,118.25,UPI,2024/08/13
R301486,T1045844,,113363.0,SKU100420,other,84.3,card,25-Dec-2024
R301487,T1120178,2024-12-12,103088.0,SKU100362,other,128.12,UPI,12/12/2024
R301488,T10001487,,113761.0,SKU100226,other,340.66,cash,2025/05/08
R301489,T1094268,,115373.0,SKU100019,other,84.99,card,2024-12-25
R301490,T1107176,2025-12-03,111955.0,SKU100190,other,140.67,UPI,03/12/2025
R301491,T1069438,,109499.0,SKU100253,wrong item,163.34,cash,08 Feb 2025
R301492,T1005565,,113883.0,SKU100477,quality,326.91,UPI,05-10-2025 00:00:00
R301493,T1030716,2025-12-28,102638.0,SKU100565,wrong item,223.3,UPI,28/12/2025
R301494,T1060241,,103489.0,SKU100148,other,246.56,card,30-Jul-2024
R301495,T1080344,2025-01-09,100473.0,SKU100057,other,20.57,UPI,09/01/2025
R301496,T1134914,2024-06-16,100341.0,SKU100580,quality,228.59,cash,16/06/2024
R301497,T1115797,,100370.0,SKU100540,wrong item,79.91,cash,19-04-2025 00:00:00
R301498,T1026725,,114652.0,SKU100083,other,167.25,cash,08-Nov-2025
R301499,T1141244,2025-08-02,108468.0,SKU100339,damaged,298.04,cash,02/08/2025
R301500,T1163794,,103932.0,SKU100074,damaged,44.0,card,18-Jun-2025
R301501,T1058681,,108800.0,SKU100326,damaged,256.3,UPI,2024/09/25
R301502,T1101199,,119771.0,SKU100393,quality,146.09,UPI,2025/03/02
R301503,T1172135,,112907.0,SKU100488,wrong item,24.12,UPI,2025-03-18
R301504,T1116859,2024-12-01,108176.0,SKU100151,damaged,303.29,cash,01/12/2024
R301505,T1086598,,116425.0,SKU100437,other,100.26,UPI,2024-05-28
R301506,T1176979,2024-07-27,108069.0,SKU100210,other,244.28,card,27/07/2024
R301507,T1054814,2024-06-27,113025.0,SKU100188,damaged,39.48,card,27/06/2024
R301508,T10001507,,115296.0,SKU100491,wrong item,271.01,cash,02/24/2025
R301509,T1105023,2025-02-21,114621.0,SKU100074,wrong item,84.04,card,21/02/2025
R301510,T1058963,2025-03-07,108917.0,SKU100399,damaged,11.85,UPI,07/03/2025
R301511,T1153534,2025-03-26,103507.0,SKU100166,damaged,65.44,UPI,26/03/2025
R301512,T1077038,,116292.0,SKU100478,other,195.82,UPI,2024-07-01
R301513,T1018941,,119566.0,SKU100566,wrong item,103.43,UPI,16-10-2024 00:00:00
R301514,T1147416,,106758.0,SKU100360,quality,206.89,UPI,2024/03/28
R301515,T1022183,,100820.0,SKU100415,damaged,237.71,UPI,2024/09/07
R301516,T1000417,,101606.0,SKU100279,wrong item,121.98,card,11-07-2025 00:00:00
R301517,T1024804,,106397.0,SKU100517,wrong item,105.38,card,18-05-2025 00:00:00
R301518,T1068081,,100948.0,SKU100080,wrong item,274.15,cash,14-Oct-2024
R301519,T1034083,,106202.0,SKU100119,damaged,234.8,cash,19 Sep 2024
R301520,T1077617,2024-08-15,109207.0,SKU100141,other,253.51,cash,15/08/2024
R301521,T1177312,2024-10-23,106688.0,SKU100314,quality,281.19,cash,23/10/2024
R301522,T1071884,,111524.0,SKU100442,other,142.06,card,17 Dec 2024
R301523,T1177282,,106093.0,SKU100572,other,200.16,cash,06/13/2024
R301524,T1162238,,117851.0,SKU100265,quality,0.26,cash,02-Dec-2024
R301525,T1107753,,103095.0,SKU100595,quality,172.75,UPI,2024/08/23
R301526,T1078683,,102502.0,SKU100342,quality,129.3,UPI,2025/01/13
R301527,T1185493,,114539.0,SKU100388,wrong item,187.91,cash,2025/09/12
R301528,T1115143,,106967.0,SKU100519,other,138.55,UPI,05/21/2025
R301529,T1124898,,112208.0,SKU100272,damaged,200.6,card,03-Aug-2025
R301530,T1064270,,105142.0,SKU100582,quality,188.38,card,24-Oct-2025
R301531,T10001530,,,SKU100391,quality,109.29,UPI,01 Sep 2025
R301532,T1171737,2024-03-08,100814.0,SKU100466,quality,397.47,UPI,08/03/2024
R301533,T1137687,2025-11-14,101246.0,SKU100112,quality,138.68,card,14/11/2025
R301534,T1133862,,100794.0,SKU100225,other,104.01,cash,20-10-2024 00:00:00
R301535,T1139059,,104549.0,SKU100004,quality,363.55,cash,18-Sep-2024
R301536,T1049354,,112153.0,SKU100033,other,123.23,UPI,17-11-2025 00:00:00
R301537,T1143762,,103527.0,SKU100403,damaged,209.14,cash,20 Feb 2025
R301538,T1037080,,105507.0,SKU100464,wrong item,161.66,card,13-Jun-2024
R301539,T1044255,,118016.0,SKU100290,other,325.84,cash,08 Jul 2025
R301540,T1125761,,116120.0,SKU100053,other,51.76,cash,2025-04-14
R301541,T1096027,,,SKU100450,wrong item,82.68,card,20 Jun 2024
R301542,T1143533,,117958.0,SKU100366,other,185.81,UPI,2024-04-07
R301543,T1118979,,105040.0,SKU100214,wrong item,126.49,UPI,26-Aug-2025
R301544,T1040717,,103889.0,SKU100559,other,249.59,UPI,15-Dec-2024
R301545,T1011028,,113860.0,SKU100122,wrong item,110.58,cash,12/29/2025
R301546,T1199036,,109316.0,SKU100487,wrong item,264.7,UPI,08/13/2025
R301547,T1072809,,119039.0,SKU100219,damaged,136.49,cash,2025-09-02
R301548,T1070818,2024-03-12,101171.0,SKU100534,other,339.47,UPI,12/03/2024
R301549,T10001548,,103754.0,SKU100390,other,101.52,card,2025/02/27
R301550,T1199979,,107697.0,SKU100192,damaged,306.21,cash,08-Jul-2024
R301551,T1190727,,107527.0,SKU100130,wrong item,36.86,UPI,2025-05-15
R301552,T1180728,,104269.0,SKU100367,damaged,148.69,card,19-11-2024 00:00:00
R301553,T1068568,,105420.0,SKU100411,damaged,198.24,cash,01-05-2024 00:00:00
R301554,T1074688,,110879.0,SKU100291,other,193.05,cash,2024-11-25
R301555,T1038303,,114172.0,SKU100255,wrong item,86.81,cash,16-10-2024 00:00:00
R301556,T1147936,,109203.0,SKU100082,wrong item,5.99,UPI,13-Sep-2024
R301557,T1068948,2025-11-08,117800.0,SKU100297,damaged,244.46,UPI,08/11/2025
R301558,T10001557,,104914.0,SKU100413,quality,164.61,card,12-04-2024 00:00:00
R301559,T1104122,,113606.0,SKU100213,quality,116.56,cash,25 May 2024
R301560,T1126479,,105230.0,SKU100405,quality,107.55,UPI,09/19/2025
R301561,T1162079,,110650.0,SKU100280,wrong item,46.52,card,13-Apr-2024
R301562,T1104505,,103139.0,SKU100017,other,102.97,UPI,05 Apr 2024
R301563,T1170145,,116447.0,SKU100259,damaged,176.35,cash,31 Mar 2024
R301564,T1080481,2024-08-10,110970.0,SKU100101,quality,97.0,UPI,10/08/2024
R301565,T1097122,,114300.0,SKU100004,quality,311.79,cash,2025/10/09
R301566,T10001565,,100786.0,SKU100550,damaged,192.12,card,08/20/2025
R301567,T1034818,,,SKU100154,quality,72.67,UPI,05 Jul 2024
R301568,T1119491,,110011.0,SKU100406,wrong item,178.96,cash,25 Sep 2024
R301569,T1029298,2024-02-02,107689.0,SKU100389,damaged,187.49,UPI,02/02/2024
R301570,T1072012,,109939.0,SKU100167,wrong item,240.39,card,01-Feb-2024
R301571,T1072795,,118215.0,SKU100186,other,149.41,cash,2025/12/06
R301572,T1022075,,106388.0,SKU100210,other,1.98,UPI,29 Jul 2025
R301573,T1093565,,112295.0,SKU100597,damaged,1.06,card,17-05-2025 00:00:00
R301574,T1038758,2024-07-01,118879.0,SKU100524,damaged,195.75,UPI,01/07/2024
R301575,T1130812,,111969.0,SKU100373,quality,146.45,cash,20-07-2025 00:00:00
R301576,T1128971,2025-12-20,108733.0,SKU100167,quality,166.06,cash,20/12/2025
R301577,T1080235,,113482.0,SKU100491,damaged,2.67,card,2024/12/16
R301578,T1098694,,118760.0,SKU100064,damaged,132.86,cash,04-Jul-2025
R301579,T1046533,,102894.0,SKU100551,other,48.13,cash,2025-10-29
R301580,T1010669,2024-05-18,100144.0,SKU100423,other,313.47,card,18/05/2024
R301581,T1046300,,108204.0,SKU100124,wrong item,22.25,card,2025-04-27
R301582,T1134760,,119148.0,SKU100366,wrong item,77.03,card,2024/02/01
R301583,T1195565,,108725.0,SKU100167,wrong item,166.23,UPI,12/16/2025
R301584,T1157159,2024-07-24,106867.0,SKU100234,other,304.65,card,24/07/2024
R301585,T1002661,2025-11-08,117435.0,SKU100321,other,157.47,card,08/11/2025
R301586,T1063683,,100161.0,SKU100371,other,111.38,cash,12-11-2024 00:00:00
R301587,T1018013,2024-06-04,114522.0,SKU100512,other,32.73,UPI,04/06/2024
R301588,T1130949,,113871.0,SKU100426,wrong item,418.66,UPI,2025-02-17
R301589,T1126398,,115664.0,SKU100400,other,14.78,cash,07 Feb 2025
R301590,T1154191,2024-05-14,109162.0,SKU100067,damaged,339.85,UPI,14/05/2024
R301591,T1166283,,100309.0,SKU100401,quality,262.8,cash,2024/04/24
R301592,T1062487,,110402.0,SKU100114,damaged,128.97,cash,27 Aug 2025
R301593,T1043860,2024-01-25,105686.0,SKU100487,damaged,340.57,UPI,25/01/2024
R301594,T1018543,,112835.0,SKU100264,wrong item,188.11,UPI,12/28/2025
R301595,T1182960,,113628.0,SKU100126,wrong item,139.57,card,2025-03-17
R301596,T1131626,,116683.0,SKU100114,wrong item,17.59,card,29-Jul-2025
R301597,T1095559,,106789.0,SKU100010,damaged,120.48,cash,2024/12/06
R301598,T1000474,,110113.0,SKU100354,other,205.78,cash,05 Mar 2025
R301599,T1014793,,108933.0,SKU100473,other,14.0,cash,08-Nov-2024
R301600,T1192651,,111511.0,SKU100533,wrong item,80.16,UPI,12-09-2024 00:00:00
R301601,T10001600,,103004.0,SKU100160,other,216.92,cash,21-Sep-2025
R301602,T1001664,,106063.0,SKU100077,wrong item,15.54,card,02/19/2024
R301603,T1146089,,115337.0,SKU100385,damaged,237.88,cash,2024-10-13
R301604,T1015462,2024-12-12,104876.0,SKU100475,damaged,332.15,cash,12/12/2024
R301605,T1107913,,114581.0,SKU100317,wrong item,206.7,card,30-Sep-2025
R301606,T1122973,,100237.0,SKU100397,wrong item,91.09,card,2025-01-10
R301607,T1089022,2024-07-13,108898.0,SKU100436,other,111.04,cash,13/07/2024
R301608,T1010894,,114330.0,SKU100421,other,178.15,UPI,2025-03-27
R301609,T1013147,,103864.0,SKU100198,other,126.83,UPI,02-07-2024 00:00:00
R301610,T1148453,2025-02-21,118093.0,SKU100093,quality,67.32,cash,21/02/2025
R301611,T1161458,,113748.0,SKU100104,wrong item,375.59,UPI,09/17/2025
R301612,T1142049,,105480.0,SKU100333,wrong item,106.52,cash,08 Dec 2025
R301613,T1121948,,105529.0,SKU100553,wrong item,176.31,UPI,2025/05/20
R301614,T1158043,2024-12-16,117379.0,SKU100000,quality,202.99,cash,16/12/2024
R301615,T1110174,,108743.0,SKU100268,damaged,83.93,UPI,2024/09/27
R301616,T1103527,2024-03-07,110565.0,SKU100004,wrong item,2.15,UPI,07/03/2024
R301617,T1162408,,104509.0,SKU100162,quality,212.92,cash,19-12-2025 00:00:00
R301618,T10001617,,119500.0,SKU100107,other,175.81,UPI,2025/08/27
R301619,T1106863,,117925.0,SKU100576,quality,163.96,UPI,2024/11/16
R301620,T1011992,,118276.0,SKU100428,quality,105.34,cash,14 Feb 2025
R301621,T1189627,,113457.0,SKU100433,wrong item,141.67,cash,07/14/2024
R301622,T1054820,,118982.0,SKU100499,wrong item,64.38,card,31-10-2025 08:26:17
R301623,T1180456,,117572.0,SKU100524,wrong item,124.12,cash,07 Oct 2024
R301624,T1171569,,118376.0,SKU100149,quality,355.76,card,09/24/2024
R301625,T1171495,,113578.0,SKU100120,damaged,227.08,card,15-03-2024 00:00:00
R301626,T1140828,2025-04-03,110451.0,SKU100179,wrong item,240.24,cash,03/04/2025
R301627,T1054215,,102857.0,SKU100555,wrong item,98.23,UPI,14 May 2025
R301628,T1133709,,113776.0,SKU100295,wrong item,312.83,UPI,06/29/2025
R301629,T1024448,,,SKU100300,wrong item,48.43,card,18 Nov 2025
R301630,T1040615,,114227.0,SKU100257,damaged,86.93,card,2024-02-17
R301631,T10001630,,101001.0,SKU100160,wrong item,251.92,UPI,25-09-2024 14:44:06
R301632,T1140391,2024-06-15,118356.0,SKU100501,damaged,28.43,UPI,15/06/2024
R301633,T1075973,,107187.0,SKU100561,wrong item,145.68,card,25 May 2024
R301634,T1185044,,101979.0,SKU100088,wrong item,235.54,cash,2025-09-15
R301635,T1178168,,110301.0,SKU100322,damaged,39.38,cash,01/18/2024
R301636,T1001755,,110909.0,SKU100536,other,113.73,cash,27 May 2025
R301637,T1053840,,101636.0,SKU100379,wrong item,95.08,card,05/23/2024
R301638,T1169215,,115264.0,SKU100087,damaged,174.78,cash,2024/11/03
R301639,T1094966,,113796.0,SKU100089,quality,93.05,card,02-Apr-2025
R301640,T1085773,,101447.0,SKU100435,quality,90.46,card,2024-05-05
R301641,T1139193,,115412.0,SKU100509,wrong item,184.9,card,07-Jul-2025
R301642,T1094170,2025-10-26,107631.0,SKU100182,quality,150.6,cash,26/10/2025
R301643,T1088693,,118714.0,SKU100227,other,50.83,UPI,16-Jul-2025
R301644,T1034182,,103234.0,SKU100025,wrong item,260.75,cash,2025-03-06
R301645,T10001644,,113053.0,SKU100312,wrong item,251.66,cash,12/31/2024
R301646,T1174468,,111988.0,SKU100439,other,75.26,cash,14 Feb 2025
R301647,T1021365,,110873.0,SKU100341,other,472.16,card,2025-02-13
R301648,T1050788,,119685.0,SKU100374,quality,154.28,card,2024/05/11
R301649,T1163788,,112082.0,SKU100142,other,343.93,card,04-01-2024 16:45:23
R301650,T1107504,,105998.0,SKU100200,quality,226.74,cash,2024/06/28
R301651,T1113086,,111566.0,SKU100105,other,40.09,card,08-01-2025 00:00:00
R301652,T1117803,,107910.0,SKU100549,damaged,215.14,cash,11 Feb 2024
R301653,T1086423,2025-06-22,110050.0,SKU100045,quality,234.47,card,22/06/2025
R301654,T1024656,,113657.0,SKU100226,wrong item,58.47,card,2025-08-02
R301655,T1017982,,102165.0,SKU100067,other,232.37,UPI,2024/04/27
R301656,T1031839,,108782.0,SKU100052,other,74.17,cash,23-11-2025 00:00:00
R301657,T1151271,,105574.0,SKU100020,quality,114.24,card,06-06-2025 00:00:00
R301658,T1004050,,104142.0,SKU100115,wrong item,42.81,card,2025-08-04
R301659,T1007264,,105480.0,SKU100542,damaged,281.57,card,2024-05-16
R301660,T1017803,,114351.0,SKU100539,wrong item,292.81,cash,30 Apr 2025
R301661,T1178721,,108963.0,SKU100214,damaged,121.12,cash,09-Oct-2024
R301662,T1188769,,119287.0,SKU100569,quality,101.15,cash,2024-11-22
R301663,T1196378,2024-06-06,112156.0,SKU100055,damaged,235.46,UPI,06/06/2024
R301664,T1126915,2025-10-07,119607.0,SKU100258,other,210.32,cash,07/10/2025
R301665,T1014939,,115831.0,SKU100268,other,0.42,cash,2024-07-16
R301666,T1017776,2024-08-26,118542.0,SKU100336,other,106.56,cash,26/08/2024
R301667,T1132165,,113814.0,SKU100168,other,144.65,UPI,06/21/2025
R301668,T1052783,,108189.0,SKU100107,quality,261.57,card,29 Nov 2024
R301669,T1173518,,104691.0,SKU100564,wrong item,89.75,card,07/15/2025
R301670,T1190799,,104686.0,SKU100426,quality,104.85,card,2025-03-04
R301671,T1091011,2025-04-01,105121.0,SKU100195,wrong item,60.51,UPI,01/04/2025
R301672,T10001671,,111685.0,SKU100137,wrong item,321.25,card,03-09-2025 00:00:00
R301673,T1148238,,105329.0,SKU100512,damaged,233.15,UPI,2025/03/15
R301674,T1141790,,101898.0,SKU100204,damaged,208.8,cash,2025-03-08
R301675,T1145989,,103267.0,SKU100360,other,187.29,cash,2025-01-02
R301676,T1042995,,109817.0,SKU100557,damaged,196.24,UPI,2024/05/21
R301677,T1016291,,118223.0,SKU100598,wrong item,58.1,UPI,2025/12/07
R301678,T1184291,,106446.0,SKU100427,quality,283.58,card,06-Sep-2025
R301679,T1073460,,,SKU100431,damaged,203.78,UPI,2024-02-17
R301680,T1103345,,114387.0,SKU100197,wrong item,217.7,card,11 Apr 2025
R301681,T1080796,,112624.0,SKU100468,other,203.48,cash,2024-09-05
R301682,T1135436,,114907.0,SKU100552,other,182.58,card,09-11-2024 00:00:00
R301683,T1089067,,100193.0,SKU100096,other,239.73,card,03/15/2024
R301684,T1175361,,114983.0,SKU100028,other,217.55,cash,2024-04-08
R301685,T1187531,,115378.0,SKU100116,wrong item,266.08,cash,2025-07-27
R301686,T1166602,,107946.0,SKU100166,damaged,176.0,cash,2024-10-29
R301687,T1176291,,102188.0,SKU100185,other,425.11,card,12/17/2025
R301688,T1093004,,106524.0,SKU100545,other,186.41,UPI,2025-06-04
R301689,T1125415,,101869.0,SKU100417,quality,201.31,UPI,30-May-2024
R301690,T1035452,,111917.0,SKU100313,wrong item,202.61,card,26-06-2024 00:00:00
R301691,T1001746,,117591.0,SKU100197,wrong item,49.17,card,15-07-2024 00:00:00
R301692,T1090388,,114353.0,SKU100008,wrong item,25.57,cash,2024-09-04
R301693,T1076333,,116809.0,SKU100181,quality,232.66,card,2025/02/25
R301694,T1029924,,107350.0,SKU100158,wrong item,96.93,cash,2025-08-25
R301695,T1161640,,102994.0,SKU100463,quality,317.86,cash,07/14/2025
R301696,T1009743,,108123.0,SKU100018,other,21.87,UPI,2024-08-31
R301697,T1181171,,118258.0,SKU100213,wrong item,241.94,UPI,2024-04-16
R301698,T1159206,2024-11-25,102357.0,SKU100372,other,217.77,card,25/11/2024
R301699,T10001698,,119713.0,SKU100403,quality,88.87,card,10-06-2024 00:00:00
R301700,T1064068,,107693.0,SKU100532,wrong item,92.05,UPI,01 Nov 2025
R301701,T1199005,,113380.0,SKU100169,other,177.35,cash,2024/08/15
R301702,T1140494,,114452.0,SKU100588,wrong item,293.69,card,2024-08-17
R301703,T1013923,,112314.0,SKU100275,damaged,51.04,UPI,20-02-2025 00:00:00
R301704,T1125866,2024-09-14,108311.0,SKU100071,quality,166.71,card,14/09/2024
R301705,T1195969,,107334.0,SKU100266,damaged,69.06,cash,14 Jun 2025
R301706,T1171102,,101784.0,SKU100253,damaged,98.82,cash,2024-01-20
R301707,T1077895,,103036.0,SKU100390,other,225.49,card,03-02-2025 00:00:00
R301708,T1137712,,,SKU100310,quality,14.56,card,2025-12-01
R301709,T1062203,,104517.0,SKU100079,damaged,107.69,UPI,23-Aug-2025
R301710,T1168143,,101971.0,SKU100526,other,3.2,UPI,18-Jul-2024
R301711,T1057389,2024-03-10,111761.0,SKU100423,damaged,271.85,UPI,10/03/2024
R301712,T1135393,,110427.0,SKU100011,other,460.56,UPI,24-08-2024 00:00:00
R301713,T1187413,2025-09-15,106896.0,SKU100442,damaged,315.04,UPI,15/09/2025
R301714,T1124798,2025-04-08,105146.0,SKU100406,quality,50.42,card,08/04/2025
R301715,T1015496,,106027.0,SKU100370,damaged,0.94,card,27 Apr 2024
R301716,T1160708,,117258.0,SKU100378,quality,148.87,card,12-02-2025 00:00:00
R301717,T1144729,,112935.0,SKU100215,damaged,337.49,card,2025-03-25
R301718,T1106028,,102607.0,SKU100050,damaged,21.63,cash,2025-09-01
R301719,T1069955,,102478.0,SKU100101,other,302.39,card,2025-11-06
R301720,T1072032,2024-06-29,103623.0,SKU100048,damaged,224.73,cash,29/06/2024
R301721,T1158940,,106645.0,SKU100170,wrong item,0.19,cash,03 Jul 2024
R301722,T1147205,,119242.0,SKU100595,damaged,133.97,UPI,2024-04-09
R301723,T1075880,,105192.0,SKU100570,quality,33.61,card,2024-10-25
R301724,T1187628,,103859.0,SKU100114,wrong item,319.2,cash,24-02-2025 00:00:00
R301725,T1197929,,111335.0,SKU100023,quality,220.63,card,03 Aug 2025
R301726,T10001725,,104028.0,SKU100029,wrong item,193.36,card,06-04-2024 00:00:00
R301727,T1113917,2025-06-15,100572.0,SKU100107,other,16.78,card,15/06/2025
R301728,T1120918,,113763.0,SKU100544,wrong item,52.93,card,03 Sep 2024
R301729,T1011992,,108701.0,SKU100280,other,252.82,cash,2025-07-20
R301730,T1141407,2024-09-12,106670.0,SKU100500,damaged,98.45,card,12/09/2024
R301731,T1047499,,103945.0,SKU100420,other,256.12,card,08 Jun 2025
R301732,T1122592,,113502.0,SKU100313,damaged,282.17,card,11 Nov 2025
R301733,T1058656,,113639.0,SKU100337,wrong item,24.39,cash,10/20/2025
R301734,T1083825,,111379.0,SKU100239,wrong item,185.83,UPI,2025-10-04
R301735,T1004745,,102838.0,SKU100301,other,304.75,cash,2025-02-24
R301736,T1000525,,107878.0,SKU100542,other,249.61,UPI,2025/11/30
R301737,T1086275,,102214.0,SKU100545,damaged,53.66,cash,10-Jul-2024
R301738,T10001737,,110320.0,SKU100469,quality,335.64,cash,2024/05/26
R301739,T1099747,2025-08-09,112166.0,SKU100023,damaged,196.94,card,09/08/2025
R301740,T1194670,,108720.0,SKU100470,wrong item,234.9,card,29-Jan-2025
R301741,T10001740,,106150.0,SKU100051,quality,70.29,card,2025-10-26
R301742,T1199236,2024-05-22,,SKU100419,quality,202.76,UPI,22/05/2024
R301743,T10001742,,117343.0,SKU100238,wrong item,290.89,UPI,2024/08/20
R301744,T1128443,2025-09-06,114209.0,SKU100024,wrong item,10.12,card,06/09/2025
R301745,T1012595,,108448.0,SKU100430,other,10.99,UPI,01-10-2024 05:14:36
R301746,T1054180,,115828.0,SKU100120,other,89.19,UPI,2024-11-07
R301747,T1132019,,109466.0,SKU100368,damaged,243.64,UPI,17-09-2024 00:00:00
R301748,T1017227,,105831.0,SKU100526,wrong item,339.99,cash,14-11-2024 00:00:00
R301749,T1131086,,114199.0,SKU100585,wrong item,46.47,UPI,2025/12/14
R301750,T1193594,,107092.0,SKU100289,wrong item,287.46,cash,2025/01/05
R301751,T1125666,,107323.0,SKU100125,wrong item,83.27,UPI,2024-04-26
R301752,T1103061,,112635.0,SKU100366,other,161.85,card,11-08-2025 00:00:00
R301753,T1091215,,110134.0,SKU100599,other,204.38,cash,07/14/2025
R301754,T1053304,2024-02-02,106770.0,SKU100145,other,5.38,card,02/02/2024
R301755,T1081442,,113873.0,SKU100209,quality,345.0,UPI,2024/02/21
R301756,T1156274,,103650.0,SKU100362,other,206.6,card,26-06-2024 00:00:00
R301757,T1153020,2025-10-05,105604.0,SKU100138,other,32.8,UPI,05/10/2025
R301758,T1005179,,113130.0,SKU100142,damaged,283.61,UPI,30-Apr-2025
R301759,T1170690,,116381.0,SKU100008,wrong item,2.76,card,2024-08-08
R301760,T1041100,,100902.0,SKU100419,quality,163.65,cash,2025-08-09
R301761,T1081671,,101111.0,SKU100221,wrong item,88.08,cash,29 Jan 2025
R301762,T1127306,,108951.0,SKU100168,quality,50.11,card,29 Aug 2024
R301763,T1015074,,110451.0,SKU100588,quality,239.35,UPI,19 Jan 2024
R301764,T1102857,,108133.0,SKU100444,wrong item,359.68,card,05-05-2024 00:00:00
R301765,T1003022,,112422.0,SKU100200,other,222.35,cash,04/25/2025
R301766,T1023561,,107876.0,SKU100143,damaged,264.97,UPI,2024/07/06
R301767,T1039480,,112535.0,SKU100068,quality,180.24,card,2024-05-19
R301768,T1183600,,112892.0,SKU100314,wrong item,490.41,card,2024-09-15
R301769,T1046939,,108291.0,SKU100293,quality,199.51,card,17-May-2025
R301770,T1185104,2025-11-21,101321.0,SKU100183,quality,188.26,cash,21/11/2025
R301771,T1017390,,108486.0,SKU100563,other,127.13,card,10-10-2025 21:32:54
R301772,T10001771,,104353.0,SKU100074,damaged,216.14,card,27 Mar 2025
R301773,T1106560,,100310.0,SKU100185,damaged,283.52,UPI,2024-01-13
R301774,T1165540,,102633.0,SKU100450,wrong item,68.94,UPI,2025-09-19
R301775,T1122076,,109375.0,SKU100069,damaged,114.64,UPI,11-05-2024 00:00:00
R301776,T1024453,,111734.0,SKU100029,other,60.89,card,21-09-2025 00:00:00
R301777,T1121593,,111846.0,SKU100047,damaged,169.51,card,2024/06/15
R301778,T1148627,2025-04-04,119283.0,SKU100470,quality,191.97,card,04/04/2025
R301779,T1004561,,101481.0,SKU100130,quality,227.36,UPI,28-08-2025 00:00:00
R301780,T10001779,,117038.0,SKU100451,other,57.74,UPI,02/18/2025
R301781,T1062336,,113534.0,SKU100005,wrong item,67.36,UPI,05/25/2024
R301782,T1180104,,100044.0,SKU100587,wrong item,44.0,cash,09-Jan-2025
R301783,T1010832,,107951.0,SKU100527,wrong item,65.86,cash,03/14/2025
R301784,T1122006,,111012.0,SKU100310,other,0.6,UPI,15-Oct-2024
R301785,T1139221,,103436.0,SKU100442,damaged,223.07,UPI,2024/01/17
R301786,T1142919,,118780.0,SKU100505,wrong item,214.94,card,26 Jan 2025
R301787,T1179821,,100212.0,SKU100575,other,117.02,cash,2025/04/11
R301788,T1073820,,101911.0,SKU100505,quality,157.08,UPI,03/21/2025
R301789,T1123674,,115844.0,SKU100084,other,59.93,cash,16 Jun 2025
R301790,T1079722,,119444.0,SKU100231,other,367.76,cash,2024/12/02
R301791,T1052908,,100867.0,SKU100430,wrong item,193.22,cash,2025/05/30
R301792,T1003867,,108824.0,SKU100297,other,32.56,cash,2024/03/01
R301793,T1028652,,112301.0,SKU100508,other,126.77,card,2024-03-16
R301794,T1106011,2025-06-06,119506.0,SKU100074,other,182.15,cash,06/06/2025
R301795,T1019067,,117862.0,SKU100488,quality,143.2,card,22 Feb 2024
R301796,T1133190,,115362.0,SKU100451,wrong item,531.57,UPI,26-Mar-2024
R301797,T1193776,,113775.0,SKU100430,wrong item,166.9,card,2024-02-08
R301798,T1095398,2025-10-17,101209.0,SKU100345,quality,162.81,card,17/10/2025
R301799,T10001798,,112009.0,SKU100443,quality,178.27,cash,2025-12-03
R301800,T1151418,,119708.0,SKU100439,quality,318.25,UPI,28-Jan-2024
R301801,T1083199,,104151.0,SKU100226,other,245.22,card,2025/04/04
R301802,T1137550,2025-11-09,110430.0,SKU100594,damaged,95.41,card,09/11/2025
R301803,T1043455,,102273.0,SKU100224,other,532.9,UPI,07 Aug 2024
R301804,T1040427,,103951.0,SKU100360,wrong item,24.94,cash,01 Oct 2024
R301805,T1029443,,101158.0,SKU100026,other,214.82,UPI,05-09-2024 00:00:00
R301806,T1003093,,118106.0,SKU100219,damaged,4.29,UPI,27 May 2025
R301807,T1036246,2024-12-12,113884.0,SKU100334,quality,207.91,card,12/12/2024
R301808,T1043129,,109860.0,SKU100360,damaged,99.48,cash,14-05-2025 00:00:00
R301809,T1125445,,117645.0,SKU100474,wrong item,105.0,card,07/19/2024
R301810,T1116073,,101952.0,SKU100426,other,169.71,UPI,17-Feb-2025
R301811,T1129839,,101321.0,SKU100127,quality,206.75,card,14-07-2024 04:09:10
R301812,T1193298,,113419.0,SKU100477,damaged,232.81,card,12/22/2025
R301813,T1051772,,114132.0,SKU100276,damaged,256.67,card,2025-01-20
R301814,T1028714,,116122.0,SKU100112,damaged,60.47,cash,2024-03-07
R301815,T1152822,2024-08-04,102929.0,SKU100522,other,185.54,card,04/08/2024
R301816,T1151174,,106679.0,SKU100428,damaged,38.76,card,23-06-2024 00:00:00
R301817,T1197476,,106288.0,SKU100189,damaged,186.04,cash,2025-06-06
R301818,T1151257,,108246.0,SKU100069,wrong item,359.38,card,06 Oct 2024
R301819,T1109560,2024-08-01,102628.0,SKU100170,damaged,383.73,UPI,01/08/2024
R301820,T1126174,,105958.0,SKU100302,damaged,157.31,UPI,01/19/2025
R301821,T1140525,,111444.0,SKU100142,wrong item,130.13,cash,2024/01/11
R301822,T1163443,2025-04-12,105898.0,SKU100520,damaged,140.18,UPI,12/04/2025
R301823,T1049859,,101971.0,SKU100457,other,267.75,card,2024-10-06
R301824,T1047159,,117299.0,SKU100527,damaged,70.9,cash,28-Sep-2024
R301825,T1103005,,105725.0,SKU100493,quality,232.91,cash,2024/05/12
R301826,T1170609,,108782.0,SKU100234,damaged,159.73,cash,27-08-2025 02:29:59
R301827,T1112515,,117193.0,SKU100077,other,25.54,card,15 Jan 2025
R301828,T1073016,,116421.0,SKU100407,other,279.9,cash,18-08-2025 00:00:00
R301829,T1127711,,105740.0,SKU100465,damaged,504.75,UPI,2025-03-10
R301830,T1007198,,104739.0,SKU100426,quality,22.03,card,26-May-2024
R301831,T1010046,,107447.0,SKU100207,quality,204.41,UPI,02/23/2024
R301832,T10001831,,107791.0,SKU100501,wrong item,109.14,card,2024/10/27
R301833,T1110501,,117875.0,SKU100435,damaged,142.06,cash,16-03-2024 00:00:00
R301834,T1168818,,108794.0,SKU100584,damaged,37.78,UPI,07-Sep-2025
R301835,T1147455,,109304.0,SKU100138,quality,41.6,card,2025-11-14
R301836,T1066857,2025-02-21,102617.0,SKU100074,other,70.46,card,21/02/2025
R301837,T1040618,,106684.0,SKU100112,quality,3.01,cash,17 Jun 2025
R301838,T1075975,2024-09-19,111934.0,SKU100037,wrong item,233.21,card,19/09/2024
R301839,T1005324,,109767.0,SKU100347,quality,34.77,cash,25-05-2025 00:00:00
R301840,T1082365,,119677.0,SKU100248,quality,185.31,cash,11/23/2025
R301841,T1070716,,115812.0,SKU100156,damaged,33.72,UPI,25-Feb-2025
R301842,T1035305,,113132.0,SKU100300,quality,128.26,cash,2024-12-30
R301843,T1136598,2024-11-23,114802.0,SKU100174,wrong item,464.64,cash,23/11/2024
R301844,T1001092,,113807.0,SKU100447,other,199.2,card,31 Jan 2025
R301845,T1004812,,101015.0,SKU100097,wrong item,265.29,cash,06-Jul-2024
R301846,T1159036,2025-11-08,106589.0,SKU100438,quality,310.28,UPI,08/11/2025
R301847,T1041758,,116736.0,SKU100207,quality,141.32,card,03 Jul 2025
R301848,T1169300,2024-04-09,111507.0,SKU100226,damaged,112.05,UPI,09/04/2024
R301849,T1019284,,101172.0,SKU100456,other,241.68,card,2024/01/15
R301850,T1149001,,119363.0,SKU100062,damaged,50.52,UPI,2024/01/02
R301851,T1133119,,119906.0,SKU100597,other,90.99,cash,2024/07/23
R301852,T1179395,,102297.0,SKU100124,damaged,37.27,cash,2024/04/14
R301853,T1124820,2025-11-08,114973.0,SKU100095,wrong item,470.81,UPI,08/11/2025
R301854,T1196626,,109892.0,SKU100179,quality,31.91,cash,2025-08-14
R301855,T1053848,,115735.0,SKU100476,quality,130.88,card,15-09-2025 00:00:00
R301856,T1144524,,100212.0,SKU100285,other,171.44,card,08-Jan-2025
R301857,T1183744,,116523.0,SKU100417,quality,69.37,cash,2025/11/08
R301858,T1175138,,101470.0,SKU100245,damaged,73.44,UPI,2025/03/02
R301859,T1146527,,105116.0,SKU100263,other,299.57,cash,01-Mar-2024
R301860,T1152764,,,SKU100356,wrong item,314.13,UPI,04/28/2024
R301861,T1004869,2024-02-04,107404.0,SKU100234,damaged,229.3,cash,04/02/2024
R301862,T1180484,,118987.0,SKU100596,wrong item,326.97,UPI,29 Mar 2025
R301863,T1159084,,101997.0,SKU100004,quality,206.91,UPI,16-Feb-2025
R301864,T1082811,,100677.0,SKU100253,wrong item,19.31,cash,07-02-2024 00:00:00
R301865,T1142063,,111580.0,SKU100506,other,60.09,UPI,2025-02-07
R301866,T1114198,,118097.0,SKU100317,quality,142.15,card,30 Oct 2024
R301867,T1002923,2024-10-18,101058.0,SKU100562,damaged,35.29,card,18/10/2024
R301868,T1196269,,106446.0,SKU100300,damaged,80.68,cash,11 Mar 2024
R301869,T1149641,2025-04-20,117572.0,SKU100295,damaged,152.72,cash,20/04/2025
R301870,T1067144,,108257.0,SKU100125,other,66.66,UPI,22-May-2024
R301871,T1105175,,103180.0,SKU100039,damaged,34.89,UPI,22-12-2025 00:00:00
R301872,T1036842,,106531.0,SKU100162,wrong item,256.88,UPI,11 Oct 2024
R301873,T1042606,,110343.0,SKU100346,damaged,64.15,cash,22-04-2024 00:00:00
R301874,T1067140,2024-11-07,114940.0,SKU100189,wrong item,175.15,card,07/11/2024
R301875,T1122483,,108631.0,SKU100560,wrong item,177.31,cash,21 Apr 2025
R301876,T1147672,2024-03-13,111878.0,SKU100353,quality,14.49,UPI,13/03/2024
R301877,T1035744,,108422.0,SKU100503,damaged,187.99,cash,14-01-2024 00:00:00
R301878,T1154349,,118950.0,SKU100304,damaged,162.58,card,11/16/2024
R301879,T1185270,,118800.0,SKU100487,damaged,326.74,cash,25 Jan 2024
R301880,T1194820,,100078.0,SKU100158,quality,197.62,card,2024/04/09
R301881,T1198248,,112762.0,SKU100182,quality,233.28,UPI,2025/07/25
R301882,T1066806,,106212.0,SKU100568,other,309.61,cash,27-Oct-2024
R301883,T1095703,,106777.0,SKU100486,wrong item,117.09,card,2025/08/13
R301884,T1155151,2025-11-05,110383.0,SKU100151,quality,152.71,cash,05/11/2025
R301885,T1113612,,104720.0,SKU100003,other,321.52,cash,20-11-2024 00:00:00
R301886,T1156577,,117507.0,SKU100157,damaged,35.59,card,2024-04-17
R301887,T1087668,,117557.0,SKU100169,other,181.76,card,02-05-2025 21:44:18
R301888,T1169277,,108525.0,SKU100499,other,20.59,card,2024/10/28
R301889,T1041227,,101295.0,SKU100430,other,317.18,cash,03-Apr-2024
R301890,T10001889,,102308.0,SKU100465,quality,356.33,UPI,19 May 2024
R301891,T1024807,,109376.0,SKU100595,wrong item,162.59,cash,24-06-2024 00:00:00
R301892,T1169155,,118340.0,SKU100466,wrong item,210.26,UPI,13-Dec-2025
R301893,T1099637,,100697.0,SKU100250,wrong item,42.94,UPI,30-Jan-2024
R301894,T1159592,,106901.0,SKU100360,quality,41.06,UPI,05/14/2024
R301895,T1065638,2024-09-01,115172.0,SKU100173,other,201.95,cash,01/09/2024
R301896,T10001895,2025-02-03,,SKU100553,quality,251.64,UPI,03/02/2025
R301897,T1182628,,117964.0,SKU100591,other,176.99,cash,2025-10-14
R301898,T1045495,,102082.0,SKU100410,other,209.12,UPI,02/14/2025
R301899,T1081362,2024-04-16,108320.0,SKU100088,other,51.09,cash,16/04/2024
R301900,T1022522,2025-10-05,107092.0,SKU100465,wrong item,182.91,cash,05/10/2025
R301901,T1048217,,104240.0,SKU100194,other,72.44,UPI,08-07-2025 00:00:00
R301902,T1100070,,105197.0,SKU100274,damaged,80.45,UPI,2025-05-29
R301903,T1092193,,106571.0,SKU100105,wrong item,82.94,cash,06/28/2024
R301904,T1192420,2024-01-03,104481.0,SKU100571,other,163.32,UPI,03/01/2024
R301905,T1032829,,113450.0,SKU100229,damaged,226.42,card,2024/02/15
R301906,T1094894,,117614.0,SKU100099,wrong item,42.13,cash,13 Sep 2025
R301907,T1046187,,106792.0,SKU100338,wrong item,297.08,card,10-Mar-2025
R301908,T1166286,,117851.0,SKU100548,other,114.54,card,11-06-2024 00:00:00
R301909,T1169635,,116298.0,SKU100104,quality,47.9,cash,2024-04-17
R301910,T1026914,,100290.0,SKU100469,damaged,53.66,cash,14-07-2024 22:40:46
R301911,T1095421,,103138.0,SKU100131,other,222.74,card,20-Oct-2024
R301912,T1031027,,108424.0,SKU100332,wrong item,171.4,card,11 Jun 2024
R301913,T1145461,2024-01-14,114122.0,SKU100105,quality,123.56,UPI,14/01/2024
R301914,T1126639,,115548.0,SKU100430,damaged,17.58,card,03 Dec 2024
R301915,T1043485,,103437.0,SKU100392,quality,309.0,UPI,2024-01-14
R301916,T1007205,,102690.0,SKU100096,wrong item,40.83,card,02 Jul 2024
R301917,T1195332,,117283.0,SKU100343,quality,76.69,cash,2024-06-02
R301918,T1061888,2024-06-23,103216.0,SKU100078,wrong item,293.54,cash,23/06/2024
R301919,T1092433,,105491.0,SKU100495,other,206.72,cash,12-01-2024 00:00:00
R301920,T1164677,,109840.0,SKU100100,damaged,399.33,card,03/31/2024
R301921,T1192575,,112747.0,SKU100124,wrong item,185.09,cash,2025/08/06
R301922,T1071361,,112187.0,SKU100462,damaged,189.75,card,26-07-2024 00:00:00
R301923,T1067639,,119868.0,SKU100581,damaged,97.86,cash,10 Sep 2024
R301924,T1060557,,102832.0,SKU100254,wrong item,224.47,cash,2024-04-22
R301925,T1041276,,,SKU100329,quality,78.35,card,2025-05-31
R301926,T10001925,,102623.0,SKU100035,quality,95.56,UPI,2024/01/11
R301927,T1057993,,114087.0,SKU100442,other,148.28,cash,2024-10-30
R301928,T1125369,,117090.0,SKU100376,wrong item,66.98,cash,07-10-2024 11:14:01
R301929,T1146061,,107455.0,SKU100324,other,101.93,cash,2025/11/15
R301930,T1018120,,112022.0,SKU100358,other,235.4,cash,12-Apr-2025
R301931,T1055645,,103016.0,SKU100069,damaged,176.16,UPI,02/23/2025
R301932,T1000415,,111962.0,SKU100559,quality,105.41,UPI,02-05-2025 00:00:00
R301933,T1141747,,113066.0,SKU100530,damaged,5.33,UPI,04/14/2024
R301934,T1185399,,114324.0,SKU100327,wrong item,159.31,UPI,24-Dec-2025
R301935,T1114808,2025-11-29,106680.0,SKU100458,damaged,269.33,UPI,29/11/2025
R301936,T1064392,,114825.0,SKU100422,wrong item,55.96,UPI,31 Aug 2025
R301937,T1166010,,117183.0,SKU100080,damaged,142.98,UPI,03 Nov 2024
R301938,T1142015,,105560.0,SKU100577,damaged,307.8,cash,31-05-2024 00:00:00
R301939,T1158227,2024-07-10,105048.0,SKU100178,damaged,316.81,card,10/07/2024
R301940,T1035378,,100515.0,SKU100589,damaged,321.25,UPI,01/29/2025
R301941,T1198836,,102015.0,SKU100002,other,117.86,card,2024-07-06
R301942,T1096558,2025-12-05,115190.0,SKU100121,damaged,299.05,cash,05/12/2025
R301943,T1156834,,106898.0,SKU100429,wrong item,288.17,UPI,02-04-2025 00:00:00
R301944,T1194548,,110373.0,SKU100440,damaged,144.07,UPI,01 Jun 2025
R301945,T1063038,2025-11-03,107288.0,SKU100587,damaged,332.41,card,03/11/2025
R301946,T1058765,2025-04-03,102396.0,SKU100161,other,71.54,card,03/04/2025
R301947,T1056781,,103203.0,SKU100025,wrong item,133.03,UPI,26 May 2025
R301948,T1121211,,115468.0,SKU100411,wrong item,344.69,cash,04-03-2024 00:00:00
R301949,T1070030,,110173.0,SKU100004,quality,27.19,card,22 Jul 2025
R301950,T1038089,,113676.0,SKU100579,quality,105.31,UPI,19-Jun-2024
R301951,T1021072,2025-10-07,116549.0,SKU100046,other,168.5,cash,07/10/2025
R301952,T1063878,2025-11-08,102215.0,SKU100034,other,180.96,cash,08/11/2025
R301953,T1059786,,103129.0,SKU100250,wrong item,119.06,UPI,27-02-2025 00:00:00
R301954,T1165772,,116090.0,SKU100182,quality,11.6,UPI,23-06-2024 09:27:17
R301955,T1012221,,110267.0,SKU100199,quality,60.5,cash,2024-01-19
R301956,T1180604,,111362.0,SKU100528,damaged,64.21,UPI,21-07-2024 00:00:00
R301957,T1016694,,113195.0,SKU100100,quality,261.22,card,26-Aug-2025
R301958,T1191373,,112715.0,SKU100162,damaged,36.46,UPI,21 May 2025
R301959,T1149774,2024-06-01,112462.0,SKU100340,quality,415.17,card,01/06/2024
R301960,T1092764,,115802.0,SKU100317,damaged,156.86,UPI,06 Jul 2025
R301961,T10001960,,119690.0,SKU100028,quality,197.94,card,2025/07/27
R301962,T1159083,,113907.0,SKU100423,other,84.85,card,12/19/2025
R301963,T1193307,2024-08-18,108164.0,SKU100363,other,124.46,card,18/08/2024
R301964,T1100066,,109321.0,SKU100345,damaged,1.0,cash,07/31/2024
R301965,T1168858,2024-12-04,110078.0,SKU100168,quality,155.5,card,04/12/2024
R301966,T10001965,,109425.0,SKU100321,damaged,70.14,card,16 Aug 2025
R301967,T1060527,,104602.0,SKU100543,damaged,275.9,card,2024-02-01
R301968,T1079368,,118769.0,SKU100046,wrong item,120.01,card,2024-08-21
R301969,T1123733,,104158.0,SKU100097,damaged,9.67,cash,2024-03-26
R301970,T1154692,,103822.0,SKU100267,damaged,94.97,cash,2024-05-30
R301971,T1105221,,110662.0,SKU100071,quality,105.93,cash,27 Aug 2025
R301972,T1028617,2025-06-18,116520.0,SKU100181,quality,102.1,cash,18/06/2025
R301973,T1040821,,112641.0,SKU100581,quality,87.57,cash,2025/06/20
R301974,T1122557,,107142.0,SKU100523,damaged,322.06,card,06 Aug 2024
R301975,T1035189,2025-04-20,119731.0,SKU100001,damaged,104.83,card,20/04/2025
R301976,T1151055,,113902.0,SKU100381,wrong item,216.24,UPI,17 May 2025
R301977,T1097733,,101829.0,SKU100175,damaged,151.71,cash,10 Oct 2025
R301978,T1193111,,110494.0,SKU100424,quality,144.74,UPI,28 Feb 2024
R301979,T1069335,,117569.0,SKU100357,wrong item,331.59,cash,2025-11-11
R301980,T10001979,2024-11-08,115591.0,SKU100356,other,106.99,card,08/11/2024
R301981,T1174402,,107665.0,SKU100156,damaged,324.95,cash,03-12-2025 00:00:00
R301982,T1165606,,106115.0,SKU100305,quality,203.47,card,2025-10-06
R301983,T1161840,,117402.0,SKU100094,quality,7.08,UPI,2025-01-25
R301984,T1156383,,106434.0,SKU100409,quality,68.22,card,11/30/2024
R301985,T1123921,2025-02-23,114565.0,SKU100434,wrong item,245.98,card,23/02/2025
R301986,T1174947,,,SKU100001,wrong item,214.71,UPI,21-Jun-2025
R301987,T1123540,,108237.0,SKU100450,quality,103.36,cash,2025-06-10
R301988,T1028554,,117878.0,SKU100154,quality,268.15,cash,03/27/2025
R301989,T1109487,,105831.0,SKU100277,damaged,245.14,UPI,2024-07-06
R301990,T1194904,2024-06-12,105087.0,SKU100216,wrong item,115.48,UPI,12/06/2024
R301991,T1058020,,117567.0,SKU100120,damaged,107.61,card,08/23/2024
R301992,T1071507,,119762.0,SKU100456,other,142.44,UPI,2025-08-15
R301993,T1155205,,104860.0,SKU100504,wrong item,179.89,card,01-May-2024
R301994,T1056424,,101507.0,SKU100560,other,28.84,cash,20 May 2025
R301995,T1002151,,110868.0,SKU100095,other,337.39,cash,2025/03/08
R301996,T1072916,,103581.0,SKU100221,quality,164.65,cash,10-Nov-2025
R301997,T1035402,,118578.0,SKU100578,damaged,72.65,card,19-May-2024
R301998,T1039916,2024-03-02,116278.0,SKU100228,wrong item,33.26,UPI,02/03/2024
R301999,T1125317,,117988.0,SKU100440,other,218.58,cash,20-Jun-2024
R302000,T1195100,,104626.0,SKU100064,wrong item,158.47,card,09/16/2025
R302001,T1122665,,101895.0,SKU100103,damaged,46.31,card,24 Jul 2024
R302002,T1171685,,119172.0,SKU100058,wrong item,319.12,cash,2025-03-15
R302003,T1161317,,111466.0,SKU100569,wrong item,200.55,card,12-02-2025 00:00:00
R302004,T1008609,,119131.0,SKU100384,other,113.09,UPI,17-Jul-2025
R302005,T1108800,,102955.0,SKU100131,wrong item,122.26,UPI,07/26/2024
R302006,T1039198,,112911.0,SKU100391,other,96.23,card,2024-07-16
R302007,T1179258,,113012.0,SKU100209,quality,125.89,UPI,20-Sep-2024
R302008,T1076390,,100051.0,SKU100064,other,194.22,UPI,03/22/2025
R302009,T10002008,,104406.0,SKU100285,quality,376.05,cash,14-07-2024 00:00:00
R302010,T1015654,,116790.0,SKU100460,damaged,268.86,cash,2024/01/02
R302011,T1134493,,104484.0,SKU100113,wrong item,119.56,cash,2024/05/07
R302012,T1047424,2024-08-06,110622.0,SKU100310,quality,255.73,UPI,06/08/2024
R302013,T1118677,,108317.0,SKU100390,quality,203.77,cash,29-Oct-2025
R302014,T1029312,,103809.0,SKU100547,damaged,323.8,cash,2024-01-12
R302015,T1079434,,119262.0,SKU100519,other,201.84,card,08 Feb 2024
R302016,T1137958,,102965.0,SKU100113,wrong item,306.71,card,07-Oct-2025
R302017,T1113360,,101086.0,SKU100513,damaged,13.23,card,2024-11-19
R302018,T1114172,,104689.0,SKU100298,damaged,366.72,cash,14-08-2024 00:00:00
R302019,T1095055,,115813.0,SKU100113,wrong item,350.93,UPI,2025/10/28
R302020,T1057574,,102046.0,SKU100407,damaged,226.93,cash,2024/02/24
R302021,T1081398,,117858.0,SKU100024,damaged,27.84,card,28-Aug-2025
R302022,T1083369,,114134.0,SKU100132,other,0.72,cash,31 Jan 2025
R302023,T1082916,2024-06-23,113802.0,SKU100333,wrong item,15.06,UPI,23/06/2024
R302024,T1108162,,113982.0,SKU100580,quality,96.58,card,2025-07-03
R302025,T1019743,2024-10-23,104176.0,SKU100132,other,106.82,card,23/10/2024
R302026,T1005733,,110392.0,SKU100030,wrong item,91.95,UPI,2024/02/16
R302027,T1089219,,105501.0,SKU100442,quality,148.44,UPI,25-May-2024
R302028,T1048934,,108108.0,SKU100444,damaged,146.26,card,07-02-2025 00:00:00
R302029,T1158729,,119583.0,SKU100162,quality,223.43,UPI,10/31/2025
R302030,T1106376,,108853.0,SKU100547,damaged,233.81,cash,15 Jul 2025
R302031,T10002030,,114978.0,SKU100563,damaged,173.8,card,2025/11/05
R302032,T1046474,,115702.0,SKU100185,quality,166.68,cash,22 Oct 2025
R302033,T1069737,,101650.0,SKU100247,other,234.91,cash,2024-06-13
R302034,T1084887,,119205.0,SKU100135,damaged,221.54,cash,13-02-2025 00:00:00
R302035,T1090819,2024-06-24,109603.0,SKU100028,quality,130.93,UPI,24/06/2024
R302036,T1012489,,112272.0,SKU100269,other,138.16,UPI,15-Nov-2024
R302037,T1167860,,118299.0,SKU100532,wrong item,41.55,UPI,2025-01-01
R302038,T1094903,,115151.0,SKU100114,quality,379.43,card,2025-02-28
R302039,T10002038,,101892.0,SKU100000,other,204.86,cash,28 Nov 2024
R302040,T1073704,2025-12-23,100604.0,SKU100209,wrong item,186.51,cash,23/12/2025
R302041,T1035749,,119211.0,SKU100071,wrong item,211.21,cash,11-01-2024 00:00:00
R302042,T1150208,,116365.0,SKU100190,damaged,12.58,cash,2024/10/10
R302043,T10002042,,101875.0,SKU100367,other,287.51,cash,2025-05-26
R302044,T1075425,,110920.0,SKU100270,damaged,216.74,card,2025/11/14
R302045,T1112874,,114757.0,SKU100071,damaged,60.91,cash,2025/03/28
R302046,T1055553,,113377.0,SKU100040,damaged,297.6,UPI,24-05-2024 00:00:00
R302047,T1168849,2025-08-11,112023.0,SKU100225,wrong item,36.5,cash,11/08/2025
R302048,T1125102,2025-04-04,104271.0,SKU100386,wrong item,358.98,UPI,04/04/2025
R302049,T1116976,,115360.0,SKU100066,wrong item,19.32,cash,2024/08/21
R302050,T1096518,,108673.0,SKU100531,wrong item,182.84,card,2025-06-09
R302051,T1146129,2024-09-20,117784.0,SKU100072,damaged,43.76,UPI,20/09/2024
R302052,T1153129,2024-07-08,116797.0,SKU100447,wrong item,364.58,UPI,08/07/2024
R302053,T1056676,2024-11-01,119750.0,SKU100444,quality,382.06,card,01/11/2024
R302054,T1114023,,112114.0,SKU100057,other,53.25,cash,2025/02/18
R302055,T1144979,,115462.0,SKU100438,damaged,176.68,cash,12-02-2025 00:00:00
R302056,T1188843,,111065.0,SKU100433,wrong item,64.64,cash,21 Dec 2024
R302057,T1131286,,117155.0,SKU100150,other,438.39,card,2024/03/08
R302058,T1110169,,108903.0,SKU100364,quality,145.19,cash,2025-01-03
R302059,T1194542,,114351.0,SKU100242,wrong item,41.74,cash,23-06-2024 00:00:00
R302060,T1181018,,116783.0,SKU100177,damaged,172.35,UPI,11-Jan-2025
R302061,T1186973,2025-12-08,103960.0,SKU100131,other,16.12,cash,08/12/2025
R302062,T1155857,,115152.0,SKU100572,other,46.4,card,2025-06-12
R302063,T1097845,,102461.0,SKU100135,other,465.31,UPI,17-09-2025 00:00:00
R302064,T1130371,,114046.0,SKU100187,other,164.75,UPI,2024/06/06
R302065,T1062944,,100239.0,SKU100221,damaged,360.5,UPI,13-06-2024 00:00:00
R302066,T1182511,,100333.0,SKU100426,quality,117.81,card,21-05-2024 00:00:00
R302067,T1025420,,114655.0,SKU100125,quality,162.81,UPI,15 Nov 2024
R302068,T1044915,,102429.0,SKU100057,other,149.31,cash,19-12-2024 00:00:00
R302069,T1126115,2025-09-08,114964.0,SKU100318,wrong item,169.68,UPI,08/09/2025
R302070,T1108866,,114320.0,SKU100127,wrong item,302.97,cash,2025/01/15
R302071,T1096890,2024-05-31,103410.0,SKU100243,other,98.5,cash,31/05/2024
R302072,T1138911,,100874.0,SKU100278,quality,198.51,card,22 May 2025
R302073,T1022445,,113378.0,SKU100173,other,123.64,UPI,15-01-2025 00:00:00
R302074,T1159442,,116252.0,SKU100251,wrong item,144.55,UPI,17-Apr-2025
R302075,T1004830,2025-01-20,100002.0,SKU100320,quality,310.36,UPI,20/01/2025
R302076,T1177809,,103136.0,SKU100210,damaged,110.89,UPI,2025/02/27
R302077,T1123790,,100590.0,SKU100189,damaged,356.76,cash,2025/04/19
R302078,T1039102,,114642.0,SKU100329,damaged,169.58,UPI,2024/11/21
R302079,T1140300,,106095.0,SKU100313,other,61.02,cash,2025-12-27
R302080,T1139625,,115312.0,SKU100235,wrong item,89.91,cash,2025/11/09
R302081,T1033197,,117258.0,SKU100465,wrong item,8.29,UPI,2024/05/23
R302082,T1061992,,100076.0,SKU100051,quality,137.7,UPI,22 Apr 2025
R302083,T1005657,,115678.0,SKU100050,damaged,158.31,UPI,2025-11-21
R302084,T1017833,,119808.0,SKU100271,other,98.54,UPI,29-Feb-2024
R302085,T1054685,,100596.0,SKU100081,wrong item,146.94,cash,2024/09/18
R302086,T1130887,,109609.0,SKU100132,damaged,32.39,card,01/29/2025
R302087,T1037746,2024-02-04,106051.0,SKU100050,other,259.58,cash,04/02/2024
R302088,T1170806,,107217.0,SKU100286,wrong item,125.92,cash,2024-05-05
R302089,T1128663,,113466.0,SKU100047,damaged,77.93,card,2024-10-20
R302090,T10002089,,101843.0,SKU100307,other,269.39,card,2025-04-06
R302091,T1197104,2025-06-12,104770.0,SKU100452,quality,4.56,UPI,12/06/2025
R302092,T1024676,2024-09-29,103734.0,SKU100303,damaged,136.52,cash,29/09/2024
R302093,T1047521,,107488.0,SKU100573,quality,137.14,cash,2025/02/28
R302094,T1003664,,104886.0,SKU100027,other,117.16,card,2024/01/19
R302095,T1069197,2025-08-03,108625.0,SKU100351,quality,61.36,UPI,03/08/2025
R302096,T1058399,,112357.0,SKU100082,wrong item,63.64,card,22-Mar-2024
R302097,T1106356,,104016.0,SKU100049,wrong item,19.13,cash,2025/11/04
R302098,T10002097,,115686.0,SKU100574,quality,125.41,cash,2025/08/24
R302099,T1044943,,104625.0,SKU100251,wrong item,48.4,card,09-03-2024 00:00:00
R302100,T1167117,,115689.0,SKU100162,wrong item,52.29,card,2025-03-04
R302101,T1017653,,114124.0,SKU100205,quality,135.68,cash,17 Oct 2024
R302102,T1180159,2025-12-09,113640.0,SKU100562,wrong item,335.23,UPI,09/12/2025
R302103,T1039164,,113953.0,SKU100517,other,34.65,UPI,10-Feb-2025
R302104,T1053943,,111423.0,SKU100095,quality,146.48,cash,2024-09-22
R302105,T1053370,2025-05-10,110201.0,SKU100123,damaged,48.03,UPI,10/05/2025
R302106,T1084186,,110000.0,SKU100289,quality,121.28,cash,2024-10-15
R302107,T1162865,2024-04-30,119249.0,SKU100214,wrong item,85.57,UPI,30/04/2024
R302108,T1173461,,111021.0,SKU100598,other,39.37,cash,2025-05-31
R302109,T1136506,2025-11-01,104125.0,SKU100150,other,87.67,UPI,01/11/2025
R302110,T1045479,2024-10-20,111998.0,SKU100409,quality,243.17,cash,20/10/2024
R302111,T1061750,,115415.0,SKU100086,other,259.05,cash,2025/02/28
R302112,T10002111,,107336.0,SKU100497,quality,52.1,cash,16-Oct-2025
R302113,T1056961,,113410.0,SKU100473,damaged,139.59,cash,01-09-2024 00:00:00
R302114,T1019202,2025-08-08,100290.0,SKU100417,quality,116.16,cash,08/08/2025
R302115,T1176654,2024-09-04,110621.0,SKU100350,quality,221.39,card,04/09/2024
R302116,T1015855,,112699.0,SKU100294,other,201.26,cash,30-Aug-2025
R302117,T1186172,,109382.0,SKU100096,wrong item,42.39,UPI,14-Apr-2025
R302118,T1172026,,,SKU100152,quality,155.18,cash,30 Dec 2024
R302119,T1049562,2025-01-02,110057.0,SKU100523,other,185.97,cash,02/01/2025
R302120,T1184395,,107907.0,SKU100115,wrong item,98.14,card,2025-10-09
R302121,T1071920,,114716.0,SKU100048,damaged,101.17,UPI,29 Jan 2024
R302122,T1184373,,113854.0,SKU100220,quality,135.36,UPI,2024-09-03
R302123,T1116116,,107921.0,SKU100060,other,217.17,cash,2025/05/18
R302124,T1162303,,102676.0,SKU100452,damaged,205.0,cash,2025-09-10
R302125,T1032868,2024-07-12,105792.0,SKU100261,quality,58.74,UPI,12/07/2024
R302126,T1113871,2024-02-26,109612.0,SKU100301,other,58.76,UPI,26/02/2024
R302127,T1171871,2025-03-04,104836.0,SKU100072,other,139.47,UPI,04/03/2025
R302128,T1030846,,110173.0,SKU100514,damaged,66.24,cash,21 Dec 2025
R302129,T1185716,,109403.0,SKU100128,other,37.63,cash,2025-09-23
R302130,T1153670,,103974.0,SKU100586,wrong item,130.97,UPI,2025/12/21
R302131,T1195125,2024-08-06,106112.0,SKU100598,quality,105.98,cash,06/08/2024
R302132,T1016899,,105716.0,SKU100082,wrong item,298.44,card,09 Aug 2024
R302133,T1109274,,114582.0,SKU100245,quality,213.54,cash,2024-01-22
R302134,T1088948,,119930.0,SKU100323,quality,17.05,cash,2024-04-02
R302135,T1036292,,103316.0,SKU100324,damaged,74.47,card,2025-08-24
R302136,T1026471,,100204.0,SKU100263,damaged,95.61,card,2024-06-22
R302137,T1028994,,101773.0,SKU100255,wrong item,52.57,cash,06 Jul 2025
R302138,T1042811,,104054.0,SKU100222,damaged,203.62,cash,09-Dec-2025
R302139,T1041767,,105750.0,SKU100217,quality,293.82,card,2024/10/07
R302140,T1036564,2025-10-06,106076.0,SKU100033,damaged,172.66,cash,06/10/2025
R302141,T1024706,,115882.0,SKU100577,other,403.13,cash,11-Dec-2024
R302142,T1066083,2025-07-22,112281.0,SKU100408,damaged,171.87,UPI,22/07/2025
R302143,T1076183,,103093.0,SKU100485,other,63.99,UPI,2025/06/18
R302144,T1000257,,100770.0,SKU100061,quality,51.96,cash,07-Dec-2025
R302145,T10002144,2025-07-07,104856.0,SKU100021,other,60.13,card,07/07/2025
R302146,T1024398,2025-04-04,101118.0,SKU100143,wrong item,44.58,cash,04/04/2025
R302147,T1006816,,115671.0,SKU100415,quality,255.48,UPI,31 Jan 2024
R302148,T1155254,,111625.0,SKU100153,damaged,59.04,cash,2024/09/23
R302149,T1074576,,117794.0,SKU100548,damaged,127.34,UPI,29-11-2025 00:00:00
R302150,T10002149,,110009.0,SKU100227,wrong item,339.85,card,11/19/2024
R302151,T10002150,2024-08-24,116232.0,SKU100287,other,72.56,cash,24/08/2024
R302152,T10002151,2024-02-27,105882.0,SKU100592,quality,73.42,cash,27/02/2024
R302153,T1048875,,115085.0,SKU100387,other,135.07,UPI,15-10-2025 23:47:08
R302154,T1195276,,101899.0,SKU100248,wrong item,82.8,card,04/22/2025
R302155,T1014611,,108138.0,SKU100521,quality,118.87,card,06 Apr 2025
R302156,T1143174,2025-02-13,103561.0,SKU100135,quality,181.19,card,13/02/2025
R302157,T1035987,,110256.0,SKU100258,wrong item,119.0,cash,07 Jul 2025
R302158,T1114319,2024-10-24,116583.0,SKU100243,quality,233.14,UPI,24/10/2024
R302159,T1127760,,110973.0,SKU100015,quality,23.38,UPI,16 Sep 2025
R302160,T1187339,,102902.0,SKU100492,damaged,173.54,cash,2024/03/17
R302161,T1012202,,111064.0,SKU100200,damaged,139.43,cash,08/20/2025
R302162,T1004978,2025-08-18,118473.0,SKU100193,wrong item,151.59,cash,18/08/2025
R302163,T1153344,,103572.0,SKU100276,wrong item,101.85,UPI,30-Mar-2024
R302164,T1126787,,116711.0,SKU100178,wrong item,136.28,card,2025-01-28
R302165,T1100155,2024-03-04,117820.0,SKU100565,damaged,156.35,UPI,04/03/2024
R302166,T1152039,,101766.0,SKU100340,wrong item,92.34,cash,2025/10/22
R302167,T1049746,,,SKU100020,other,52.26,UPI,01-Nov-2025
R302168,T1179314,,104846.0,SKU100001,quality,15.69,cash,26 Aug 2024
R302169,T1015739,,113650.0,SKU100010,damaged,96.37,cash,2025-09-12
R302170,T1169804,2024-02-12,105804.0,SKU100217,damaged,58.29,UPI,12/02/2024
R302171,T1124805,,110565.0,SKU100280,wrong item,157.41,card,28 May 2024
R302172,T1051070,,114403.0,SKU100586,other,78.45,UPI,11-06-2025 00:00:00
R302173,T1191510,,117250.0,SKU100138,quality,261.95,cash,2024-05-14
R302174,T1135230,,109846.0,SKU100470,damaged,87.28,UPI,2025-05-29
R302175,T1028481,,106261.0,SKU100589,wrong item,112.49,card,13 May 2025
R302176,T1076128,,119234.0,SKU100294,damaged,420.27,card,08-09-2024 00:00:00
R302177,T1080747,,114763.0,SKU100006,wrong item,192.74,UPI,06-05-2024 00:00:00
R302178,T1067997,,107769.0,SKU100563,wrong item,263.02,card,2025-05-02
R302179,T1020620,,,SKU100438,quality,103.62,UPI,22 Mar 2024
R302180,T1083069,,103016.0,SKU100431,quality,130.86,card,22 May 2024
R302181,T1197239,,113428.0,SKU100397,damaged,271.7,card,15-05-2025 00:00:00
R302182,T1168399,,110177.0,SKU100167,other,134.16,card,2024-07-09
R302183,T1089080,,113352.0,SKU100135,wrong item,192.61,cash,2024-11-29
R302184,T1154709,,119739.0,SKU100552,wrong item,151.25,UPI,15-Dec-2025
R302185,T1125047,,103058.0,SKU100521,other,70.32,UPI,22-05-2024 00:00:00
R302186,T1023294,,119626.0,SKU100141,wrong item,66.89,card,15-09-2025 00:00:00
R302187,T1124072,,117772.0,SKU100022,other,169.0,card,29-06-2025 01:15:44
R302188,T1040252,,119783.0,SKU100159,quality,269.58,UPI,13-03-2025 00:00:00
R302189,T1155925,,101337.0,SKU100516,wrong item,117.87,cash,2025/02/21
R302190,T1128272,,110022.0,SKU100210,quality,47.17,UPI,09-11-2024 05:57:37
R302191,T1162802,,103211.0,SKU100060,quality,255.25,card,16-05-2024 00:00:00
R302192,T1059972,,105036.0,SKU100066,quality,144.07,card,02 May 2025
R302193,T1135477,2024-08-01,104981.0,SKU100391,quality,251.42,UPI,01/08/2024
R302194,T1077596,,104896.0,SKU100395,damaged,296.39,cash,13-Oct-2024
R302195,T1048153,2024-12-07,119185.0,SKU100555,wrong item,136.42,card,07/12/2024
R302196,T1063277,,108657.0,SKU100446,quality,156.94,UPI,08-05-2025 00:00:00
R302197,T1193763,,114604.0,SKU100594,wrong item,20.13,UPI,01-10-2025 00:00:00
R302198,T1151334,,113963.0,SKU100099,quality,171.37,cash,2024/07/01
R302199,T1139692,,103893.0,SKU100415,damaged,11.75,cash,08 Sep 2024
R302200,T1151498,2025-12-21,116092.0,SKU100271,wrong item,51.86,card,21/12/2025
R302201,T1049454,,100194.0,SKU100334,quality,176.44,UPI,2025/08/23
R302202,T1195630,,110065.0,SKU100452,damaged,62.94,card,2024-07-17
R302203,T1028207,,106288.0,SKU100460,quality,358.05,card,2025-05-25
R302204,T1102225,,103027.0,SKU100226,other,262.19,card,2025-10-07
R302205,T1021838,,104119.0,SKU100477,damaged,278.18,card,19 Feb 2024
R302206,T1140707,,106733.0,SKU100142,other,58.72,card,01-Sep-2024
R302207,T1009171,,,SKU100106,quality,95.48,UPI,14-Nov-2024
R302208,T1141833,,114329.0,SKU100079,damaged,178.13,UPI,20-Nov-2025
R302209,T1060834,,102312.0,SKU100124,other,81.04,cash,02/28/2025
R302210,T1116529,,,SKU100043,quality,43.06,cash,2024/05/06
R302211,T1016402,,111764.0,SKU100279,wrong item,50.13,UPI,13-11-2024 00:00:00
R302212,T1161855,2025-05-27,101288.0,SKU100215,damaged,127.68,card,27/05/2025
R302213,T1124717,,116741.0,SKU100096,wrong item,228.76,card,12-01-2025 16:40:23
R302214,T1085576,,101631.0,SKU100248,other,318.27,UPI,04 Sep 2025
R302215,T1079609,,112953.0,SKU100263,damaged,172.52,cash,04-Nov-2024
R302216,T1046603,,108452.0,SKU100506,wrong item,223.97,cash,08/21/2025
R302217,T1011475,,117558.0,SKU100188,damaged,285.54,card,10 Nov 2025
R302218,T1186405,,110879.0,SKU100116,quality,250.12,UPI,16 Oct 2025
R302219,T1030997,,112632.0,SKU100025,other,191.57,UPI,07 Apr 2024
R302220,T1005013,,110945.0,SKU100075,quality,309.48,cash,2024/09/22
R302221,T10002220,,,SKU100235,damaged,15.62,UPI,2024/02/28
R302222,T1154069,,108839.0,SKU100316,damaged,238.84,cash,03-11-2024 00:00:00
R302223,T1060180,,117020.0,SKU100272,quality,213.42,card,01-03-2025 00:00:00
R302224,T10002223,,108885.0,SKU100389,wrong item,77.42,UPI,04-Apr-2024
R302225,T1069049,,109980.0,SKU100376,quality,265.1,cash,04-Jan-2025
R302226,T1049079,,105799.0,SKU100548,other,189.74,UPI,04-Jun-2025
R302227,T1036471,2024-04-02,,SKU100388,wrong item,85.78,cash,02/04/2024
R302228,T1030789,,100421.0,SKU100287,wrong item,191.05,UPI,24 Dec 2025
R302229,T1105633,2025-12-16,119413.0,SKU100583,other,89.38,UPI,16/12/2025
R302230,T1090482,,106830.0,SKU100527,quality,68.37,card,01-06-2024 00:00:00
R302231,T1015055,,103756.0,SKU100009,wrong item,141.18,card,30-10-2025 00:00:00
R302232,T1186279,,106080.0,SKU100361,quality,120.36,cash,10-Feb-2024
R302233,T1164447,,114918.0,SKU100469,quality,127.2,cash,02/14/2024
R302234,T1088770,,114905.0,SKU100430,other,158.23,cash,21-Apr-2025
R302235,T1120271,,100958.0,SKU100055,wrong item,81.22,cash,2024-08-03
R302236,T1127442,,108801.0,SKU100421,wrong item,12.32,cash,21-10-2024 00:00:00
R302237,T1117519,2025-05-09,118502.0,SKU100542,wrong item,51.63,cash,09/05/2025
R302238,T1172991,2025-01-09,,SKU100536,wrong item,122.36,cash,09/01/2025
R302239,T1147321,,112615.0,SKU100235,damaged,180.53,UPI,29 Jul 2025
R302240,T1095296,,119232.0,SKU100029,quality,68.12,card,16 Dec 2024
R302241,T1122740,,106122.0,SKU100445,other,182.57,UPI,18 Aug 2024
R302242,T1155209,,109365.0,SKU100175,quality,136.79,card,2025-09-24
R302243,T1175321,,109743.0,SKU100063,other,160.55,card,01 Sep 2024
R302244,T1123884,,104079.0,SKU100073,other,143.22,card,22-11-2024 00:00:00
R302245,T1108875,,101072.0,SKU100329,damaged,250.83,card,2024-09-13
R302246,T1077627,,105636.0,SKU100415,quality,59.48,cash,30-05-2024 00:00:00
R302247,T1085949,,118351.0,SKU100560,wrong item,142.25,card,29-Sep-2024
R302248,T1083941,,104747.0,SKU100316,other,170.14,UPI,02 Jan 2025
R302249,T1149578,,119104.0,SKU100490,other,118.9,card,2025-05-05
R302250,T1189232,,116503.0,SKU100016,damaged,117.24,card,2025-07-27
R302251,T1127051,,104630.0,SKU100132,damaged,5.55,card,23-06-2024 09:46:55
R302252,T1063036,,,SKU100524,other,294.49,cash,26-Oct-2024
R302253,T1150804,,103195.0,SKU100125,wrong item,92.44,UPI,08-04-2025 00:00:00
R302254,T1032833,2025-06-21,115413.0,SKU100234,quality,314.74,cash,21/06/2025
R302255,T1038055,,109243.0,SKU100488,other,123.39,UPI,2025-01-09
R302256,T1079989,,112170.0,SKU100305,damaged,162.77,cash,2025-12-04
R302257,T1089391,,101377.0,SKU100454,quality,339.44,UPI,16 Aug 2024
R302258,T1163925,,109952.0,SKU100074,wrong item,103.99,UPI,09-Dec-2025
R302259,T1011144,,100829.0,SKU100264,other,112.08,cash,2024/09/27
R302260,T1070272,,109890.0,SKU100282,quality,224.69,UPI,05-May-2024
R302261,T1126359,,119506.0,SKU100185,quality,220.99,cash,2025/10/28
R302262,T1181146,,114865.0,SKU100502,quality,250.96,card,2024/01/26
R302263,T1141651,,105113.0,SKU100221,quality,146.33,UPI,22-06-2024 00:00:00
R302264,T1135757,,108261.0,SKU100171,damaged,109.9,cash,07 Mar 2025
R302265,T1110726,2025-09-05,105922.0,SKU100564,quality,233.14,cash,05/09/2025
R302266,T1109472,,108948.0,SKU100345,wrong item,126.55,UPI,2025/07/31
R302267,T1183519,,110929.0,SKU100302,wrong item,147.51,card,24-01-2024 00:00:00
R302268,T1049080,,117752.0,SKU100434,other,165.19,cash,2025-05-21
R302269,T1153962,,117673.0,SKU100024,other,106.13,card,27-05-2025 00:00:00
R302270,T1110812,,101322.0,SKU100417,damaged,201.21,card,30-May-2024
R302271,T1139083,,115653.0,SKU100246,other,337.03,UPI,18-02-2024 00:00:00
R302272,T1035449,,110711.0,SKU100379,damaged,205.73,cash,08 Dec 2025
R302273,T1089952,,104079.0,SKU100360,damaged,161.45,UPI,21-05-2024 00:00:00
R302274,T1133624,,101827.0,SKU100386,other,191.62,card,11 May 2025
R302275,T1053170,,108393.0,SKU100337,wrong item,192.08,cash,04/19/2025
R302276,T1079863,,102459.0,SKU100441,other,139.66,card,30 Jun 2024
R302277,T1076286,,119345.0,SKU100452,other,171.38,card,02 Apr 2025
R302278,T1004771,,117495.0,SKU100058,damaged,30.27,card,2024-05-27
R302279,T1178684,,116492.0,SKU100003,wrong item,37.44,card,01/13/2024
R302280,T1075314,,117355.0,SKU100405,other,164.62,UPI,2024/02/04
R302281,T1077538,,117418.0,SKU100597,other,223.89,cash,09-07-2024 03:30:08
R302282,T1067655,2025-01-29,117341.0,SKU100544,damaged,4.42,UPI,29/01/2025
R302283,T1034899,,107149.0,SKU100100,other,228.31,cash,02-02-2024 00:00:00
R302284,T1086028,,116784.0,SKU100115,quality,202.59,card,2025/11/05
R302285,T1187592,2025-10-29,111543.0,SKU100097,damaged,9.51,cash,29/10/2025
R302286,T1163644,,114489.0,SKU100385,damaged,113.03,cash,14-Jan-2025
R302287,T1038453,,108697.0,SKU100002,damaged,264.85,cash,2024-07-06
R302288,T1157356,,111177.0,SKU100326,quality,117.03,UPI,09 Oct 2024
R302289,T1134545,,101895.0,SKU100087,wrong item,297.83,cash,2025-07-30
R302290,T1067319,2025-02-08,118090.0,SKU100497,wrong item,65.24,cash,08/02/2025
R302291,T1000151,2025-12-27,112908.0,SKU100318,damaged,46.17,UPI,27/12/2025
R302292,T1019802,2024-12-28,101792.0,SKU100515,other,232.23,UPI,28/12/2024
R302293,T1115248,,112236.0,SKU100247,wrong item,26.45,UPI,15-Dec-2025
R302294,T1136334,2024-03-10,104647.0,SKU100253,damaged,226.26,card,10/03/2024
R302295,T1031337,,119554.0,SKU100401,wrong item,125.5,card,2024/06/10
R302296,T1187433,2024-07-16,116553.0,SKU100184,damaged,57.63,card,16/07/2024
R302297,T1187726,,107734.0,SKU100418,other,49.21,UPI,12 Jul 2024
R302298,T10002297,,102485.0,SKU100267,quality,229.64,card,2025-02-28
R302299,T1082160,2025-02-07,100170.0,SKU100117,damaged,309.77,UPI,07/02/2025
R302300,T1002374,2024-07-18,112579.0,SKU100020,quality,175.67,cash,18/07/2024
R302301,T1157058,2025-10-07,102730.0,SKU100073,wrong item,350.8,cash,07/10/2025
R302302,T1162152,,111738.0,SKU100526,quality,53.14,card,29-Jul-2024
R302303,T1138414,,105247.0,SKU100132,damaged,233.13,UPI,2025/09/24
R302304,T1137011,2025-04-10,107936.0,SKU100010,quality,273.98,card,10/04/2025
R302305,T10002304,2025-07-02,104565.0,SKU100362,other,22.33,card,02/07/2025
R302306,T10002305,,107012.0,SKU100271,other,232.78,card,03-02-2024 00:00:00
R302307,T1056468,,100142.0,SKU100017,damaged,133.44,card,09-04-2024 00:00:00
R302308,T1056372,2025-01-03,117371.0,SKU100397,quality,221.87,cash,03/01/2025
R302309,T1073004,2024-09-05,119294.0,SKU100599,damaged,191.41,UPI,05/09/2024
R302310,T1067136,,114380.0,SKU100099,quality,28.55,UPI,21 Nov 2024
R302311,T1138866,,109696.0,SKU100462,damaged,50.03,card,2025/07/28
R302312,T1062920,2024-11-16,104168.0,SKU100146,other,222.1,cash,16/11/2024
R302313,T1173759,2024-08-04,115800.0,SKU100494,wrong item,131.38,card,04/08/2024
R302314,T1085257,,102503.0,SKU100315,other,309.71,card,2024/03/03
R302315,T1118442,,100983.0,SKU100021,other,110.48,cash,2024-09-21
R302316,T1134366,,114917.0,SKU100065,damaged,154.8,cash,11-Aug-2025
R302317,T1054169,,116396.0,SKU100342,wrong item,198.88,card,12/17/2025
R302318,T1022954,,108971.0,SKU100250,quality,31.22,card,2024-10-26
R302319,T1027551,,100768.0,SKU100427,quality,129.9,cash,2025/11/22
R302320,T1166194,,114016.0,SKU100281,wrong item,92.38,card,01 Nov 2024
R302321,T1081412,2024-08-13,110188.0,SKU100334,wrong item,221.96,cash,13/08/2024
R302322,T1079457,,108059.0,SKU100408,quality,141.14,card,06/30/2024
R302323,T1181414,2025-02-09,115958.0,SKU100093,damaged,78.27,card,09/02/2025
R302324,T1005024,,,SKU100356,wrong item,240.43,card,26-Jun-2024
R302325,T1077405,,119001.0,SKU100000,damaged,165.78,card,08-Oct-2025
R302326,T1012378,,109033.0,SKU100231,damaged,310.89,card,27-Jan-2025
R302327,T1091633,,112641.0,SKU100012,quality,219.49,card,03-Aug-2025
R302328,T1179437,2024-04-07,115396.0,SKU100145,quality,104.78,card,07/04/2024
R302329,T1082489,,111346.0,SKU100335,damaged,24.75,UPI,2025-08-31
R302330,T1045703,,107672.0,SKU100181,wrong item,147.62,cash,02 Oct 2025
R302331,T1142647,,113764.0,SKU100284,other,127.37,card,08 Aug 2024
R302332,T1110326,,108022.0,SKU100337,damaged,177.43,cash,2025-05-07
R302333,T1083148,,104091.0,SKU100466,quality,189.78,card,2024-12-20
R302334,T1070242,,113790.0,SKU100583,quality,50.43,card,2024-06-01
R302335,T1126953,,111357.0,SKU100496,quality,304.62,UPI,17-11-2024 00:00:00
R302336,T1087157,,115253.0,SKU100494,damaged,156.21,cash,2024/06/13
R302337,T1194353,2024-03-07,117967.0,SKU100221,quality,227.11,cash,07/03/2024
R302338,T1118509,,108289.0,SKU100082,wrong item,254.83,UPI,26-Mar-2024
R302339,T1078011,2024-02-07,118302.0,SKU100295,other,14.16,UPI,07/02/2024
R302340,T1137813,,112474.0,SKU100284,other,353.24,cash,2024/12/27
R302341,T1139944,,117472.0,SKU100523,other,186.84,cash,08/27/2025
R302342,T1168864,,111901.0,SKU100249,damaged,29.79,cash,25 Feb 2024
R302343,T1063043,,116499.0,SKU100255,wrong item,205.59,cash,2025-06-17
R302344,T1096677,,100062.0,SKU100037,other,262.44,card,06-03-2025 00:00:00
R302345,T1163449,2024-12-07,102351.0,SKU100288,other,100.2,UPI,07/12/2024
R302346,T1017175,,119346.0,SKU100569,damaged,133.96,UPI,16-Oct-2025
R302347,T1170111,,,SKU100106,damaged,213.42,cash,18-07-2025 00:00:00
R302348,T1095361,2025-01-09,106975.0,SKU100430,other,266.45,UPI,09/01/2025
R302349,T1056367,,104326.0,SKU100597,quality,256.09,cash,31 Mar 2025
R302350,T1137898,,103364.0,SKU100107,wrong item,26.22,UPI,2024-02-01
R302351,T1183622,2025-04-28,105702.0,SKU100023,quality,318.24,card,28/04/2025
R302352,T1044685,2025-06-04,114699.0,SKU100457,damaged,194.86,UPI,04/06/2025
R302353,T1053473,,115002.0,SKU100375,wrong item,40.16,card,03-02-2025 00:00:00
R302354,T1064173,,116572.0,SKU100207,wrong item,48.42,UPI,02-06-2025 00:00:00
R302355,T1058300,,106500.0,SKU100463,wrong item,120.38,UPI,13 Jul 2025
R302356,T1172616,2024-04-14,104364.0,SKU100519,other,134.88,cash,14/04/2024
R302357,T1107863,2025-03-08,119827.0,SKU100257,wrong item,111.27,cash,08/03/2025
R302358,T1062380,,100139.0,SKU100129,quality,101.74,UPI,02 Dec 2024
R302359,T1065563,,100373.0,SKU100540,wrong item,210.45,cash,2024/01/21
R302360,T1100961,2024-10-13,118776.0,SKU100508,damaged,220.1,UPI,13/10/2024
R302361,T1038614,,110498.0,SKU100331,wrong item,3.86,cash,11-12-2024 18:26:04
R302362,T10002361,,111990.0,SKU100095,other,71.59,UPI,2025-05-04
R302363,T1179215,,110107.0,SKU100239,damaged,13.06,UPI,11/18/2025
R302364,T1019466,,116231.0,SKU100253,damaged,255.21,UPI,28-May-2025
R302365,T1000135,2025-06-12,113390.0,SKU100384,other,129.18,cash,12/06/2025
R302366,T1024349,,110244.0,SKU100254,other,80.63,card,2025/06/23
R302367,T1131953,,119700.0,SKU100124,damaged,190.22,cash,08/29/2025
R302368,T1110963,,100940.0,SKU100320,quality,180.3,card,08/16/2025
R302369,T1055777,,113244.0,SKU100380,other,206.82,card,2024-05-18
R302370,T1132532,,119822.0,SKU100454,other,21.5,card,10 Dec 2025
R302371,T1135356,2025-06-01,118256.0,SKU100578,other,116.03,card,01/06/2025
R302372,T1020510,,117241.0,SKU100094,damaged,184.35,cash,11/26/2025
R302373,T1023682,,116422.0,SKU100004,other,80.86,UPI,12-Dec-2025
R302374,T10002373,2025-11-27,108703.0,SKU100422,quality,46.73,cash,27/11/2025
R302375,T1196088,,106358.0,SKU100355,damaged,159.22,cash,12-05-2025 00:00:00
R302376,T1087351,,102362.0,SKU100086,damaged,99.77,cash,07/27/2024
R302377,T1079838,2025-04-23,117229.0,SKU100075,wrong item,255.38,cash,23/04/2025
R302378,T1181764,,103566.0,SKU100379,damaged,161.77,UPI,2025/02/21
R302379,T1016373,2024-01-24,110940.0,SKU100549,damaged,67.34,UPI,24/01/2024
R302380,T1107174,,114884.0,SKU100058,wrong item,45.11,card,2024/02/05
R302381,T1098096,,104391.0,SKU100168,damaged,129.44,UPI,2024-02-07
R302382,T1082207,2024-01-06,117808.0,SKU100349,wrong item,65.42,cash,06/01/2024
R302383,T1013212,,111015.0,SKU100006,quality,73.78,cash,07/15/2024
R302384,T1160996,,116621.0,SKU100215,wrong item,355.3,card,01/19/2025
R302385,T1041845,,111060.0,SKU100387,other,251.2,card,2024-10-13
R302386,T1054517,2024-08-24,107677.0,SKU100533,other,167.73,UPI,24/08/2024
R302387,T1116260,,114052.0,SKU100520,wrong item,44.46,card,2024/03/29
R302388,T1186376,,103805.0,SKU100215,wrong item,117.0,cash,17-11-2024 00:00:00
R302389,T1049218,,106919.0,SKU100474,wrong item,111.22,card,2024/06/30
R302390,T1000059,,119565.0,SKU100210,other,196.51,UPI,10/21/2024
R302391,T1154422,,112036.0,SKU100055,other,185.06,UPI,2024-12-01
R302392,T1152596,,113575.0,SKU100329,damaged,32.61,cash,08/25/2024
R302393,T1167949,,119462.0,SKU100267,quality,88.28,card,13-07-2025 00:00:00
R302394,T1086946,,108255.0,SKU100227,damaged,4.95,card,21-01-2025 05:43:02
R302395,T1039712,,118463.0,SKU100358,wrong item,232.36,cash,25 Oct 2024
R302396,T1078856,2024-03-24,102084.0,SKU100260,damaged,16.46,cash,24/03/2024
R302397,T1185608,2024-03-27,106788.0,SKU100184,damaged,273.83,UPI,27/03/2024
R302398,T1077575,,106338.0,SKU100596,wrong item,5.73,card,15 Aug 2024
R302399,T10002398,2024-02-04,100391.0,SKU100293,other,100.86,cash,04/02/2024
R302400,T1193827,,119148.0,SKU100044,quality,28.41,cash,14-10-2024 00:00:00
R302401,T1000790,,115473.0,SKU100239,damaged,102.94,cash,2025-05-03
R302402,T1142969,,102554.0,SKU100199,quality,36.22,card,2024-11-29
R302403,T1131406,,114150.0,SKU100087,quality,5.83,cash,16 Dec 2025
R302404,T1090064,,109656.0,SKU100011,damaged,37.68,UPI,14-Feb-2025
R302405,T1175900,2024-06-08,115535.0,SKU100352,wrong item,11.04,cash,08/06/2024
R302406,T1019752,,106353.0,SKU100113,wrong item,40.48,cash,2024-01-16
R302407,T1185570,2024-02-20,,SKU100247,other,196.78,UPI,20/02/2024
R302408,T1102091,,105957.0,SKU100048,damaged,300.01,cash,2025-06-15
R302409,T1116234,2025-11-22,115371.0,SKU100041,damaged,94.52,cash,22/11/2025
R302410,T1156927,,101853.0,SKU100509,other,38.45,card,2025-02-21
R302411,T1172391,,108550.0,SKU100327,other,197.63,UPI,2025/06/05
R302412,T1106095,,118116.0,SKU100210,quality,162.25,cash,13 Oct 2025
R302413,T10002412,,116844.0,SKU100243,wrong item,227.76,card,09-Mar-2024
R302414,T1164683,,101016.0,SKU100353,wrong item,133.86,card,2025/05/19
R302415,T1045160,,102524.0,SKU100140,other,74.7,UPI,23 Mar 2025
R302416,T1019113,,108282.0,SKU100042,quality,248.42,UPI,17-07-2025 16:31:07
R302417,T1037171,2025-12-28,115332.0,SKU100325,other,251.7,UPI,28/12/2025
R302418,T1103989,,116831.0,SKU100222,wrong item,374.24,cash,2024/07/29
R302419,T1022950,,103160.0,SKU100550,other,179.54,cash,21 Jan 2024
R302420,T1053097,,101906.0,SKU100112,wrong item,158.56,UPI,17-08-2024 00:00:00
R302421,T1129935,,117428.0,SKU100138,wrong item,156.56,card,19-Jun-2024
R302422,T1055721,,118422.0,SKU100361,damaged,185.83,card,31 Mar 2024
R302423,T1183439,,109709.0,SKU100386,wrong item,62.87,UPI,2025/03/20
R302424,T1099209,,112691.0,SKU100577,wrong item,15.82,cash,09 Feb 2025
R302425,T1102443,,104895.0,SKU100039,quality,325.19,card,16-Sep-2024
R302426,T10002425,,104679.0,SKU100589,damaged,350.53,card,18 Feb 2025
R302427,T10002426,,108778.0,SKU100525,damaged,124.94,UPI,12-Aug-2024
R302428,T1091154,,104960.0,SKU100219,quality,240.2,UPI,2024-06-14
R302429,T1181201,,103051.0,SKU100400,wrong item,305.38,card,2025/02/14
R302430,T1059816,2025-03-22,113655.0,SKU100399,other,150.13,UPI,22/03/2025
R302431,T1072617,2024-01-24,118668.0,SKU100212,damaged,132.61,UPI,24/01/2024
R302432,T10002431,,110232.0,SKU100014,wrong item,151.13,cash,2024/04/10
R302433,T1175493,,101348.0,SKU100206,quality,252.31,card,02/29/2024
R302434,T1123429,,106714.0,SKU100516,wrong item,249.11,UPI,2024-05-06
R302435,T1095626,,112023.0,SKU100546,damaged,159.91,card,03 Oct 2024
R302436,T1047509,2024-07-06,113923.0,SKU100135,wrong item,239.99,UPI,06/07/2024
R302437,T1110614,,108558.0,SKU100585,damaged,307.82,UPI,14-Oct-2024
R302438,T1034783,,110129.0,SKU100072,wrong item,225.56,cash,08/22/2025
R302439,T1022484,,103373.0,SKU100095,quality,87.34,UPI,2024-04-26
R302440,T1100375,,,SKU100237,wrong item,112.18,UPI,23-08-2024 00:00:00
R302441,T1191626,,118667.0,SKU100290,other,96.61,cash,28-Dec-2025
R302442,T1186054,,109215.0,SKU100487,wrong item,9.7,cash,26-08-2025 00:00:00
R302443,T1136844,,102034.0,SKU100477,quality,65.89,cash,15-May-2025
R302444,T1117214,,100877.0,SKU100367,wrong item,294.1,card,07-Jun-2025
R302445,T1084326,2025-03-01,109790.0,SKU100116,other,95.01,card,01/03/2025
R302446,T1007432,,106054.0,SKU100584,other,189.5,UPI,27 Sep 2024
R302447,T1078534,,118470.0,SKU100558,quality,135.28,cash,05-May-2024
R302448,T1187564,,117812.0,SKU100589,damaged,64.8,card,22 Sep 2024
R302449,T1149535,,114123.0,SKU100405,wrong item,331.75,card,02-Nov-2025
R302450,T1077011,,104574.0,SKU100014,damaged,244.07,cash,03/28/2025
R302451,T1112360,2025-01-12,105791.0,SKU100116,other,191.62,UPI,12/01/2025
R302452,T10002451,,110311.0,SKU100500,other,77.43,card,04/25/2024
R302453,T1139302,,118484.0,SKU100267,damaged,172.98,UPI,11-10-2024 00:00:00
R302454,T1004551,2024-12-07,117803.0,SKU100260,quality,64.84,UPI,07/12/2024
R302455,T1171832,2025-03-12,109827.0,SKU100435,quality,247.48,card,12/03/2025
R302456,T1057890,,106061.0,SKU100234,other,262.45,UPI,11 May 2024
R302457,T1166092,,112861.0,SKU100424,wrong item,200.89,card,21 May 2024
R302458,T1005225,,116435.0,SKU100133,other,218.42,card,21-04-2025 00:00:00
R302459,T1069304,,113087.0,SKU100556,quality,143.03,UPI,14-07-2025 00:00:00
R302460,T1048376,,101629.0,SKU100139,quality,84.48,cash,09-Apr-2024
R302461,T1056102,,116380.0,SKU100277,quality,0.99,UPI,23-Jul-2025
R302462,T1067828,,110194.0,SKU100180,damaged,381.17,UPI,08-09-2024 00:00:00
R302463,T1061976,2024-03-11,108730.0,SKU100067,quality,84.26,cash,11/03/2024
R302464,T1163787,,112132.0,SKU100091,other,413.09,UPI,2024-01-13
R302465,T1151463,,109527.0,SKU100152,other,207.1,UPI,2025/06/09
R302466,T1064810,,104030.0,SKU100221,other,311.39,UPI,01 Apr 2025
R302467,T1095682,,110819.0,SKU100208,quality,412.66,cash,2025/02/17
R302468,T1186615,,118922.0,SKU100386,wrong item,205.67,card,2024-09-01
R302469,T1111372,2025-12-26,105897.0,SKU100291,quality,125.97,card,26/12/2025
R302470,T1049143,,101280.0,SKU100219,damaged,248.66,cash,2024/07/12
R302471,T1045901,,113138.0,SKU100034,quality,218.24,UPI,10-05-2025 00:00:00
R302472,T1067989,,101496.0,SKU100035,quality,4.58,UPI,2025-03-25
R302473,T1031618,,114077.0,SKU100182,wrong item,196.28,cash,2025/05/28
R302474,T1184941,,102756.0,SKU100340,wrong item,19.06,card,18 Apr 2024
R302475,T1056169,2025-04-07,117701.0,SKU100024,damaged,162.75,card,07/04/2025
R302476,T1177676,2024-05-25,114995.0,SKU100054,quality,236.17,UPI,25/05/2024
R302477,T1166346,,101065.0,SKU100414,quality,194.87,cash,30-09-2024 00:00:00
R302478,T10002477,,118383.0,SKU100359,other,16.74,UPI,20 May 2024
R302479,T1036282,,109220.0,SKU100055,quality,180.59,cash,05-12-2025 00:00:00
R302480,T1060424,,112664.0,SKU100295,quality,115.79,card,10-Nov-2025
R302481,T1060650,,110159.0,SKU100186,quality,122.99,UPI,2025/12/24
R302482,T1056557,,114893.0,SKU100307,other,58.6,UPI,12 Jul 2024
R302483,T1033253,,106133.0,SKU100443,other,56.84,cash,14-10-2024 00:44:15
R302484,T1196172,,100015.0,SKU100235,quality,141.22,cash,2025/05/24
R302485,T1042077,,116008.0,SKU100139,damaged,182.16,card,10/29/2024
R302486,T1142301,,118786.0,SKU100022,other,80.05,card,02-02-2025 00:00:00
R302487,T1129174,,105272.0,SKU100232,damaged,60.19,card,2025/02/16
R302488,T1011589,,109646.0,SKU100161,wrong item,134.91,card,28 Oct 2025
R302489,T1077021,,101214.0,SKU100544,quality,125.22,cash,19-Feb-2025
R302490,T1195415,2024-03-10,108830.0,SKU100078,wrong item,37.56,card,10/03/2024
R302491,T1196089,,109086.0,SKU100413,damaged,43.49,UPI,2025-07-13
R302492,T1026758,2025-05-24,113833.0,SKU100446,wrong item,103.21,cash,24/05/2025
R302493,T1009773,,106410.0,SKU100424,wrong item,205.59,card,2025/09/15
R302494,T1165887,,105554.0,SKU100217,wrong item,270.45,card,2024/03/26
R302495,T1047407,,102552.0,SKU100366,quality,150.61,card,01-08-2025 00:00:00
R302496,T1151698,,115461.0,SKU100523,other,141.45,card,2024/02/19
R302497,T1037892,2024-11-05,109541.0,SKU100201,other,13.01,UPI,05/11/2024
R302498,T1000262,2024-04-22,117561.0,SKU100451,other,195.5,cash,22/04/2024
R302499,T1120826,,111977.0,SKU100207,wrong item,334.49,UPI,27-Aug-2025
R302500,T10002499,,100839.0,SKU100523,wrong item,40.09,UPI,2025-06-03
R302501,T1060262,,115417.0,SKU100248,other,0.97,UPI,03/22/2025
R302502,T1099687,,101000.0,SKU100406,wrong item,180.51,card,12-02-2025 00:00:00
R302503,T1058460,,115943.0,SKU100002,quality,11.25,UPI,25-Dec-2024
R302504,T1002062,,112606.0,SKU100224,damaged,131.44,card,2025-09-14
R302505,T1031825,,109337.0,SKU100045,damaged,39.47,cash,10-09-2025 00:00:00
R302506,T1089560,,107347.0,SKU100380,other,509.63,UPI,2025/03/13
R302507,T1017513,,115129.0,SKU100012,damaged,176.83,card,2024/03/19
R302508,T1153208,,117166.0,SKU100585,other,92.78,card,05-06-2024 00:00:00
R302509,T1127132,,105403.0,SKU100330,quality,1.99,cash,28-06-2024 00:00:00
R302510,T1134862,,110175.0,SKU100267,wrong item,254.55,card,27-Jun-2024
R302511,T1135985,,114245.0,SKU100287,quality,191.45,UPI,2025-03-31
R302512,T1098299,,106468.0,SKU100382,other,242.84,cash,02-Feb-2024
R302513,T1042697,2024-01-05,112236.0,SKU100182,other,224.43,cash,05/01/2024
R302514,T1059809,,105686.0,SKU100169,damaged,293.42,cash,08/28/2025
R302515,T1131504,2025-07-20,115476.0,SKU100452,wrong item,220.42,UPI,20/07/2025
R302516,T1179205,,110538.0,SKU100062,damaged,137.02,cash,25 Jul 2025
R302517,T1162402,,113453.0,SKU100522,damaged,67.63,UPI,20-Nov-2025
R302518,T1147511,,112118.0,SKU100047,wrong item,171.65,UPI,2024/09/30
R302519,T1162224,,114063.0,SKU100527,damaged,217.5,card,23-03-2025 00:00:00
R302520,T1053092,,108151.0,SKU100049,damaged,0.57,cash,08-Oct-2024
R302521,T1056259,,118123.0,SKU100333,quality,20.68,card,2025-11-13
R302522,T1013723,2024-07-31,105282.0,SKU100221,quality,248.19,UPI,31/07/2024
R302523,T1052992,,118354.0,SKU100570,wrong item,364.82,card,12/29/2025
R302524,T1107753,,116198.0,SKU100434,damaged,207.99,cash,2025/04/02
R302525,T1111828,,106449.0,SKU100230,quality,189.96,cash,01-Jun-2025
R302526,T1129734,2025-03-29,114999.0,SKU100437,damaged,108.77,UPI,29/03/2025
R302527,T1001575,,116881.0,SKU100326,quality,6.87,UPI,30-10-2025 00:00:00
R302528,T1109731,,108034.0,SKU100034,damaged,433.88,card,30 Jan 2025
R302529,T1023211,,108754.0,SKU100142,wrong item,259.06,card,2025-11-09
R302530,T10002529,,100655.0,SKU100048,damaged,130.18,cash,26-03-2024 00:00:00
R302531,T1082080,,105011.0,SKU100397,wrong item,314.96,cash,2025/12/28
R302532,T1196814,,102357.0,SKU100312,other,209.37,cash,2025/02/21
R302533,T10002532,,116101.0,SKU100062,wrong item,104.17,UPI,26-Jan-2024
R302534,T1073473,,115950.0,SKU100176,quality,29.28,UPI,22 Jul 2025
R302535,T1173990,,109815.0,SKU100522,quality,239.58,card,2024-05-21
R302536,T1114077,,110513.0,SKU100116,wrong item,32.12,cash,14-May-2024
R302537,T1190853,,,SKU100436,wrong item,190.31,UPI,2025/04/14
R302538,T1174950,,,SKU100290,other,155.13,cash,20 Dec 2024
R302539,T1114248,,108952.0,SKU100362,quality,123.34,UPI,04-Mar-2025
R302540,T1153829,2024-06-09,102659.0,SKU100329,other,230.95,UPI,09/06/2024
R302541,T1109729,,102512.0,SKU100172,other,224.05,cash,2024-08-22
R302542,T1068352,,106791.0,SKU100252,other,8.12,UPI,10 Mar 2024
R302543,T1195396,,116187.0,SKU100017,damaged,405.45,UPI,06 Jul 2024
R302544,T1120167,,104842.0,SKU100182,other,79.82,UPI,25-Aug-2024
R302545,T1171871,,115733.0,SKU100192,wrong item,326.78,cash,2025/02/04
R302546,T1091450,,108725.0,SKU100115,wrong item,135.19,cash,15-04-2024 00:00:00
R302547,T1073527,,107915.0,SKU100453,other,101.5,cash,13-Jul-2025
R302548,T1001799,,114408.0,SKU100576,quality,134.85,cash,08 Apr 2024
R302549,T1136974,2025-07-18,119001.0,SKU100360,quality,372.78,UPI,18/07/2025
R302550,T1110827,,113549.0,SKU100291,other,113.85,card,2024-05-09
R302551,T1058354,,109801.0,SKU100225,other,142.38,cash,07-Dec-2024
R302552,T1162616,2025-08-06,115589.0,SKU100463,other,292.0,cash,06/08/2025
R302553,T1168683,,101425.0,SKU100187,quality,105.66,cash,2024/05/13
R302554,T1034568,,104951.0,SKU100078,wrong item,254.0,UPI,29-11-2024 19:42:51
R302555,T1116204,,114319.0,SKU100596,damaged,115.26,UPI,05-May-2024
R302556,T1057747,2025-01-13,117208.0,SKU100228,wrong item,267.94,UPI,13/01/2025
R302557,T1016795,,114389.0,SKU100428,other,251.29,UPI,2025/09/10
R302558,T1133244,,118194.0,SKU100328,other,179.77,UPI,04-Nov-2025
R302559,T1007902,,,SKU100181,quality,251.6,UPI,16-Apr-2024
R302560,T1016144,2024-01-09,102783.0,SKU100370,quality,212.24,cash,09/01/2024
R302561,T1196313,,100345.0,SKU100151,damaged,119.6,card,2024-11-28
R302562,T1017798,,102720.0,SKU100250,wrong item,28.08,card,2025/01/03
R302563,T1098458,,108695.0,SKU100376,quality,308.21,cash,2025-08-01
R302564,T1188473,,111315.0,SKU100156,damaged,145.7,card,10/21/2025
R302565,T1118469,,104456.0,SKU100175,damaged,134.9,cash,08-12-2024 00:00:00
R302566,T1142612,,100162.0,SKU100044,wrong item,43.9,UPI,09/16/2025
R302567,T1062987,,118210.0,SKU100463,damaged,62.04,cash,2025-07-19
R302568,T1064433,,100828.0,SKU100554,other,3.22,UPI,06-Jan-2024
R302569,T1101646,,109503.0,SKU100128,quality,194.87,cash,14-Oct-2024
R302570,T1036941,,116618.0,SKU100386,wrong item,52.48,card,19-May-2024
R302571,T1150541,,103044.0,SKU100415,quality,167.71,card,08-Aug-2025
R302572,T1191827,2025-07-25,114219.0,SKU100305,damaged,147.0,cash,25/07/2025
R302573,T1037481,,117020.0,SKU100444,other,290.31,card,29-10-2024 00:00:00
R302574,T1147426,,117125.0,SKU100068,other,131.73,UPI,14-Feb-2024
R302575,T1059583,,113146.0,SKU100326,wrong item,51.77,UPI,11/25/2024
R302576,T10002575,,108758.0,SKU100192,quality,103.37,UPI,2024-03-11
R302577,T1121093,,119025.0,SKU100231,other,91.28,card,10 Jan 2025
R302578,T1142399,,115602.0,SKU100314,quality,99.5,cash,23 Mar 2024
R302579,T1079224,,116179.0,SKU100041,wrong item,23.93,card,15-09-2025 00:00:00
R302580,T1064593,,109318.0,SKU100049,quality,26.19,card,10-Sep-2025
R302581,T1056446,,112307.0,SKU100102,wrong item,43.32,UPI,2025-02-13
R302582,T1160105,,105967.0,SKU100493,damaged,278.49,card,08-03-2024 00:00:00
R302583,T1195363,2024-05-13,118188.0,SKU100523,quality,113.93,cash,13/05/2024
R302584,T1130494,2025-10-06,107916.0,SKU100298,quality,249.98,card,06/10/2025
R302585,T1067687,2025-01-30,103379.0,SKU100417,wrong item,113.71,card,30/01/2025
R302586,T1084621,,112096.0,SKU100425,wrong item,299.4,UPI,2025-05-11
R302587,T1037641,,103928.0,SKU100512,other,60.64,card,10/21/2024
R302588,T1006421,,100150.0,SKU100330,damaged,69.96,card,20-05-2025 00:00:00
R302589,T1069798,,112865.0,SKU100578,quality,68.0,UPI,2025/12/12
R302590,T1100587,,116044.0,SKU100368,quality,346.95,UPI,24-10-2024 00:00:00
R302591,T1054679,2024-07-21,115938.0,SKU100571,quality,152.81,UPI,21/07/2024
R302592,T1198046,,114318.0,SKU100436,wrong item,157.19,cash,09/17/2025
R302593,T1068756,,102377.0,SKU100132,other,203.12,cash,24-Jul-2025
R302594,T1152455,,117239.0,SKU100234,wrong item,303.37,UPI,2024/05/09
R302595,T1134581,,112964.0,SKU100079,quality,152.52,card,11 Jan 2024
R302596,T1104750,2024-11-16,117741.0,SKU100280,quality,36.35,card,16/11/2024
R302597,T1059762,2025-09-22,100650.0,SKU100135,quality,158.56,card,22/09/2025
R302598,T1098829,,116297.0,SKU100152,damaged,42.63,UPI,12/28/2025
R302599,T1049469,,107015.0,SKU100418,quality,23.04,card,2025-01-02
R302600,T1126641,2024-03-05,111426.0,SKU100505,other,169.78,cash,05/03/2024
R302601,T1169043,,113394.0,SKU100248,other,224.87,card,01/21/2024
R302602,T1006364,,102881.0,SKU100220,other,283.83,card,19-01-2025 00:00:00
R302603,T1129285,,116450.0,SKU100247,damaged,47.07,cash,2024/10/22
R302604,T1122667,,110432.0,SKU100450,quality,16.08,card,2024-04-30
R302605,T1089730,,107523.0,SKU100204,quality,61.04,cash,04-May-2024
R302606,T1157324,,111837.0,SKU100555,other,95.6,cash,02-Jul-2025
R302607,T1024899,,105375.0,SKU100132,other,7.97,cash,18-Aug-2025
R302608,T1148348,2024-09-11,100826.0,SKU100594,wrong item,205.74,UPI,11/09/2024
R302609,T1091381,,111348.0,SKU100304,damaged,94.71,UPI,10-02-2025 00:00:00
R302610,T1147973,,108441.0,SKU100359,other,515.34,card,09/13/2025
R302611,T1042787,,100499.0,SKU100419,damaged,140.55,UPI,2025-08-04
R302612,T1059127,2024-05-08,,SKU100487,damaged,145.5,card,08/05/2024
R302613,T1004984,,114054.0,SKU100112,other,139.76,cash,30 Oct 2025
R302614,T1195484,,100357.0,SKU100523,quality,272.87,UPI,06/19/2025
R302615,T1127033,,102349.0,SKU100026,wrong item,260.99,card,05 Nov 2024
R302616,T1171035,,117939.0,SKU100495,other,74.42,UPI,2024-08-08
R302617,T10002616,,100870.0,SKU100489,wrong item,316.33,card,09-Jul-2025
R302618,T1075104,,113386.0,SKU100352,damaged,127.0,cash,16-11-2025 00:00:00
R302619,T1197752,,111635.0,SKU100029,damaged,33.9,UPI,2024/07/02
R302620,T1043242,,108799.0,SKU100512,other,4.66,UPI,2025-02-03
R302621,T1112342,,102808.0,SKU100546,quality,157.68,card,03-Aug-2025
R302622,T1174060,,101463.0,SKU100402,wrong item,70.81,UPI,2025-03-05
R302623,T1194709,2024-12-27,101902.0,SKU100518,wrong item,250.35,UPI,27/12/2024
R302624,T1194133,,101301.0,SKU100189,damaged,201.35,UPI,19-04-2025 00:00:00
R302625,T1008738,,117870.0,SKU100426,quality,17.05,UPI,12-10-2024 00:00:00
R302626,T1136690,,108884.0,SKU100166,other,52.02,card,2024-06-08
R302627,T1141302,,108823.0,SKU100485,wrong item,112.15,card,21 Apr 2025
R302628,T1084948,,116495.0,SKU100594,damaged,407.19,UPI,27-Sep-2024
R302629,T1077191,,105710.0,SKU100493,quality,251.94,card,08-07-2024 00:00:00
R302630,T1187419,,108196.0,SKU100524,other,152.89,card,2024-02-05
R302631,T1157316,,114990.0,SKU100164,damaged,374.05,card,2024/01/09
R302632,T1138269,,119776.0,SKU100597,quality,128.98,card,2025-07-07
R302633,T10002632,2025-01-23,118237.0,SKU100131,damaged,166.23,card,23/01/2025
R302634,T1146074,2024-04-22,108114.0,SKU100435,other,86.09,card,22/04/2024
R302635,T1175347,,111949.0,SKU100433,other,36.51,cash,2024/11/04
R302636,T1143015,,108298.0,SKU100025,damaged,144.32,cash,09-Nov-2024
R302637,T1165005,,101845.0,SKU100099,quality,219.86,cash,09-12-2025 00:00:00
R302638,T1060764,,107947.0,SKU100587,other,209.37,UPI,06-01-2024 00:00:00
R302639,T1188823,,106064.0,SKU100054,quality,133.33,cash,12-Sep-2024
R302640,T1129850,2024-03-08,109979.0,SKU100578,other,241.46,cash,08/03/2024
R302641,T10002640,,108539.0,SKU100486,other,187.96,UPI,05-02-2025 00:00:00
R302642,T1190744,,118200.0,SKU100129,wrong item,106.46,UPI,24 Sep 2024
R302643,T10002642,,116547.0,SKU100501,wrong item,200.31,cash,04/29/2024
R302644,T1111013,,116830.0,SKU100362,damaged,163.33,card,20 Nov 2024
R302645,T10002644,2024-07-15,103986.0,SKU100019,wrong item,162.37,UPI,15/07/2024
R302646,T1149549,,106002.0,SKU100297,damaged,302.93,cash,2024-08-26
R302647,T1018172,2024-09-09,101924.0,SKU100062,other,249.1,cash,09/09/2024
R302648,T1114608,,115986.0,SKU100021,other,128.8,card,08/29/2025
R302649,T1149579,,105285.0,SKU100134,wrong item,180.51,cash,05 Aug 2024
R302650,T1149230,,105134.0,SKU100380,quality,70.78,card,04 Aug 2025
R302651,T1084532,,105331.0,SKU100575,wrong item,103.23,UPI,03/24/2025
R302652,T1029528,,107004.0,SKU100327,damaged,222.66,cash,2025/04/26
R302653,T1163139,,101061.0,SKU100532,wrong item,100.62,cash,2025-11-02
R302654,T1102133,,110210.0,SKU100088,quality,171.27,card,2025/08/21
R302655,T1106703,,101877.0,SKU100284,damaged,231.93,card,19 Jul 2025
R302656,T1068208,,,SKU100307,quality,212.2,cash,05-Sep-2024
R302657,T10002656,2025-10-12,117316.0,SKU100141,damaged,75.12,UPI,12/10/2025
R302658,T10002657,,109954.0,SKU100317,damaged,100.64,cash,14-Jul-2025
R302659,T1118860,,118668.0,SKU100159,wrong item,35.93,cash,05-Jul-2025
R302660,T1156360,,114625.0,SKU100139,quality,197.49,UPI,06-Dec-2025
R302661,T1090605,,103503.0,SKU100290,wrong item,216.34,UPI,12/14/2025
R302662,T1025857,2024-12-25,119517.0,SKU100069,quality,91.45,UPI,25/12/2024
R302663,T1141040,,110700.0,SKU100435,quality,154.5,UPI,07/23/2024
R302664,T1000168,,113011.0,SKU100134,damaged,161.9,UPI,2025-04-22
R302665,T1036625,2024-06-12,101095.0,SKU100398,damaged,145.61,card,12/06/2024
R302666,T1067430,,110245.0,SKU100218,damaged,189.39,cash,2025-03-05
R302667,T1169503,2025-09-05,102954.0,SKU100443,other,20.04,card,05/09/2025
R302668,T1162911,,110582.0,SKU100394,damaged,119.99,UPI,20-May-2025
R302669,T1131908,,106029.0,SKU100499,wrong item,251.96,UPI,16-01-2025 00:00:00
R302670,T1105272,,115908.0,SKU100072,quality,65.18,card,10 Jan 2024
R302671,T1139310,,104091.0,SKU100447,damaged,275.95,cash,04-02-2024 00:00:00
R302672,T10002671,,113985.0,SKU100051,other,292.5,card,2024/11/17
R302673,T1101003,,106841.0,SKU100416,wrong item,256.83,cash,2024/03/07
R302674,T1050486,2024-02-17,116739.0,SKU100362,damaged,8.03,cash,17/02/2024
R302675,T1118752,2025-04-27,115970.0,SKU100147,damaged,203.34,UPI,27/04/2025
R302676,T1181481,,112552.0,SKU100137,other,50.32,card,08/16/2024
R302677,T1006401,,113176.0,SKU100357,damaged,202.92,card,08 Aug 2025
R302678,T1007771,,116409.0,SKU100029,quality,147.23,UPI,05-Aug-2025
R302679,T1151585,,113413.0,SKU100230,wrong item,3.9,UPI,2024/02/14
R302680,T1177564,2024-12-29,107887.0,SKU100401,other,444.66,UPI,29/12/2024
R302681,T1069105,,116503.0,SKU100565,wrong item,94.07,cash,11-Apr-2025
R302682,T1064710,,116059.0,SKU100251,quality,139.08,cash,2025/07/04
R302683,T1069215,,102678.0,SKU100384,quality,142.95,cash,25-Jan-2025
R302684,T1037250,2025-11-01,115488.0,SKU100055,damaged,30.92,card,01/11/2025
R302685,T1120381,2025-11-27,112694.0,SKU100409,damaged,137.11,UPI,27/11/2025
R302686,T1019138,,108500.0,SKU100382,damaged,147.1,card,10 Jul 2024
R302687,T1043963,,102690.0,SKU100439,quality,198.19,cash,07-Sep-2024
R302688,T1104339,2025-06-19,116335.0,SKU100134,other,136.29,card,19/06/2025
R302689,T1013154,,103977.0,SKU100181,quality,78.9,UPI,21-06-2024 00:00:00
R302690,T1194951,,112362.0,SKU100278,wrong item,97.78,cash,19-05-2025 00:00:00
R302691,T1199291,,107228.0,SKU100432,other,370.51,card,2025-04-25
R302692,T1086653,,102972.0,SKU100461,damaged,203.55,cash,13 Sep 2025
R302693,T1104062,2025-10-25,115012.0,SKU100258,other,215.27,cash,25/10/2025
R302694,T1165162,,117528.0,SKU100402,other,345.11,cash,2024-07-06
R302695,T1079109,2024-07-15,110538.0,SKU100536,quality,31.2,card,15/07/2024
R302696,T1053660,2025-06-11,115810.0,SKU100499,damaged,107.63,cash,11/06/2025
R302697,T1172605,2024-05-12,111814.0,SKU100300,quality,145.14,UPI,12/05/2024
R302698,T1064187,,113045.0,SKU100012,quality,382.79,UPI,04-Mar-2024
R302699,T1126101,2024-06-20,115991.0,SKU100181,other,300.74,UPI,20/06/2024
R302700,T1031621,,105112.0,SKU100337,other,172.37,card,18-Nov-2025
R302701,T1159643,2025-01-05,119386.0,SKU100385,quality,349.77,cash,05/01/2025
R302702,T1176214,,107472.0,SKU100004,other,57.14,card,27-02-2025 00:00:00
R302703,T1135585,,106416.0,SKU100222,damaged,190.0,cash,2024/09/03
R302704,T1015621,2025-08-31,107027.0,SKU100520,damaged,46.33,cash,31/08/2025
R302705,T1097548,2024-02-26,107851.0,SKU100522,other,243.09,UPI,26/02/2024
R302706,T1103422,,118162.0,SKU100381,damaged,185.8,UPI,2024-03-06
R302707,T1181539,2025-10-16,112348.0,SKU100574,damaged,232.58,card,16/10/2025
R302708,T1130133,2025-12-12,107060.0,SKU100482,other,278.66,cash,12/12/2025
R302709,T1018030,,107790.0,SKU100293,damaged,231.53,cash,09-03-2024 00:00:00
R302710,T10002709,,110356.0,SKU100470,wrong item,222.88,UPI,2025-05-26
R302711,T1120332,2025-06-18,113203.0,SKU100524,other,408.83,UPI,18/06/2025
R302712,T1027694,,119660.0,SKU100508,wrong item,45.1,card,18-07-2025 00:00:00
R302713,T1171945,,106493.0,SKU100529,other,121.13,UPI,04-Jan-2024
R302714,T1006654,,115693.0,SKU100559,damaged,56.25,UPI,2025-07-11
R302715,T1009455,2024-09-04,119977.0,SKU100584,wrong item,260.91,UPI,04/09/2024
R302716,T1092726,,100343.0,SKU100101,damaged,144.41,UPI,07-06-2025 18:03:16
R302717,T1012391,,118018.0,SKU100392,other,32.34,cash,2024/01/07
R302718,T1137500,2024-04-05,117723.0,SKU100092,wrong item,23.5,card,05/04/2024
R302719,T1165852,,116978.0,SKU100354,wrong item,81.75,cash,30-01-2025 00:00:00
R302720,T1106918,,112142.0,SKU100075,damaged,71.99,cash,16-Jun-2025
R302721,T1117816,,104948.0,SKU100435,other,161.78,UPI,24-04-2025 00:00:00
R302722,T1092808,,104517.0,SKU100285,damaged,168.69,card,2024-10-22
R302723,T1107760,,,SKU100460,other,75.48,card,11-Dec-2025
R302724,T1132638,,101326.0,SKU100359,quality,30.5,cash,15-Dec-2025
R302725,T1080755,,117059.0,SKU100301,quality,123.11,cash,21 Aug 2025
R302726,T1026589,,115717.0,SKU100112,other,102.59,UPI,14-02-2024 23:32:21
R302727,T1168594,,103520.0,SKU100414,wrong item,177.4,UPI,2025-06-06
R302728,T10002727,,102017.0,SKU100544,quality,222.55,UPI,2025-09-06
R302729,T1123699,,103446.0,SKU100346,quality,148.94,UPI,01-06-2024 00:00:00
R302730,T1151346,,107549.0,SKU100477,damaged,84.24,cash,01-Dec-2024
R302731,T1105829,,100695.0,SKU100356,quality,33.51,cash,16-10-2024 14:43:35
R302732,T1161446,,102075.0,SKU100022,damaged,227.83,UPI,2024/08/14
R302733,T1119195,2025-04-11,113801.0,SKU100542,damaged,97.47,cash,11/04/2025
R302734,T1062153,,108793.0,SKU100339,other,363.78,card,10 Mar 2024
R302735,T1139748,,113061.0,SKU100389,quality,156.72,cash,2024-08-26
R302736,T1086963,,118112.0,SKU100583,quality,86.48,UPI,12/27/2024
R302737,T1053864,,115286.0,SKU100561,quality,17.25,card,2024-10-29
R302738,T1158595,2024-01-12,100563.0,SKU100006,quality,266.33,card,12/01/2024
R302739,T1103535,,105547.0,SKU100067,wrong item,251.73,cash,2025-01-14
R302740,T1027436,,109836.0,SKU100375,other,39.75,cash,02-Sep-2025
R302741,T1071305,,110995.0,SKU100538,other,4.1,card,19-11-2025 00:00:00
R302742,T1001811,,109460.0,SKU100444,damaged,249.11,card,29-Apr-2025
R302743,T1008031,,111989.0,SKU100195,wrong item,204.52,cash,05/31/2024
R302744,T1119079,,118400.0,SKU100325,damaged,438.88,UPI,12-06-2025 00:00:00
R302745,T1137706,,119360.0,SKU100541,other,48.92,card,07-May-2024
R302746,T1081727,2025-01-31,100478.0,SKU100134,other,360.08,card,31/01/2025
R302747,T1154670,,108157.0,SKU100194,other,164.81,card,2025/02/13
R302748,T1071629,,100583.0,SKU100504,quality,100.17,card,2025/06/19
R302749,T1155959,,109659.0,SKU100010,quality,146.36,cash,2024/02/27
R302750,T1012052,,102825.0,SKU100549,other,112.4,cash,07 Apr 2025
R302751,T1093209,,111509.0,SKU100434,damaged,60.8,UPI,19-Dec-2024
R302752,T1009889,,112266.0,SKU100534,wrong item,108.04,card,06/30/2025
R302753,T1146607,,110089.0,SKU100112,other,130.94,card,27-05-2025 23:14:44
R302754,T1091559,,118867.0,SKU100175,damaged,70.17,cash,13-Feb-2025
R302755,T1145177,,111259.0,SKU100221,quality,82.8,cash,15-11-2025 00:00:00
R302756,T1127839,,100555.0,SKU100501,damaged,113.57,cash,24-04-2025 00:00:00
R302757,T10002756,2024-12-01,103775.0,SKU100178,quality,333.81,UPI,01/12/2024
R302758,T1118808,,119630.0,SKU100157,wrong item,50.67,card,12/31/2024
R302759,T1125137,,102911.0,SKU100286,wrong item,246.89,UPI,2025/06/16
R302760,T1035715,,108909.0,SKU100098,wrong item,118.47,UPI,2025/09/14
R302761,T1038457,2025-02-10,119688.0,SKU100462,other,113.04,UPI,10/02/2025
R302762,T1127352,,113314.0,SKU100292,wrong item,39.57,cash,2024-04-23
R302763,T1121496,,118998.0,SKU100257,quality,283.2,cash,27-12-2025 07:53:38
R302764,T1055847,,117419.0,SKU100493,damaged,214.29,card,28-10-2025 00:00:00
R302765,T1171398,2025-10-27,105240.0,SKU100259,damaged,69.79,UPI,27/10/2025
R302766,T1033001,2025-08-15,114230.0,SKU100585,other,299.49,UPI,15/08/2025
R302767,T1071613,2025-12-08,119036.0,SKU100488,quality,212.22,cash,08/12/2025
R302768,T1073926,,107717.0,SKU100300,other,220.66,UPI,01-04-2025 00:00:00
R302769,T1083178,,101505.0,SKU100032,wrong item,258.21,cash,2024/09/11
R302770,T1197595,,107240.0,SKU100063,quality,76.45,UPI,2024/07/26
R302771,T1138350,,102292.0,SKU100153,wrong item,97.96,card,11 Nov 2025
R302772,T10002771,,115716.0,SKU100160,wrong item,24.51,UPI,24-Aug-2025
R302773,T1024991,,105224.0,SKU100182,wrong item,212.37,cash,16-04-2024 00:00:00
R302774,T1082744,,105839.0,SKU100083,quality,98.5,UPI,01-Sep-2025
R302775,T1177344,,106115.0,SKU100524,other,150.21,UPI,2025-06-15
R302776,T1045935,,111459.0,SKU100457,wrong item,9.15,card,2024-09-10
R302777,T1199935,,112523.0,SKU100269,damaged,57.91,cash,2024-03-11
R302778,T1018026,,110221.0,SKU100284,quality,89.58,cash,2024-09-01
R302779,T1147757,,113398.0,SKU100291,wrong item,10.65,cash,10/29/2024
R302780,T1023689,,,SKU100168,wrong item,154.02,cash,26-08-2025 00:00:00
R302781,T1171507,,114794.0,SKU100259,other,211.13,card,24-12-2024 00:00:00
R302782,T1189296,,110273.0,SKU100198,damaged,66.62,UPI,11/18/2025
R302783,T1060855,,101038.0,SKU100115,other,86.23,card,10-04-2024 00:00:00
R302784,T1116859,,112656.0,SKU100293,quality,110.26,cash,02/15/2025
R302785,T1199088,,108777.0,SKU100252,other,235.94,UPI,24-01-2024 19:45:16
R302786,T1087389,2025-08-01,105609.0,SKU100047,wrong item,194.34,UPI,01/08/2025
R302787,T1029548,,103576.0,SKU100500,damaged,133.98,cash,04 May 2025
R302788,T1169752,,118018.0,SKU100085,other,115.22,card,02-Aug-2024
R302789,T1013155,,116061.0,SKU100185,other,270.28,UPI,03-Oct-2025
R302790,T1073826,,101737.0,SKU100269,quality,0.32,cash,02/27/2024
R302791,T1065473,,118800.0,SKU100352,quality,138.33,card,07-Nov-2025
R302792,T1071620,,118473.0,SKU100000,other,338.37,cash,2024/04/02
R302793,T1053371,,111986.0,SKU100503,damaged,9.57,card,2024-02-24
R302794,T1079546,,105466.0,SKU100532,damaged,72.78,cash,31-05-2025 00:00:00
R302795,T1054802,,115705.0,SKU100553,quality,319.45,card,16 Jun 2024
R302796,T1020901,,113065.0,SKU100402,wrong item,206.76,cash,2024/04/29
R302797,T1140861,,109207.0,SKU100414,quality,395.15,cash,01-May-2025
R302798,T1012683,,,SKU100110,damaged,9.62,cash,07-01-2025 00:00:00
R302799,T1146620,,102910.0,SKU100306,damaged,115.22,card,2025/10/05
R302800,T1195257,,118400.0,SKU100577,quality,21.61,card,2025/06/24
R302801,T1112450,2025-10-26,103843.0,SKU100284,wrong item,54.39,UPI,26/10/2025
R302802,T10002801,2025-02-24,109754.0,SKU100463,other,166.11,UPI,24/02/2025
R302803,T1163855,,103854.0,SKU100514,quality,120.89,card,2024/11/07
R302804,T1150689,2024-07-09,106343.0,SKU100495,other,234.38,UPI,09/07/2024
R302805,T1156892,,103822.0,SKU100499,other,129.89,card,29-05-2024 00:00:00
R302806,T1041431,,113071.0,SKU100394,wrong item,26.21,UPI,01/22/2024
R302807,T1190452,,114955.0,SKU100489,wrong item,194.62,cash,2025/04/07
R302808,T1007552,,116741.0,SKU100483,quality,106.35,UPI,2024-07-24
R302809,T1164881,,105610.0,SKU100541,quality,270.96,cash,27-Dec-2024
R302810,T1018538,,115665.0,SKU100460,damaged,22.32,card,28-12-2025 00:00:00
R302811,T1163587,,112701.0,SKU100592,other,76.16,card,2024-04-29
R302812,T1093722,2025-09-27,112431.0,SKU100428,damaged,23.11,UPI,27/09/2025
R302813,T1173767,,110995.0,SKU100175,wrong item,124.86,UPI,24 Mar 2025
R302814,T1039020,,119485.0,SKU100199,wrong item,249.09,cash,2025-11-22
R302815,T1110872,2024-06-19,107633.0,SKU100161,wrong item,230.01,card,19/06/2024
R302816,T1100332,,100775.0,SKU100135,wrong item,154.96,card,24 Aug 2024
R302817,T1034251,,116173.0,SKU100446,other,160.37,cash,18 Oct 2025
R302818,T1115932,,105660.0,SKU100570,other,63.91,UPI,11/28/2024
R302819,T1138271,,113236.0,SKU100216,other,28.45,UPI,25 Aug 2025
R302820,T1065902,,102717.0,SKU100562,damaged,20.05,cash,21-Jul-2025
R302821,T1178426,2025-10-08,116019.0,SKU100254,damaged,208.18,card,08/10/2025
R302822,T1008002,,112484.0,SKU100093,wrong item,127.37,UPI,08 Feb 2025
R302823,T1172328,,102878.0,SKU100095,damaged,205.98,card,03/19/2024
R302824,T1074808,,116221.0,SKU100208,quality,282.17,cash,2024-07-16
R302825,T1022987,,107974.0,SKU100307,wrong item,301.37,card,20-Sep-2025
R302826,T1070299,,103661.0,SKU100302,wrong item,44.62,UPI,03-02-2025 00:00:00
R302827,T1128359,,101838.0,SKU100389,other,274.81,UPI,12/28/2025
R302828,T1178992,,103918.0,SKU100511,wrong item,403.85,card,24-Aug-2024
R302829,T1122879,,118153.0,SKU100178,damaged,265.01,UPI,18 Oct 2025
R302830,T1196185,,119609.0,SKU100257,quality,286.75,card,20-Jul-2024
R302831,T1107490,,113834.0,SKU100191,damaged,120.07,card,2024/09/24
R302832,T1013679,2024-02-19,113550.0,SKU100595,wrong item,21.99,UPI,19/02/2024
R302833,T1078925,,103954.0,SKU100133,other,459.5,UPI,07-Dec-2025
R302834,T1099511,2025-05-22,112452.0,SKU100273,other,56.02,UPI,22/05/2025
R302835,T10002834,,106861.0,SKU100344,other,87.98,cash,2024-03-27
R302836,T1044594,,115328.0,SKU100298,quality,54.47,UPI,09/25/2025
R302837,T1070912,,,SKU100206,wrong item,333.95,card,28-03-2025 00:00:00
R302838,T1099593,,103672.0,SKU100231,other,132.0,cash,09 Nov 2024
R302839,T1160582,,112877.0,SKU100570,other,257.01,card,2025/12/01
R302840,T1141782,,113683.0,SKU100265,wrong item,167.05,UPI,20-Jul-2025
R302841,T1068350,,111008.0,SKU100145,other,247.52,cash,2024-12-01
R302842,T1081513,,113570.0,SKU100044,wrong item,195.31,UPI,2024/04/30
R302843,T1016126,,119064.0,SKU100085,wrong item,236.68,cash,2024/04/09
R302844,T1040462,,111531.0,SKU100514,wrong item,83.95,card,2024/08/27
R302845,T1063500,2024-04-24,111005.0,SKU100318,damaged,88.15,cash,24/04/2024
R302846,T1119273,2025-03-28,112030.0,SKU100530,other,192.46,cash,28/03/2025
R302847,T10002846,,,SKU100177,other,86.36,cash,04 Mar 2025
R302848,T1116764,,108281.0,SKU100526,wrong item,164.68,UPI,28-08-2025 00:45:13
R302849,T1139163,,105167.0,SKU100472,quality,206.13,UPI,16-Nov-2025
R302850,T1053072,,118058.0,SKU100590,other,82.36,card,16-08-2025 00:00:00
R302851,T1042496,,102250.0,SKU100062,other,54.91,cash,15-Jul-2024
R302852,T1020874,,110138.0,SKU100336,quality,262.74,UPI,20-10-2024 00:00:00
R302853,T1070371,,104657.0,SKU100258,wrong item,275.78,UPI,2024-08-08
R302854,T1008066,,109296.0,SKU100329,quality,58.79,UPI,2024-12-28
R302855,T1070463,,115994.0,SKU100099,quality,198.34,card,13-08-2025 00:00:00
R302856,T1162332,,119812.0,SKU100403,other,230.41,card,16-Sep-2025
R302857,T1101213,2025-11-09,114299.0,SKU100521,quality,189.19,card,09/11/2025
R302858,T1006003,,103241.0,SKU100126,wrong item,182.57,cash,24-01-2025 00:00:00
R302859,T1000070,,113554.0,SKU100030,other,8.47,UPI,2025-02-14
R302860,T1017826,,105859.0,SKU100491,damaged,188.58,UPI,27 Feb 2024
R302861,T1126546,2024-07-30,111500.0,SKU100177,quality,325.76,UPI,30/07/2024
R302862,T1104878,,100900.0,SKU100471,quality,132.91,UPI,27-Jun-2025
R302863,T1184020,,103444.0,SKU100241,other,96.5,cash,07/29/2024
R302864,T1173443,,101367.0,SKU100434,wrong item,136.99,UPI,29-Jul-2024
R302865,T1173138,,105317.0,SKU100035,damaged,204.17,UPI,20 Sep 2024
R302866,T1120903,,101415.0,SKU100485,quality,254.2,UPI,11 Jun 2025
R302867,T1174121,2024-08-13,119259.0,SKU100159,damaged,31.45,UPI,13/08/2024
R302868,T1094868,,107138.0,SKU100318,damaged,13.39,card,2025/11/08
R302869,T1170192,2025-08-05,104642.0,SKU100232,quality,76.79,UPI,05/08/2025
R302870,T1197303,,119782.0,SKU100451,wrong item,135.21,UPI,09 Sep 2024
R302871,T1151750,2024-05-22,112731.0,SKU100235,other,54.85,UPI,22/05/2024
R302872,T10002871,2024-08-03,110619.0,SKU100411,damaged,57.09,UPI,03/08/2024
R302873,T1062098,,109230.0,SKU100285,quality,169.28,card,03/26/2025
R302874,T1115967,2024-10-19,117647.0,SKU100413,wrong item,288.26,cash,19/10/2024
R302875,T1084611,,115123.0,SKU100101,wrong item,190.94,cash,2025-02-26
R302876,T1193169,,107688.0,SKU100168,wrong item,300.16,UPI,11-Jan-2025
R302877,T1000196,2025-09-09,100859.0,SKU100328,wrong item,35.79,UPI,09/09/2025
R302878,T1090660,2024-10-22,112949.0,SKU100229,damaged,145.07,card,22/10/2024
R302879,T1035889,2025-04-06,113123.0,SKU100282,other,209.18,card,06/04/2025
R302880,T1076665,,102109.0,SKU100145,damaged,61.96,card,25-02-2025 00:00:00
R302881,T1155207,2024-12-05,114362.0,SKU100566,other,161.91,card,05/12/2024
R302882,T1022663,,105468.0,SKU100114,quality,116.21,cash,02/19/2024
R302883,T1013187,,103899.0,SKU100022,wrong item,349.97,cash,26-Mar-2025
R302884,T1054448,,114872.0,SKU100007,quality,26.0,UPI,12 Jan 2024
R302885,T1006502,,108034.0,SKU100117,other,175.64,card,03/20/2024
R302886,T1054185,,112619.0,SKU100590,wrong item,321.44,UPI,2025-02-21
R302887,T1032906,,101548.0,SKU100449,quality,263.36,cash,17-09-2024 00:00:00
R302888,T1125339,,102658.0,SKU100314,damaged,101.27,UPI,11-Mar-2025
R302889,T1010139,,103568.0,SKU100188,wrong item,253.86,UPI,2024-09-19
R302890,T1041003,2025-11-07,114463.0,SKU100574,damaged,114.22,card,07/11/2025
R302891,T1178400,,118588.0,SKU100357,wrong item,73.79,card,17 Jan 2025
R302892,T1023718,,106007.0,SKU100001,other,327.72,cash,10-Apr-2025
R302893,T1174935,2025-06-17,108296.0,SKU100056,quality,253.02,UPI,17/06/2025
R302894,T1187878,,100288.0,SKU100280,other,7.07,UPI,2024/01/20
R302895,T1070320,,112271.0,SKU100236,wrong item,264.98,UPI,04/23/2024
R302896,T1131758,2024-01-11,102756.0,SKU100514,quality,168.69,card,11/01/2024
R302897,T1033718,,110935.0,SKU100026,quality,285.66,UPI,17-08-2025 00:00:00
R302898,T1142223,,106576.0,SKU100576,wrong item,25.77,card,17 Aug 2025
R302899,T1194799,,115063.0,SKU100351,damaged,237.1,card,14-05-2025 00:00:00
R302900,T1060331,,102683.0,SKU100165,quality,47.91,card,14-May-2025
R302901,T1042462,,104293.0,SKU100273,wrong item,65.34,UPI,27 Jul 2024
R302902,T1051555,,117012.0,SKU100443,other,165.07,UPI,10/19/2024
R302903,T1066011,,114104.0,SKU100021,wrong item,264.15,cash,10 Dec 2024
R302904,T1085050,2024-08-19,113335.0,SKU100514,quality,207.53,UPI,19/08/2024
R302905,T1023867,,108835.0,SKU100242,quality,386.99,cash,02-Oct-2024
R302906,T1126615,,104683.0,SKU100016,quality,49.06,card,2024-11-05
R302907,T10002906,,118387.0,SKU100281,damaged,136.28,UPI,2024/11/17
R302908,T1068881,,116498.0,SKU100124,wrong item,120.55,card,23-Feb-2025
R302909,T1069921,,114909.0,SKU100450,damaged,142.9,cash,2025/02/13
R302910,T10002909,,100005.0,SKU100078,wrong item,320.08,card,11 Sep 2025
R302911,T1038907,,106924.0,SKU100577,wrong item,209.2,UPI,2024/03/30
R302912,T1158477,,111841.0,SKU100190,wrong item,233.59,card,11/27/2025
R302913,T1077618,,118744.0,SKU100233,damaged,238.99,UPI,15-Nov-2025
R302914,T1067390,,115997.0,SKU100465,damaged,197.1,card,21-Apr-2025
R302915,T1075501,,106561.0,SKU100326,other,4.94,card,2025-06-06
R302916,T1071607,,112795.0,SKU100418,wrong item,187.67,card,06/20/2025
R302917,T1183756,2024-03-02,109620.0,SKU100279,quality,168.78,cash,02/03/2024
R302918,T1138426,,102205.0,SKU100078,damaged,50.5,UPI,13-12-2024 00:00:00
R302919,T1163120,,111032.0,SKU100149,damaged,247.61,card,2025/08/25
R302920,T1117147,,100209.0,SKU100219,damaged,218.1,cash,2025/03/29
R302921,T1069153,,111037.0,SKU100113,damaged,109.5,card,09/15/2025
R302922,T1023670,,116056.0,SKU100080,damaged,99.76,cash,21 Dec 2025
R302923,T1145082,2025-10-26,110748.0,SKU100450,wrong item,263.41,card,26/10/2025
R302924,T1014508,,113809.0,SKU100328,quality,188.25,UPI,07-Feb-2024
R302925,T1174663,,101016.0,SKU100009,other,84.41,UPI,21 Feb 2025
R302926,T1043732,2024-09-01,113105.0,SKU100220,quality,167.07,UPI,01/09/2024
R302927,T1014121,,101082.0,SKU100461,damaged,13.83,UPI,13-Jun-2025
R302928,T1046263,,106697.0,SKU100363,wrong item,144.86,card,11-10-2024 00:00:00
R302929,T1124092,,106097.0,SKU100195,wrong item,87.23,cash,08-Jan-2024
R302930,T1154257,,112463.0,SKU100171,wrong item,89.99,UPI,02/24/2024
R302931,T1167642,,101826.0,SKU100188,quality,168.68,card,07-Sep-2025
R302932,T1116603,,103244.0,SKU100540,wrong item,312.2,card,2025-03-18
R302933,T1091691,2024-02-06,,SKU100129,quality,382.22,card,06/02/2024
R302934,T1122614,,102955.0,SKU100390,damaged,16.2,UPI,2024-05-02
R302935,T1178951,,112919.0,SKU100341,damaged,184.9,cash,06 Oct 2025
R302936,T1135960,,113279.0,SKU100116,other,148.53,card,17 May 2025
R302937,T1013302,2025-05-03,100840.0,SKU100522,damaged,19.22,card,03/05/2025
R302938,T1187085,,112699.0,SKU100477,wrong item,118.88,UPI,2024/01/10
R302939,T1157319,,,SKU100279,other,46.81,UPI,09-04-2024 01:18:36
R302940,T1051406,,112870.0,SKU100167,wrong item,31.45,card,09/14/2025
R302941,T1076294,,116081.0,SKU100578,damaged,72.64,card,29-Oct-2025
R302942,T1182260,,117723.0,SKU100214,damaged,311.95,card,2025/06/18
R302943,T1133624,,115215.0,SKU100190,wrong item,123.96,cash,18 May 2025
R302944,T1036347,,101818.0,SKU100207,damaged,55.17,cash,2024-06-23
R302945,T1133429,,102669.0,SKU100197,quality,84.4,card,11 Feb 2024
R302946,T1011094,,114449.0,SKU100120,damaged,144.12,UPI,2025-07-30
R302947,T1161965,2025-07-17,119226.0,SKU100415,damaged,156.97,card,17/07/2025
R302948,T1187619,,110420.0,SKU100429,other,206.3,UPI,23-Sep-2025
R302949,T1068301,,117181.0,SKU100284,quality,173.59,cash,25-09-2025 00:00:00
R302950,T1082907,,110808.0,SKU100534,wrong item,352.33,card,12-Feb-2024
R302951,T1117990,,113022.0,SKU100581,other,30.28,UPI,21 Feb 2024
R302952,T1001872,,107972.0,SKU100047,quality,69.75,cash,24-12-2024 00:00:00
R302953,T1195086,2024-03-01,116583.0,SKU100344,wrong item,174.03,cash,01/03/2024
R302954,T1198556,,118080.0,SKU100264,wrong item,304.09,UPI,26 Jun 2025
R302955,T1031213,,101667.0,SKU100053,other,85.05,UPI,2024/11/21
R302956,T1123460,2024-11-05,109259.0,SKU100052,quality,248.79,UPI,05/11/2024
R302957,T1030085,,104974.0,SKU100309,damaged,241.75,card,30-Dec-2024
R302958,T1143706,2025-07-07,102048.0,SKU100377,wrong item,252.68,card,07/07/2025
R302959,T1026007,2025-09-10,107813.0,SKU100061,quality,16.17,card,10/09/2025
R302960,T1014798,,,SKU100501,wrong item,249.12,card,2025/11/24
R302961,T1162492,2025-08-07,116252.0,SKU100435,wrong item,249.13,card,07/08/2025
R302962,T1038683,,108957.0,SKU100509,other,253.29,cash,2024/03/15
R302963,T1083447,,102557.0,SKU100338,damaged,30.47,cash,2024-12-11
R302964,T10002963,2025-06-11,112004.0,SKU100175,damaged,81.98,UPI,11/06/2025
R302965,T1190707,,114726.0,SKU100579,quality,126.61,cash,02/22/2025
R302966,T1059159,2024-08-23,105937.0,SKU100149,other,119.14,cash,23/08/2024
R302967,T1156035,,119641.0,SKU100047,quality,376.22,UPI,23-Sep-2025
R302968,T1100034,,110521.0,SKU100313,other,174.21,cash,14 Feb 2024
R302969,T1179604,,106980.0,SKU100140,quality,171.0,card,06-Mar-2025
R302970,T1100438,,100116.0,SKU100087,other,34.45,cash,17-01-2024 20:23:44
R302971,T1107567,,109385.0,SKU100190,other,192.57,cash,03/27/2025
R302972,T1163115,,115321.0,SKU100513,quality,139.08,UPI,12/22/2024
R302973,T1124911,,114801.0,SKU100542,quality,321.67,UPI,2025/07/17
R302974,T1031949,,103693.0,SKU100509,quality,79.06,UPI,08 Aug 2025
R302975,T1061364,2025-05-11,105273.0,SKU100270,wrong item,86.19,card,11/05/2025
R302976,T1064181,2025-10-29,118509.0,SKU100565,damaged,324.82,UPI,29/10/2025
R302977,T1164426,,108699.0,SKU100527,quality,150.37,card,30-05-2024 00:00:00
R302978,T1163169,,105744.0,SKU100136,other,207.01,cash,2024-06-23
R302979,T1137719,,114145.0,SKU100311,wrong item,91.25,card,05 Nov 2024
R302980,T1101318,,106923.0,SKU100041,other,107.19,card,06-08-2024 00:00:00
R302981,T1019006,2024-01-28,105564.0,SKU100272,wrong item,152.53,UPI,28/01/2024
R302982,T1038631,2025-09-11,106699.0,SKU100234,quality,154.9,card,11/09/2025
R302983,T1053849,,103442.0,SKU100511,quality,66.48,card,2024-11-25
R302984,T1049837,,109158.0,SKU100130,quality,78.84,UPI,28-Feb-2025
R302985,T1000924,,102197.0,SKU100494,quality,108.6,card,04/22/2025
R302986,T1197986,,102207.0,SKU100573,quality,156.44,card,2025/07/09
R302987,T10002986,,113749.0,SKU100061,wrong item,261.19,cash,2025-07-13
R302988,T1066426,,109762.0,SKU100530,damaged,165.35,card,04/29/2024
R302989,T1055086,2025-11-02,118371.0,SKU100301,other,150.23,cash,02/11/2025
R302990,T1009422,,103716.0,SKU100468,other,139.91,cash,28 Mar 2025
R302991,T1136848,,102964.0,SKU100505,other,211.29,card,17-11-2024 00:00:00
R302992,T1036012,2025-02-04,116821.0,SKU100093,quality,6.64,cash,04/02/2025
R302993,T1156693,,113290.0,SKU100543,damaged,25.72,UPI,2025-08-20
R302994,T1165433,,108087.0,SKU100518,other,108.2,UPI,2025/11/07
R302995,T1017493,,108533.0,SKU100256,other,2.98,card,25-03-2024 00:00:00
R302996,T1044026,,101561.0,SKU100116,wrong item,194.85,card,17-Jun-2024
R302997,T1056701,,,SKU100519,quality,159.78,UPI,22 Apr 2025
R302998,T1061128,,103873.0,SKU100310,wrong item,14.38,cash,05-Jan-2024
R302999,T1062504,,101700.0,SKU100288,quality,13.19,cash,2024/01/24
R303000,T1170668,,113476.0,SKU100477,other,185.78,cash,05-01-2024 00:00:00
R303001,T1089117,,100906.0,SKU100347,wrong item,21.05,cash,07/13/2024
R303002,T1190807,2025-03-16,111331.0,SKU100105,damaged,202.11,card,16/03/2025
R303003,T1026158,,100353.0,SKU100440,wrong item,106.07,cash,15-Jul-2025
R303004,T1107517,,101284.0,SKU100406,other,69.24,cash,11-02-2025 00:00:00
R303005,T1029992,,113265.0,SKU100021,damaged,246.77,UPI,11-01-2024 00:00:00
R303006,T1192810,,101763.0,SKU100345,quality,103.52,card,09-Nov-2025
R303007,T1188886,,114084.0,SKU100065,wrong item,71.39,UPI,02 Feb 2024
R303008,T1087857,,102070.0,SKU100191,damaged,111.88,UPI,2024-02-03
R303009,T1144885,2024-01-28,104128.0,SKU100558,damaged,63.67,card,28/01/2024
R303010,T1029980,,119325.0,SKU100229,damaged,35.71,card,21-Apr-2025
R303011,T1088045,2025-05-16,101421.0,SKU100069,wrong item,162.58,UPI,16/05/2025
R303012,T1112373,,119581.0,SKU100068,other,265.07,UPI,2025/10/26
R303013,T10003012,,111128.0,SKU100434,wrong item,121.5,cash,2025-10-13
R303014,T1025795,,115733.0,SKU100173,wrong item,129.21,cash,03-02-2025 00:00:00
R303015,T1158862,,115636.0,SKU100404,other,376.42,cash,24-11-2025 00:00:00
R303016,T1150880,,114161.0,SKU100546,quality,147.22,cash,2024-08-12
R303017,T1073900,,113887.0,SKU100403,damaged,274.25,UPI,2025-11-14
R303018,T1187021,2025-01-27,119924.0,SKU100331,damaged,238.96,cash,27/01/2025
R303019,T1178872,,105450.0,SKU100503,wrong item,186.92,UPI,2025/10/23
R303020,T1129842,,107449.0,SKU100217,damaged,359.01,UPI,15-Sep-2025
R303021,T1176651,,112085.0,SKU100166,quality,119.57,UPI,07-08-2025 00:00:00
R303022,T1178090,,105599.0,SKU100593,damaged,81.68,card,01/26/2025
R303023,T1003421,2025-12-11,117969.0,SKU100195,quality,164.65,UPI,11/12/2025
R303024,T1051783,,113351.0,SKU100104,wrong item,144.84,cash,08-Jul-2024
R303025,T1178929,,106681.0,SKU100577,other,11.78,card,2024-04-27
R303026,T1024832,,116554.0,SKU100006,other,530.66,UPI,04/25/2024
R303027,T1110216,,100181.0,SKU100420,other,306.62,cash,18-02-2025 00:00:00
R303028,T1005120,,111836.0,SKU100539,quality,104.19,card,02-08-2024 00:00:00
R303029,T1007821,,114588.0,SKU100103,damaged,230.73,UPI,10/13/2025
R303030,T1108025,,115668.0,SKU100234,quality,87.29,cash,07/24/2024
R303031,T1136003,,116620.0,SKU100413,other,304.96,UPI,2024/11/02
R303032,T1095543,,111486.0,SKU100314,other,159.52,UPI,2025-06-18
R303033,T1062954,,106482.0,SKU100396,wrong item,135.79,UPI,2024/03/31
R303034,T1013187,,110776.0,SKU100126,other,173.65,cash,2024/12/07
R303035,T1124454,,112279.0,SKU100008,quality,175.54,card,2025-12-31
R303036,T1083510,,100405.0,SKU100569,other,53.95,UPI,04/20/2024
R303037,T1004670,2025-09-17,103440.0,SKU100195,quality,141.86,UPI,17/09/2025
R303038,T1094811,,117375.0,SKU100036,other,428.63,card,10/30/2024
R303039,T1184556,,119131.0,SKU100578,damaged,135.84,cash,2025-01-03
R303040,T1118058,,111319.0,SKU100012,wrong item,0.08,card,2024/06/02
R303041,T1197785,,106892.0,SKU100554,wrong item,90.31,UPI,18 Oct 2024
R303042,T1035333,,101748.0,SKU100553,wrong item,107.36,card,2024-11-12
R303043,T1009002,2024-05-10,106869.0,SKU100046,quality,191.9,UPI,10/05/2024
R303044,T1180733,2024-04-10,117563.0,SKU100395,damaged,205.21,cash,10/04/2024
R303045,T1098817,,119940.0,SKU100209,damaged,132.1,card,2024/06/24
R303046,T1128558,2024-08-03,108723.0,SKU100046,damaged,352.54,UPI,03/08/2024
R303047,T1158712,2025-03-05,105444.0,SKU100251,damaged,138.04,cash,05/03/2025
R303048,T1165745,,105189.0,SKU100255,quality,104.18,cash,07-07-2025 00:00:00
R303049,T1074818,2025-07-09,114898.0,SKU100268,other,170.06,cash,09/07/2025
R303050,T1190361,,113051.0,SKU100057,damaged,46.95,cash,2025/06/07
R303051,T1045614,,117801.0,SKU100180,other,144.02,UPI,2024-07-03
R303052,T1025223,2024-03-10,105750.0,SKU100385,quality,143.23,card,10/03/2024
R303053,T1192817,,103064.0,SKU100582,wrong item,329.9,card,2024-08-14
R303054,T1190078,,105862.0,SKU100092,other,65.85,cash,2024/10/25
R303055,T1025023,,107579.0,SKU100592,wrong item,15.96,cash,18 Aug 2024
R303056,T1114466,,102861.0,SKU100325,wrong item,271.29,cash,10-Sep-2025
R303057,T1075508,,112952.0,SKU100292,wrong item,73.52,card,10 Mar 2025
R303058,T1070209,,116190.0,SKU100456,wrong item,17.84,card,15-May-2025
R303059,T1057771,,113057.0,SKU100239,damaged,298.07,card,15 Apr 2025
R303060,T1145762,2024-01-10,116130.0,SKU100472,other,267.8,UPI,10/01/2024
R303061,T1157452,,114948.0,SKU100117,damaged,196.75,card,05/21/2024
R303062,T1048105,,104140.0,SKU100176,wrong item,25.24,UPI,29 Sep 2024
R303063,T1188260,,115833.0,SKU100356,other,30.8,cash,2025-02-24
R303064,T1107515,2025-11-19,116923.0,SKU100037,damaged,365.65,card,19/11/2025
R303065,T1008250,,114144.0,SKU100542,quality,312.2,card,18 Jan 2025
R303066,T1000206,,105367.0,SKU100086,damaged,146.06,UPI,21-Dec-2024
R303067,T1065419,,114207.0,SKU100472,other,176.06,cash,12-09-2025 00:00:00
R303068,T1192812,,119593.0,SKU100433,quality,195.89,cash,15-02-2025 00:00:00
R303069,T1164687,,107458.0,SKU100588,damaged,199.26,card,11/24/2025
R303070,T1103551,,106414.0,SKU100506,other,156.19,cash,27 Oct 2025
R303071,T1101201,,115336.0,SKU100299,damaged,51.61,card,30-Dec-2024
R303072,T1134860,,103410.0,SKU100293,other,237.43,UPI,08/29/2025
R303073,T1015719,,,SKU100198,quality,363.5,card,21 May 2024
R303074,T1146168,,107261.0,SKU100318,damaged,32.42,UPI,27-11-2024 00:00:00
R303075,T1030751,2025-03-18,100755.0,SKU100584,quality,152.67,UPI,18/03/2025
R303076,T1015074,2025-08-30,103843.0,SKU100104,damaged,116.88,card,30/08/2025
R303077,T1116828,,114439.0,SKU100592,other,263.11,card,22 Aug 2024
R303078,T1035670,,116318.0,SKU100027,other,99.35,UPI,21-04-2025 00:00:00
R303079,T1052083,,115677.0,SKU100347,damaged,166.59,UPI,2024-12-11
R303080,T1181829,,118746.0,SKU100556,wrong item,76.77,UPI,28-04-2025 00:00:00
R303081,T1032728,2024-03-02,112035.0,SKU100405,quality,13.39,cash,02/03/2024
R303082,T1001111,2025-07-23,105026.0,SKU100032,damaged,5.21,card,23/07/2025
R303083,T1048450,,118260.0,SKU100288,wrong item,349.89,UPI,2024-02-26
R303084,T1185564,,118146.0,SKU100360,quality,222.08,cash,22 Sep 2024
R303085,T1047022,2025-01-03,107338.0,SKU100148,wrong item,17.03,card,03/01/2025
R303086,T1138385,,113201.0,SKU100379,wrong item,366.97,card,2024/07/08
R303087,T1052381,,106861.0,SKU100038,damaged,1.98,UPI,2024-11-26
R303088,T1165538,,109641.0,SKU100361,damaged,41.3,card,17-11-2024 00:00:00
R303089,T1124611,2024-03-30,106893.0,SKU100182,quality,68.89,UPI,30/03/2024
R303090,T1068536,,113410.0,SKU100508,other,186.5,UPI,07 Feb 2024
R303091,T1123841,,119952.0,SKU100130,other,327.37,UPI,09/20/2024
R303092,T1035804,,118680.0,SKU100193,damaged,81.27,card,2025-06-21
R303093,T1126132,,104161.0,SKU100093,damaged,188.65,UPI,07-06-2024 00:00:00
R303094,T1174265,,104523.0,SKU100121,damaged,270.65,cash,21-04-2024 00:00:00
R303095,T1074309,,115080.0,SKU100381,damaged,255.17,UPI,20-03-2024 00:00:00
R303096,T1036659,,118445.0,SKU100310,other,141.36,cash,10-Oct-2024
R303097,T1034677,,118143.0,SKU100260,quality,259.63,card,10-10-2025 00:00:00
R303098,T1190290,,111275.0,SKU100596,wrong item,81.35,cash,17-Mar-2025
R303099,T1061542,,100238.0,SKU100283,quality,7.78,UPI,17-Oct-2024
R303100,T1026003,,113311.0,SKU100022,wrong item,24.36,UPI,23-05-2025 02:21:30
R303101,T1063195,,113976.0,SKU100136,damaged,201.09,cash,28 Jul 2024
R303102,T1062655,,110930.0,SKU100365,other,261.5,UPI,06 Jun 2024
R303103,T1014700,,111820.0,SKU100218,other,11.4,UPI,15-May-2024
R303104,T1135464,2024-09-08,104207.0,SKU100362,other,179.4,cash,08/09/2024
R303105,T1182688,,118319.0,SKU100140,other,241.36,card,15-07-2025 07:39:40
R303106,T1070051,,106338.0,SKU100132,other,29.63,cash,08-04-2025 00:00:00
R303107,T1132048,,118728.0,SKU100052,other,182.43,cash,2024-11-12
R303108,T1148588,2025-10-26,112088.0,SKU100444,other,59.94,cash,26/10/2025
R303109,T1008694,,115304.0,SKU100569,damaged,25.06,cash,2024-08-23
R303110,T1078159,,103371.0,SKU100554,other,220.46,cash,08/21/2025
R303111,T10003110,2024-08-02,116173.0,SKU100098,wrong item,6.13,UPI,02/08/2024
R303112,T1081914,,112867.0,SKU100002,wrong item,118.91,card,14-04-2024 00:00:00
R303113,T1173991,,103715.0,SKU100044,damaged,222.5,UPI,05-12-2025 00:00:00
R303114,T1033963,2025-04-02,107609.0,SKU100419,other,204.95,cash,02/04/2025
R303115,T1034340,,101956.0,SKU100387,wrong item,150.87,UPI,03-06-2025 00:00:00
R303116,T1030917,,119256.0,SKU100207,damaged,144.17,card,10/25/2024
R303117,T1188823,,106364.0,SKU100077,quality,408.8,UPI,28-Jan-2025
R303118,T1062659,2025-04-05,103725.0,SKU100087,quality,173.28,cash,05/04/2025
R303119,T1046921,,115475.0,SKU100561,damaged,179.17,cash,08-09-2024 00:00:00
R303120,T1001021,,102003.0,SKU100059,other,132.17,cash,01-Sep-2025
R303121,T1180024,,110173.0,SKU100495,damaged,49.07,card,26-06-2025 00:00:00
R303122,T1074182,,102405.0,SKU100127,damaged,476.11,card,2025/01/03
R303123,T1097100,,118910.0,SKU100196,damaged,116.3,card,2025-08-10
R303124,T1133735,,111480.0,SKU100337,wrong item,205.05,cash,2024/06/06
R303125,T1026892,2025-12-03,116481.0,SKU100276,other,3.87,cash,03/12/2025
R303126,T1014961,,117485.0,SKU100497,quality,12.45,card,2024-05-31
R303127,T1100064,,106900.0,SKU100152,quality,94.77,card,2025-12-25
R303128,T1173428,,103979.0,SKU100106,quality,265.12,UPI,2024/04/22
R303129,T1151697,2024-05-10,114337.0,SKU100019,quality,15.38,card,10/05/2024
R303130,T1060774,,105956.0,SKU100075,quality,167.27,card,2025-04-23
R303131,T1073539,,100572.0,SKU100442,damaged,159.21,card,08-07-2024 00:00:00
R303132,T1056313,,,SKU100224,damaged,331.64,cash,2024/04/25
R303133,T1008748,,114066.0,SKU100109,other,190.12,UPI,17-Aug-2025
R303134,T1000651,2025-02-22,106835.0,SKU100408,quality,19.27,cash,22/02/2025
R303135,T1086458,2024-04-15,113578.0,SKU100206,wrong item,153.69,UPI,15/04/2024
R303136,T1154846,,107016.0,SKU100047,quality,113.7,cash,2025/10/24
R303137,T1037389,,111679.0,SKU100549,quality,108.84,cash,2025-05-26
R303138,T1011476,,105726.0,SKU100462,wrong item,111.67,card,24 May 2025
R303139,T1131990,2025-04-12,116744.0,SKU100206,quality,152.74,UPI,12/04/2025
R303140,T1089423,,119271.0,SKU100014,other,136.93,cash,27-07-2024 00:00:00
R303141,T1125264,2025-06-06,115615.0,SKU100308,damaged,54.51,card,06/06/2025
R303142,T1021525,,113664.0,SKU100327,damaged,124.76,cash,01/22/2025
R303143,T10003142,,100149.0,SKU100097,damaged,158.45,card,2025-08-27
R303144,T1019261,,110204.0,SKU100359,quality,172.72,UPI,31-01-2025 00:00:00
R303145,T1179665,,106280.0,SKU100475,quality,282.45,card,2024-08-23
R303146,T1171124,,104471.0,SKU100242,quality,120.69,card,2024/07/21
R303147,T1177220,,100236.0,SKU100562,quality,263.84,UPI,15-01-2024 00:00:00
R303148,T1072920,,108858.0,SKU100177,other,148.64,cash,2025-03-10
R303149,T1173946,,103000.0,SKU100317,quality,13.58,card,06/15/2024
R303150,T1122884,,113967.0,SKU100482,other,63.58,card,2025/06/02
R303151,T1145847,,105718.0,SKU100176,damaged,271.6,UPI,04/19/2024
R303152,T1129936,,102728.0,SKU100422,quality,117.75,card,03/24/2025
R303153,T10003152,,116427.0,SKU100397,wrong item,167.27,UPI,2025-02-25
R303154,T1072017,,117661.0,SKU100198,quality,158.01,UPI,15-Jan-2025
R303155,T1139153,2024-01-08,103228.0,SKU100325,damaged,235.83,cash,08/01/2024
R303156,T1168920,,103048.0,SKU100145,quality,286.94,card,25-May-2024
R303157,T1095754,,119413.0,SKU100140,other,189.79,card,08/22/2025
R303158,T1016635,,113505.0,SKU100471,quality,21.0,UPI,18-02-2024 00:00:00
R303159,T1015861,,117238.0,SKU100281,wrong item,210.26,card,2024-09-16
R303160,T1069457,2025-03-08,101186.0,SKU100519,quality,84.47,cash,08/03/2025
R303161,T1049832,,103023.0,SKU100400,other,86.56,card,2024-01-25
R303162,T1196655,,118404.0,SKU100237,quality,251.51,card,2024-11-18
R303163,T1028792,,115156.0,SKU100548,wrong item,111.83,cash,26-09-2024 00:00:00
R303164,T1043266,,100391.0,SKU100229,wrong item,55.74,UPI,30-12-2025 00:00:00
R303165,T1037043,,114991.0,SKU100069,wrong item,189.3,cash,07/14/2025
R303166,T1069805,,109036.0,SKU100085,quality,282.74,cash,03-06-2025 00:00:00
R303167,T1119277,,107172.0,SKU100401,quality,297.84,UPI,15-02-2024 00:00:00
R303168,T10003167,2024-06-08,100864.0,SKU100200,quality,239.95,UPI,08/06/2024
R303169,T1002848,,116335.0,SKU100385,other,108.01,UPI,2025/07/01
R303170,T1151549,,113991.0,SKU100475,damaged,161.67,cash,2024-07-18
R303171,T1056875,2024-11-07,112215.0,SKU100355,damaged,106.93,UPI,07/11/2024
R303172,T1027787,2024-08-30,114283.0,SKU100268,quality,191.89,UPI,30/08/2024
R303173,T1012460,,115203.0,SKU100498,damaged,283.93,cash,03/19/2024
R303174,T10003173,,115347.0,SKU100007,quality,132.51,cash,08-03-2024 00:00:00
R303175,T1080962,2025-06-17,104831.0,SKU100576,wrong item,93.36,cash,17/06/2025
R303176,T1188050,,100369.0,SKU100134,wrong item,154.31,UPI,03/31/2025
R303177,T1136197,,101356.0,SKU100156,other,226.54,cash,2024/09/23
R303178,T1132096,,108301.0,SKU100226,damaged,54.6,card,2024/07/05
R303179,T1187867,,100463.0,SKU100212,other,42.28,UPI,10-Apr-2025
R303180,T10003179,,113305.0,SKU100154,damaged,61.26,UPI,04-Sep-2025
R303181,T1037921,2024-02-12,108028.0,SKU100590,wrong item,156.72,UPI,12/02/2024
R303182,T1127473,,106473.0,SKU100178,quality,140.25,card,22-12-2024 00:00:00
R303183,T1199778,2025-02-22,108994.0,SKU100367,other,185.41,card,22/02/2025
R303184,T1038833,,113433.0,SKU100471,damaged,139.41,UPI,25 Feb 2024
R303185,T1026868,,108827.0,SKU100518,other,139.59,cash,02 Feb 2025
R303186,T1096100,2025-07-17,116367.0,SKU100433,quality,300.1,UPI,17/07/2025
R303187,T1096755,,118256.0,SKU100349,wrong item,20.45,card,21-05-2025 00:00:00
R303188,T1183560,,117149.0,SKU100565,damaged,62.05,UPI,2024-12-22
R303189,T10003188,,104417.0,SKU100124,damaged,124.68,card,27-03-2025 00:00:00
R303190,T1183286,,113665.0,SKU100031,quality,42.73,UPI,12/28/2025
R303191,T1020999,2024-10-31,108156.0,SKU100296,wrong item,344.93,UPI,31/10/2024
R303192,T1179875,,112759.0,SKU100307,quality,80.66,cash,06 Jan 2025
R303193,T1023360,2025-03-09,101808.0,SKU100564,wrong item,222.53,UPI,09/03/2025
R303194,T1175156,,103906.0,SKU100592,quality,292.32,UPI,20-05-2025 12:54:30
R303195,T1025313,,110297.0,SKU100188,other,331.71,UPI,2024/10/08
R303196,T1106335,,111460.0,SKU100428,other,258.95,UPI,2025-01-29
R303197,T1157133,,110105.0,SKU100237,quality,44.69,card,18 Apr 2024
R303198,T1078895,2025-04-02,117982.0,SKU100595,damaged,113.39,card,02/04/2025
R303199,T1157034,,117287.0,SKU100048,wrong item,287.85,UPI,06-12-2025 00:00:00
R303200,T1170532,,111063.0,SKU100369,wrong item,68.78,UPI,2025/04/08
R303201,T1189488,,108252.0,SKU100215,other,37.15,UPI,2025/02/02
R303202,T1046935,,109791.0,SKU100251,quality,252.7,UPI,18-04-2025 00:00:00
R303203,T1139201,2024-04-13,103770.0,SKU100034,other,67.41,cash,13/04/2024
R303204,T1109218,2024-11-30,107919.0,SKU100083,wrong item,152.69,card,30/11/2024
R303205,T1137139,,118682.0,SKU100485,damaged,316.76,UPI,15-11-2024 00:00:00
R303206,T1176745,,112291.0,SKU100181,quality,74.6,card,12/28/2024
R303207,T1073116,2024-09-26,101018.0,SKU100506,quality,165.9,card,26/09/2024
R303208,T1123156,2025-04-02,102411.0,SKU100419,other,32.54,UPI,02/04/2025
R303209,T1068921,,106392.0,SKU100070,damaged,195.47,cash,26 May 2024
R303210,T1099889,,113467.0,SKU100457,quality,158.17,card,2024/05/08
R303211,T10003210,,104798.0,SKU100208,quality,334.4,UPI,22-Nov-2024
R303212,T1071306,,109642.0,SKU100556,damaged,283.02,cash,2025/12/26
R303213,T1137855,,115508.0,SKU100368,damaged,172.87,cash,2024-03-27
R303214,T1004686,,117419.0,SKU100313,quality,166.81,UPI,29-03-2025 00:00:00
R303215,T1018269,,,SKU100250,quality,69.46,UPI,2025/01/11
R303216,T1047847,,109737.0,SKU100188,quality,229.54,UPI,2025-05-06
R303217,T1110520,,108845.0,SKU100578,other,15.95,cash,18-Jul-2024
R303218,T1189502,,114504.0,SKU100094,damaged,177.83,cash,2025/07/20
R303219,T1037790,,101537.0,SKU100302,quality,46.49,card,2025/09/22
R303220,T1106047,,102123.0,SKU100491,quality,70.68,card,20-04-2024 00:00:00
R303221,T1128480,,104144.0,SKU100164,other,76.37,UPI,2024-12-15
R303222,T1008436,2025-01-18,119707.0,SKU100033,quality,123.51,card,18/01/2025
R303223,T1073723,,117841.0,SKU100307,wrong item,141.7,UPI,04-Aug-2025
R303224,T1050303,,117102.0,SKU100434,quality,153.99,cash,12/26/2024
R303225,T1114762,2025-11-10,108106.0,SKU100432,quality,138.53,UPI,10/11/2025
R303226,T1143584,,108645.0,SKU100354,quality,73.75,cash,2025-02-01
R303227,T1169596,,119339.0,SKU100458,other,93.65,cash,04-03-2025 00:00:00
R303228,T1101470,,109388.0,SKU100008,wrong item,210.64,card,2024-04-22
R303229,T1166601,,112446.0,SKU100570,damaged,17.02,UPI,02-01-2024 00:00:00
R303230,T1019212,,114432.0,SKU100207,other,308.24,UPI,2025/11/28
R303231,T1136209,,,SKU100019,damaged,150.26,UPI,26-11-2024 00:00:00
R303232,T1136843,,101431.0,SKU100345,damaged,256.14,UPI,04/16/2024
R303233,T1061511,,108136.0,SKU100182,quality,235.31,UPI,22-03-2025 08:25:37
R303234,T1199088,2025-05-07,110360.0,SKU100050,damaged,227.68,UPI,07/05/2025
R303235,T1177190,,108036.0,SKU100513,other,203.23,cash,11-Feb-2024
R303236,T1018010,,118822.0,SKU100161,quality,67.63,card,2025-12-21
R303237,T1164426,,115040.0,SKU100520,wrong item,212.06,cash,17 Jul 2024
R303238,T1060600,2025-04-03,117619.0,SKU100474,quality,125.82,UPI,03/04/2025
R303239,T1145350,,107408.0,SKU100315,other,142.62,card,27-Dec-2024
R303240,T1192020,2025-11-29,111376.0,SKU100251,damaged,35.6,UPI,29/11/2025
R303241,T1098283,,105474.0,SKU100094,quality,179.94,cash,2024-08-23
R303242,T1002215,,111066.0,SKU100018,quality,131.61,cash,03 Oct 2024
R303243,T1098846,,112131.0,SKU100231,damaged,22.74,UPI,09 Mar 2025
R303244,T1156703,,101144.0,SKU100042,quality,205.68,card,02/22/2024
R303245,T1187240,,117167.0,SKU100141,other,71.34,card,21-12-2024 00:00:00
R303246,T1040564,,112944.0,SKU100130,quality,59.99,card,30-Jun-2025
R303247,T1010138,,113911.0,SKU100038,other,248.14,cash,23-05-2024 00:00:00
R303248,T1056590,,107450.0,SKU100253,quality,203.53,cash,2024/09/17
R303249,T1142791,,101171.0,SKU100442,damaged,29.73,UPI,05-Jan-2025
R303250,T1063732,2024-08-01,112786.0,SKU100478,other,66.24,UPI,01/08/2024
R303251,T1123276,,104089.0,SKU100215,damaged,185.85,card,2024-09-23
R303252,T1016529,,101951.0,SKU100184,quality,80.14,UPI,03/24/2024
R303253,T1170242,2024-06-30,107836.0,SKU100065,quality,554.13,cash,30/06/2024
R303254,T1121189,2025-07-29,102416.0,SKU100584,quality,150.28,cash,29/07/2025
R303255,T1101540,2025-04-26,104850.0,SKU100049,quality,209.1,card,26/04/2025
R303256,T1159002,,116182.0,SKU100056,other,9.15,card,16-Jan-2025
R303257,T1149584,,102882.0,SKU100339,wrong item,157.85,card,06 Nov 2025
R303258,T1016867,,118120.0,SKU100107,quality,357.37,card,09/25/2024
R303259,T1158333,,117431.0,SKU100132,other,232.34,UPI,01-Nov-2025
R303260,T1134269,,112441.0,SKU100310,wrong item,178.06,UPI,12-08-2025 00:00:00
R303261,T1111453,,107168.0,SKU100317,wrong item,57.41,cash,26 Jun 2024
R303262,T1044833,,112419.0,SKU100164,other,193.84,UPI,2024-07-04
R303263,T1144480,2024-04-21,116164.0,SKU100132,quality,17.61,card,21/04/2024
R303264,T1187725,2024-10-06,116003.0,SKU100319,quality,345.72,card,06/10/2024
R303265,T10003264,2025-05-13,108252.0,SKU100578,quality,148.74,UPI,13/05/2025
R303266,T1013534,,100832.0,SKU100049,quality,435.36,card,16-Jan-2025
R303267,T1095191,,107602.0,SKU100481,quality,173.24,cash,31 Mar 2024
R303268,T1170356,,119808.0,SKU100201,wrong item,62.6,UPI,2025-06-07
R303269,T10003268,2024-09-28,103294.0,SKU100295,wrong item,160.56,UPI,28/09/2024
R303270,T1114360,2024-10-08,106608.0,SKU100381,wrong item,66.56,card,08/10/2024
R303271,T1060637,2024-06-05,118953.0,SKU100482,wrong item,252.93,cash,05/06/2024
R303272,T1158783,,108250.0,SKU100386,other,278.48,UPI,2024/01/12
R303273,T1028432,,119392.0,SKU100240,other,109.61,card,07-Sep-2024
R303274,T1033583,,110493.0,SKU100201,other,46.03,UPI,15 Dec 2025
R303275,T1182718,2025-03-05,106211.0,SKU100598,quality,156.37,card,05/03/2025
R303276,T1055196,,118594.0,SKU100542,quality,178.02,UPI,30-05-2024 00:00:00
R303277,T1001256,,117523.0,SKU100201,damaged,351.91,cash,01/28/2024
R303278,T1171795,,106874.0,SKU100216,quality,393.56,cash,2024/04/10
R303279,T1116887,,105564.0,SKU100368,quality,260.14,cash,26-Jun-2024
R303280,T1001892,2025-09-27,100865.0,SKU100510,wrong item,110.53,cash,27/09/2025
R303281,T1160034,,111836.0,SKU100096,quality,145.06,cash,02/19/2024
R303282,T1151256,,115386.0,SKU100097,quality,0.09,cash,27-Jan-2025
R303283,T1067997,,107908.0,SKU100278,other,295.71,cash,2024-09-04
R303284,T1038309,2025-05-05,112843.0,SKU100553,damaged,95.99,UPI,05/05/2025
R303285,T1108175,,119596.0,SKU100009,damaged,265.52,card,16 Nov 2024
R303286,T10003285,,100491.0,SKU100318,wrong item,87.91,UPI,2025-03-14
R303287,T1069535,2024-01-05,114246.0,SKU100165,wrong item,44.01,card,05/01/2024
R303288,T1151754,,107239.0,SKU100580,other,237.7,UPI,2024-02-24
R303289,T1079011,,111314.0,SKU100468,quality,269.27,UPI,15 Nov 2025
R303290,T1169599,,116178.0,SKU100010,damaged,115.43,cash,2024/08/20
R303291,T1096453,,108685.0,SKU100345,quality,75.6,UPI,2024/11/13
R303292,T1147326,2024-09-10,108791.0,SKU100503,other,229.84,card,10/09/2024
R303293,T1180262,,114958.0,SKU100118,damaged,168.88,UPI,07/23/2025
R303294,T1170693,,115125.0,SKU100501,quality,100.42,cash,2024-08-10
R303295,T1085538,,105371.0,SKU100599,quality,179.38,cash,25 May 2024
R303296,T1135008,,117268.0,SKU100571,wrong item,181.06,card,25 Jul 2024
R303297,T1113322,,119342.0,SKU100493,wrong item,54.97,card,20-09-2025 00:00:00
R303298,T10003297,,100799.0,SKU100495,wrong item,201.82,UPI,23-Oct-2024
R303299,T1166707,,110561.0,SKU100558,other,102.84,card,02/22/2024
R303300,T1147270,,112310.0,SKU100261,other,220.91,card,09-12-2025 00:00:00
R303301,T1000373,2025-09-03,100474.0,SKU100290,quality,92.06,UPI,03/09/2025
R303302,T10003301,2024-09-24,104018.0,SKU100386,damaged,137.72,card,24/09/2024
R303303,T1131699,,109777.0,SKU100059,wrong item,267.65,cash,17-Aug-2024
R303304,T1005612,2024-05-09,104459.0,SKU100491,damaged,137.36,UPI,09/05/2024
R303305,T10003304,,109653.0,SKU100556,wrong item,98.94,card,02-Aug-2025
R303306,T10003305,,105823.0,SKU100371,wrong item,77.43,UPI,03-04-2025 00:00:00
R303307,T1003380,2025-10-16,105278.0,SKU100475,wrong item,183.72,cash,16/10/2025
R303308,T1128283,,111115.0,SKU100083,other,121.67,card,2024-09-12
R303309,T1137458,2025-01-06,118420.0,SKU100113,wrong item,188.45,UPI,06/01/2025
R303310,T1143743,2024-07-10,115327.0,SKU100522,other,299.08,card,10/07/2024
R303311,T1031682,,101850.0,SKU100039,damaged,161.43,cash,31 Jan 2025
R303312,T1044675,,115993.0,SKU100112,quality,231.22,cash,2024/08/31
R303313,T1023214,,,SKU100439,quality,230.74,UPI,12/27/2025
R303314,T1084511,2024-01-11,117692.0,SKU100168,quality,121.37,UPI,11/01/2024
R303315,T1199272,,110728.0,SKU100187,quality,115.22,cash,23-Jul-2024
R303316,T1151608,,112133.0,SKU100388,other,175.94,UPI,2024-12-30
R303317,T1133015,,103946.0,SKU100078,damaged,174.14,card,2025-02-22
R303318,T1068399,,103294.0,SKU100120,quality,220.29,cash,2025-08-14
R303319,T1080804,,105054.0,SKU100339,other,184.22,card,09-Jan-2024
R303320,T1132904,2024-06-20,111800.0,SKU100535,quality,41.22,card,20/06/2024
R303321,T1097680,,108779.0,SKU100367,damaged,3.43,card,2024/09/17
R303322,T1049040,,105263.0,SKU100517,wrong item,31.33,UPI,2025-05-20
R303323,T1096735,,115106.0,SKU100251,wrong item,145.68,cash,03/19/2024
R303324,T1119277,,116618.0,SKU100340,wrong item,136.74,cash,29 Sep 2024
R303325,T1170373,,115731.0,SKU100579,other,91.42,cash,13-06-2025 00:00:00
R303326,T1095330,,112283.0,SKU100456,other,117.72,UPI,17-12-2024 00:00:00
R303327,T1016672,,116034.0,SKU100121,damaged,287.05,card,2024/12/02
R303328,T1167897,,109739.0,SKU100097,damaged,252.85,card,2024-11-22
R303329,T1033477,2024-02-26,114776.0,SKU100436,damaged,71.34,card,26/02/2024
R303330,T1129355,,111942.0,SKU100118,damaged,112.62,card,2024-01-10
R303331,T1177458,,105618.0,SKU100022,quality,49.69,cash,11/18/2025
R303332,T1149881,2025-10-16,102351.0,SKU100015,quality,413.73,card,16/10/2025
R303333,T1013729,,101611.0,SKU100438,quality,112.92,card,16-Nov-2024
R303334,T1176519,2024-02-01,106283.0,SKU100270,other,115.27,UPI,01/02/2024
R303335,T1076865,2025-10-12,105028.0,SKU100184,quality,58.82,card,12/10/2025
R303336,T1096176,,105248.0,SKU100134,other,154.13,cash,20-04-2024 23:59:06
R303337,T1107223,2025-12-11,110957.0,SKU100405,wrong item,451.28,UPI,11/12/2025
R303338,T1157656,,102784.0,SKU100328,wrong item,26.33,cash,2024-03-14
R303339,T1146505,2024-09-04,100547.0,SKU100100,wrong item,95.75,cash,04/09/2024
R303340,T1185519,2024-01-31,100880.0,SKU100359,wrong item,292.59,cash,31/01/2024
R303341,T1156809,,117289.0,SKU100231,damaged,44.89,card,2025-03-08
R303342,T1161674,,119024.0,SKU100584,other,135.78,card,2025-10-24
R303343,T1016198,,100470.0,SKU100510,wrong item,80.08,cash,05-Jun-2025
R303344,T1156930,,101003.0,SKU100598,wrong item,100.98,UPI,24-Feb-2024
R303345,T1110898,,118396.0,SKU100035,wrong item,258.14,card,12/28/2025
R303346,T1164013,,119388.0,SKU100587,other,111.55,card,2024/11/27
R303347,T1119460,,113236.0,SKU100072,wrong item,281.94,cash,2024/04/30
R303348,T10003347,,105652.0,SKU100212,quality,102.76,card,2025/06/12
R303349,T1018521,,113321.0,SKU100376,damaged,238.41,UPI,12-09-2024 14:44:52
R303350,T1018697,2024-12-07,100814.0,SKU100474,other,8.98,cash,07/12/2024
R303351,T1107277,2025-03-19,108186.0,SKU100129,other,9.82,cash,19/03/2025
R303352,T1128486,,110230.0,SKU100312,wrong item,56.64,card,07-09-2024 05:21:45
R303353,T1164311,,107452.0,SKU100234,quality,166.77,card,12 Nov 2025
R303354,T1027279,,119517.0,SKU100593,damaged,187.73,cash,2024/01/16
R303355,T1031476,2024-09-04,102326.0,SKU100354,quality,95.14,card,04/09/2024
R303356,T1082689,2024-01-09,106251.0,SKU100309,quality,10.74,UPI,09/01/2024
R303357,T1035389,,118329.0,SKU100320,other,4.14,cash,2025-01-01
R303358,T1168646,,111571.0,SKU100336,other,42.83,card,2024/03/28
R303359,T1045822,,104131.0,SKU100490,damaged,54.69,UPI,01/28/2025
R303360,T1168109,,103984.0,SKU100151,quality,135.03,card,08/20/2025
R303361,T1186062,2024-09-07,112498.0,SKU100016,other,219.95,cash,07/09/2024
R303362,T1054929,,101538.0,SKU100554,other,245.93,card,29-12-2025 00:00:00
R303363,T1085035,,106027.0,SKU100449,quality,34.99,cash,01-May-2025
R303364,T1199329,2025-04-01,110899.0,SKU100325,damaged,144.39,cash,01/04/2025
R303365,T1105746,2024-07-26,101868.0,SKU100040,damaged,89.53,card,26/07/2024
R303366,T1086671,,103006.0,SKU100061,quality,247.51,cash,20-06-2025 00:00:00
R303367,T1068632,,,SKU100510,wrong item,236.13,UPI,2024/07/15
R303368,T1153470,,115388.0,SKU100183,wrong item,387.58,UPI,16-02-2024 00:00:00
R303369,T1197096,,116876.0,SKU100514,wrong item,90.28,card,20 Apr 2024
R303370,T1052639,2024-05-27,109009.0,SKU100024,wrong item,4.14,UPI,27/05/2024
R303371,T1055970,,113870.0,SKU100110,quality,209.46,cash,11-Apr-2025
R303372,T10003371,,113843.0,SKU100165,other,200.13,card,27-Oct-2024
R303373,T1053763,,102120.0,SKU100218,other,42.05,cash,2025-04-06
R303374,T1067361,,109720.0,SKU100050,damaged,46.45,UPI,12 May 2024
R303375,T1169689,,112564.0,SKU100143,other,215.67,UPI,2024-03-12
R303376,T1051337,,113691.0,SKU100411,wrong item,241.1,UPI,18-11-2024 00:00:00
R303377,T1114351,2025-09-06,100992.0,SKU100027,damaged,4.21,UPI,06/09/2025
R303378,T10003377,,112722.0,SKU100425,wrong item,9.6,UPI,07 Feb 2024
R303379,T1082824,,113364.0,SKU100497,quality,139.06,UPI,2024-05-07
R303380,T10003379,,106326.0,SKU100223,wrong item,297.1,cash,06-Oct-2024
R303381,T1190101,,117246.0,SKU100015,quality,89.6,cash,01 Feb 2024
R303382,T1033531,,118315.0,SKU100498,other,178.86,card,04-01-2025 00:00:00
R303383,T1058200,,108455.0,SKU100454,other,121.95,UPI,2024/11/26
R303384,T1072442,,106535.0,SKU100366,quality,92.87,card,30-Sep-2025
R303385,T1078722,,102090.0,SKU100348,other,41.25,cash,10 Mar 2024
R303386,T1198832,,105702.0,SKU100470,damaged,145.17,card,25 Apr 2024
R303387,T1074439,,101661.0,SKU100509,damaged,143.02,card,06 Oct 2024
R303388,T1164323,,119609.0,SKU100127,quality,341.15,cash,18 Jun 2024
R303389,T1105901,,102091.0,SKU100476,damaged,340.23,cash,2024-08-04
R303390,T1032689,,109666.0,SKU100505,damaged,84.55,card,2024-12-09
R303391,T1108149,,112954.0,SKU100448,wrong item,322.9,UPI,01/13/2024
R303392,T1043764,,103596.0,SKU100305,damaged,83.18,UPI,03-11-2024 00:00:00
R303393,T1018076,,112602.0,SKU100370,other,380.62,UPI,07-Dec-2025
R303394,T1050660,,118252.0,SKU100542,other,218.13,UPI,2024/10/20
R303395,T1075261,,104912.0,SKU100318,quality,59.14,card,2025-11-09
R303396,T1118395,2025-05-06,105493.0,SKU100159,wrong item,230.34,card,06/05/2025
R303397,T1170554,,114064.0,SKU100335,damaged,15.57,cash,29-Jun-2025
R303398,T1079035,2025-12-21,109967.0,SKU100112,other,271.67,UPI,21/12/2025
R303399,T1102408,2025-07-02,102632.0,SKU100469,quality,377.68,cash,02/07/2025
R303400,T1017573,2024-12-25,114019.0,SKU100359,damaged,306.44,cash,25/12/2024
R303401,T1004103,,112412.0,SKU100160,wrong item,95.14,card,2025/02/11
R303402,T1104466,,106344.0,SKU100195,damaged,139.65,card,05-Sep-2025
R303403,T1081792,,113715.0,SKU100344,damaged,269.32,card,05-Jan-2025
R303404,T1104423,,111301.0,SKU100404,wrong item,4.88,UPI,24-03-2025 00:00:00
R303405,T1070618,,105729.0,SKU100564,quality,11.35,UPI,2024-06-16
R303406,T10003405,,115258.0,SKU100480,quality,402.07,cash,19-04-2024 21:13:30
R303407,T1175712,,103171.0,SKU100050,damaged,138.06,cash,31 Mar 2025
R303408,T1168268,,108906.0,SKU100065,damaged,222.69,UPI,2025-05-30
R303409,T1104393,,106360.0,SKU100146,quality,325.88,card,03/28/2025
R303410,T1029095,2024-01-31,100892.0,SKU100556,wrong item,164.01,cash,31/01/2024
R303411,T1149295,,101584.0,SKU100455,damaged,46.76,UPI,2024-08-30
R303412,T1041364,2025-03-31,103121.0,SKU100208,other,32.21,UPI,31/03/2025
R303413,T1100787,,109885.0,SKU100414,other,67.94,UPI,2024/01/14
R303414,T1108338,,104396.0,SKU100192,damaged,178.75,cash,2025/07/04
R303415,T1004503,2025-03-01,104239.0,SKU100301,other,36.59,card,01/03/2025
R303416,T1196033,,114164.0,SKU100406,quality,322.12,card,15-May-2025
R303417,T1075545,2024-11-04,119559.0,SKU100263,damaged,267.38,card,04/11/2024
R303418,T1198371,,111790.0,SKU100339,damaged,135.29,cash,01/13/2024
R303419,T1069994,,118824.0,SKU100225,damaged,52.05,card,08-02-2025 00:00:00
R303420,T1103400,2024-12-30,100395.0,SKU100016,other,143.45,UPI,30/12/2024
R303421,T1028003,,100782.0,SKU100052,damaged,1.25,card,27-Jun-2025
R303422,T1031942,,114285.0,SKU100140,quality,361.36,UPI,2024/07/05
R303423,T1132462,,115317.0,SKU100424,other,293.52,UPI,10/25/2024
R303424,T1025169,,113974.0,SKU100081,wrong item,103.2,UPI,08-04-2024 10:38:47
R303425,T1010832,2025-07-10,117594.0,SKU100275,other,189.47,card,10/07/2025
R303426,T1135209,2025-08-29,116476.0,SKU100085,damaged,189.6,UPI,29/08/2025
R303427,T1117448,,110267.0,SKU100001,damaged,61.14,card,09-04-2025 13:01:49
R303428,T10003427,,101608.0,SKU100118,quality,293.1,card,2024-08-25
R303429,T1095294,,111185.0,SKU100477,damaged,284.85,UPI,2024-12-11
R303430,T1102509,,106343.0,SKU100321,wrong item,79.78,cash,07 Sep 2024
R303431,T1148515,,102556.0,SKU100209,damaged,146.3,cash,23-01-2025 00:00:00
R303432,T1040330,,105958.0,SKU100201,wrong item,25.04,cash,01/23/2025
R303433,T1191215,,109479.0,SKU100496,damaged,30.92,cash,04/25/2024
R303434,T1114005,,111839.0,SKU100435,wrong item,286.66,cash,2024/06/13
R303435,T1057601,2025-11-24,100423.0,SKU100203,wrong item,206.22,card,24/11/2025
R303436,T10003435,,118640.0,SKU100458,other,27.39,UPI,01 Feb 2024
R303437,T1168557,,109500.0,SKU100007,damaged,410.12,card,2024/12/20
R303438,T1174800,,108469.0,SKU100521,quality,48.38,card,14 Dec 2025
R303439,T1129373,,100963.0,SKU100191,other,168.63,UPI,23-04-2025 00:00:00
R303440,T1112948,,106000.0,SKU100249,quality,127.45,UPI,2024-03-09
R303441,T1064744,,111406.0,SKU100385,wrong item,53.34,card,17-Jun-2024
R303442,T1068982,,110805.0,SKU100523,damaged,74.52,card,28-01-2025 00:00:00
R303443,T1064387,,108904.0,SKU100397,wrong item,199.66,cash,07-Nov-2025
R303444,T1181683,,115975.0,SKU100218,quality,303.87,card,20 Dec 2024
R303445,T1077039,,102485.0,SKU100018,wrong item,290.16,UPI,2025-05-20
R303446,T1155323,,103602.0,SKU100466,other,89.75,card,30-01-2025 00:00:00
R303447,T10003446,,108344.0,SKU100296,other,129.15,cash,11/30/2025
R303448,T1071470,,102467.0,SKU100290,other,182.48,card,2025/09/09
R303449,T1042308,,104489.0,SKU100120,damaged,99.02,card,15-11-2024 00:00:00
R303450,T1001803,,117958.0,SKU100588,other,133.89,UPI,11 Nov 2025
R303451,T1033261,,119360.0,SKU100401,quality,212.33,UPI,2025-01-06
R303452,T1077851,2024-08-03,105111.0,SKU100545,wrong item,104.57,cash,03/08/2024
R303453,T1159346,2024-03-10,104371.0,SKU100476,other,74.87,card,10/03/2024
R303454,T1110232,,116872.0,SKU100336,damaged,119.32,cash,12/30/2024
R303455,T1147484,,103564.0,SKU100161,wrong item,39.78,card,09-04-2025 10:11:15
R303456,T1028680,,109990.0,SKU100429,quality,154.47,card,15 Jun 2025
R303457,T1027737,,104336.0,SKU100197,other,159.45,card,27-07-2024 00:00:00
R303458,T1171792,2025-04-11,118332.0,SKU100568,damaged,168.06,cash,11/04/2025
R303459,T1048149,2025-03-07,108863.0,SKU100107,other,47.81,UPI,07/03/2025
R303460,T1169969,2024-04-05,104934.0,SKU100590,quality,378.23,cash,05/04/2024
R303461,T1165884,,103744.0,SKU100041,quality,2.52,card,17 Nov 2025
R303462,T1175476,,106113.0,SKU100286,damaged,153.55,UPI,08/25/2024
R303463,T1046403,2024-06-27,112677.0,SKU100187,wrong item,130.19,card,27/06/2024
R303464,T1187225,,117150.0,SKU100304,damaged,297.64,card,22-Oct-2025
R303465,T1135869,,106666.0,SKU100430,quality,42.53,card,06-Jun-2024
R303466,T1007409,,113046.0,SKU100431,wrong item,94.79,UPI,28-08-2025 00:00:00
R303467,T1151835,2025-07-02,102210.0,SKU100357,wrong item,350.41,UPI,02/07/2025
R303468,T1050631,2025-11-07,,SKU100362,quality,206.56,cash,07/11/2025
R303469,T1164857,,100308.0,SKU100351,other,165.34,UPI,30-Nov-2025
R303470,T1075880,,102331.0,SKU100101,wrong item,206.22,cash,2024-02-10
R303471,T1141921,,108142.0,SKU100179,quality,162.51,card,17-Oct-2024
R303472,T1144636,2025-10-08,115379.0,SKU100363,damaged,139.8,UPI,08/10/2025
R303473,T1076276,,104638.0,SKU100459,quality,83.56,UPI,02 Apr 2024
R303474,T1086263,2025-09-15,118793.0,SKU100532,damaged,22.92,card,15/09/2025
R303475,T1026827,,102994.0,SKU100061,damaged,27.33,card,2024-11-24
R303476,T1151360,,101183.0,SKU100365,other,14.22,cash,2024/11/10
R303477,T1116552,,118360.0,SKU100382,quality,67.59,card,2025/11/06
R303478,T1042898,2025-05-13,117784.0,SKU100288,quality,164.22,card,13/05/2025
R303479,T1051278,,111842.0,SKU100346,quality,9.31,cash,07-02-2024 00:00:00
R303480,T1188602,,118749.0,SKU100505,other,166.38,UPI,05-Oct-2025
R303481,T1081917,,108072.0,SKU100236,damaged,273.44,UPI,2025-06-04
R303482,T1004549,,104239.0,SKU100319,damaged,50.43,UPI,20-Jun-2025
R303483,T1050854,,,SKU100330,quality,38.96,card,11-09-2024 00:00:00
R303484,T1013818,,112267.0,SKU100413,quality,61.02,card,28-09-2024 00:00:00
R303485,T1015170,,111203.0,SKU100095,quality,99.67,cash,2024-04-26
R303486,T1052300,,108277.0,SKU100123,other,20.2,UPI,04/28/2025
R303487,T1149955,,118895.0,SKU100187,wrong item,267.76,cash,03/19/2025
R303488,T1078963,,114532.0,SKU100221,quality,99.17,cash,2024/06/22
R303489,T1116975,,,SKU100145,quality,175.57,card,2025-03-07
R303490,T1029807,,115461.0,SKU100225,other,414.18,card,22-Nov-2024
R303491,T1128490,,100997.0,SKU100331,other,65.29,UPI,11-03-2025 00:00:00
R303492,T1012269,,114308.0,SKU100356,quality,286.06,UPI,2025/09/15
R303493,T1032999,,100496.0,SKU100249,quality,178.46,cash,07 Jun 2024
R303494,T1142420,,102278.0,SKU100521,other,167.23,card,2024-07-21
R303495,T1177280,,107641.0,SKU100300,other,86.4,card,2024/02/27
R303496,T1164409,,107902.0,SKU100570,damaged,158.43,cash,26-09-2025 13:09:48
R303497,T1107316,,100189.0,SKU100429,other,208.08,cash,31-Oct-2025
R303498,T1192393,,106180.0,SKU100190,damaged,72.82,cash,2024-05-06
R303499,T1158201,,119855.0,SKU100023,quality,180.83,cash,11/17/2024
R303500,T1092373,,113351.0,SKU100095,damaged,106.9,cash,11/14/2025
R303501,T1083075,,108511.0,SKU100386,quality,134.57,card,31 Mar 2024
R303502,T10003501,,118226.0,SKU100018,other,224.89,UPI,2025/07/16
R303503,T1158167,2025-06-05,114377.0,SKU100429,quality,246.01,UPI,05/06/2025
R303504,T1116737,2024-04-08,100230.0,SKU100541,quality,112.28,card,08/04/2024
R303505,T1037139,2025-06-07,107303.0,SKU100527,quality,105.29,cash,07/06/2025
R303506,T1074158,,104201.0,SKU100533,other,58.1,card,01/20/2024
R303507,T1098445,,111822.0,SKU100363,damaged,165.02,card,2025/10/08
R303508,T1020688,,105871.0,SKU100585,damaged,142.28,UPI,21 Jan 2025
R303509,T1019869,,106745.0,SKU100411,other,247.7,UPI,23 Jul 2025
R303510,T1156314,2025-12-16,113416.0,SKU100496,wrong item,140.71,UPI,16/12/2025
R303511,T1108922,,119688.0,SKU100164,wrong item,143.7,cash,09-06-2025 00:00:00
R303512,T1110701,,105193.0,SKU100283,damaged,97.87,cash,2025-12-25
R303513,T1093963,2024-05-06,109478.0,SKU100306,damaged,31.56,UPI,06/05/2024
R303514,T1021149,2025-10-11,119225.0,SKU100286,other,448.6,UPI,11/10/2025
R303515,T1112048,2025-07-21,115570.0,SKU100551,damaged,411.9,card,21/07/2025
R303516,T1024710,2025-05-01,108397.0,SKU100506,wrong item,20.66,UPI,01/05/2025
R303517,T1082562,,107067.0,SKU100416,other,153.95,card,2025-11-13
R303518,T1033440,2025-03-04,100802.0,SKU100316,damaged,154.21,cash,04/03/2025
R303519,T1056808,,111406.0,SKU100011,other,332.62,UPI,02 Apr 2024
R303520,T1081947,,111784.0,SKU100312,wrong item,56.37,card,29-07-2025 00:00:00
R303521,T1078440,2025-09-26,104834.0,SKU100338,damaged,158.23,cash,26/09/2025
R303522,T1051252,,113188.0,SKU100076,wrong item,324.01,UPI,10 Jun 2025
R303523,T1087856,,107414.0,SKU100218,wrong item,163.65,UPI,2024/12/01
R303524,T1021412,2024-02-08,102775.0,SKU100225,wrong item,390.61,card,08/02/2024
R303525,T1026180,,107383.0,SKU100477,damaged,165.13,card,07/21/2024
R303526,T1064666,2025-04-24,119514.0,SKU100582,quality,230.26,card,24/04/2025
R303527,T1057354,,104997.0,SKU100062,quality,6.6,cash,2025/10/25
R303528,T10003527,,116384.0,SKU100417,other,90.22,UPI,01-06-2025 00:00:00
R303529,T1088640,2025-08-11,105427.0,SKU100299,other,297.84,card,11/08/2025
R303530,T1009192,,118775.0,SKU100468,other,34.42,cash,05-12-2025 00:00:00
R303531,T1177119,,105752.0,SKU100576,damaged,12.38,UPI,10 Oct 2024
R303532,T1197629,,,SKU100300,wrong item,162.55,UPI,2025/05/28
R303533,T1173269,,119266.0,SKU100156,other,101.62,cash,21 May 2024
R303534,T1089821,,117316.0,SKU100011,wrong item,175.35,UPI,08-10-2024 00:00:00
R303535,T1148533,2025-08-08,112127.0,SKU100166,wrong item,120.8,cash,08/08/2025
R303536,T1068366,,106918.0,SKU100034,other,334.62,UPI,2025-04-12
R303537,T1143138,,108143.0,SKU100313,damaged,150.91,cash,08-May-2025
R303538,T1073480,,115264.0,SKU100483,quality,118.98,UPI,06-06-2025 00:00:00
R303539,T1197201,,110188.0,SKU100138,quality,40.28,cash,22-Aug-2025
R303540,T1038966,,107947.0,SKU100585,wrong item,103.44,UPI,06 Sep 2025
R303541,T1013381,,108980.0,SKU100146,wrong item,88.92,card,15-02-2024 00:00:00
R303542,T1096157,2024-05-23,113107.0,SKU100274,other,196.78,UPI,23/05/2024
R303543,T1066602,,114926.0,SKU100063,wrong item,13.5,UPI,12-07-2025 00:00:00
R303544,T1195278,,102535.0,SKU100354,damaged,350.97,card,2025-01-01
R303545,T1019948,,103814.0,SKU100203,quality,335.26,cash,2024/05/31
R303546,T1160088,,117794.0,SKU100396,quality,169.55,UPI,2025-02-10
R303547,T1103155,,105281.0,SKU100364,damaged,14.8,UPI,2024-10-22
R303548,T1183843,,117942.0,SKU100556,other,13.91,cash,2025-10-25
R303549,T1087913,,103901.0,SKU100237,quality,142.41,card,24-08-2025 16:11:21
R303550,T1060011,,105623.0,SKU100478,wrong item,257.06,card,2024/01/16
R303551,T1011618,,111996.0,SKU100411,damaged,161.35,UPI,2024-06-01
R303552,T1116003,,111761.0,SKU100040,other,313.41,UPI,2025/12/23
R303553,T10003552,,119603.0,SKU100056,damaged,17.17,card,13-Jan-2024
R303554,T1136288,,106379.0,SKU100484,wrong item,202.22,card,04 Dec 2025
R303555,T1103652,2025-11-12,105617.0,SKU100447,wrong item,74.13,card,12/11/2025
R303556,T10003555,2025-07-25,101622.0,SKU100094,quality,226.8,UPI,25/07/2025
R303557,T1133077,,119310.0,SKU100125,quality,177.77,cash,21 May 2024
R303558,T1188968,,113302.0,SKU100527,other,111.29,UPI,2025-11-11
R303559,T1195849,,111170.0,SKU100018,damaged,97.55,cash,03 Jul 2025
R303560,T1115416,,,SKU100551,wrong item,69.29,cash,05 May 2024
R303561,T1169516,2024-08-10,100556.0,SKU100383,wrong item,172.82,UPI,10/08/2024
R303562,T1067181,,100759.0,SKU100132,wrong item,122.52,UPI,22-07-2024 15:01:26
R303563,T1181264,2025-08-20,114525.0,SKU100528,wrong item,204.39,UPI,20/08/2025
R303564,T1062791,,109236.0,SKU100163,other,321.1,cash,28-05-2024 00:00:00
R303565,T1122227,,118804.0,SKU100052,wrong item,103.82,card,04 Dec 2025
R303566,T1156963,,101311.0,SKU100393,quality,32.97,UPI,04 May 2025
R303567,T10003566,,112667.0,SKU100535,wrong item,76.67,cash,29-01-2025 00:00:00
R303568,T1113144,,106281.0,SKU100473,quality,220.44,UPI,2025-09-11
R303569,T1176412,,115059.0,SKU100496,quality,268.54,UPI,06-Apr-2024
R303570,T1077183,2025-08-10,110146.0,SKU100421,quality,105.68,UPI,10/08/2025
R303571,T1197313,2024-11-26,118795.0,SKU100452,other,205.71,UPI,26/11/2024
R303572,T1132109,2025-06-05,,SKU100555,other,41.1,cash,05/06/2025
R303573,T1152168,,113725.0,SKU100417,other,176.89,UPI,2024-03-31
R303574,T1065419,,109388.0,SKU100094,wrong item,330.38,UPI,2025-01-24
R303575,T1186444,,102696.0,SKU100564,other,56.31,cash,01-10-2024 03:18:58
R303576,T1135582,,103839.0,SKU100113,wrong item,108.13,UPI,24-Dec-2025
R303577,T1160981,,102390.0,SKU100480,damaged,60.59,cash,2025/02/03
R303578,T1059889,,102571.0,SKU100231,wrong item,2.31,UPI,03-Apr-2025
R303579,T1196164,,111266.0,SKU100157,wrong item,19.97,card,24 Jan 2024
R303580,T1175879,2024-11-03,108855.0,SKU100362,damaged,145.31,cash,03/11/2024
R303581,T10003580,,119057.0,SKU100235,damaged,196.83,card,17-08-2025 00:00:00
R303582,T1011603,,114816.0,SKU100079,damaged,78.48,cash,06-08-2024 18:10:11
R303583,T1126808,,106304.0,SKU100101,quality,325.04,UPI,09-Nov-2024
R303584,T1016200,,117079.0,SKU100090,wrong item,188.71,card,2025/09/08
R303585,T1039011,,100525.0,SKU100243,wrong item,45.4,card,17-Aug-2025
R303586,T1133411,,102263.0,SKU100254,other,168.88,card,2025/07/27
R303587,T1172893,,115028.0,SKU100062,other,24.07,cash,18 Oct 2024
R303588,T10003587,,106250.0,SKU100468,other,505.37,card,2024/01/28
R303589,T1134467,,111493.0,SKU100598,other,145.49,UPI,23-09-2025 00:00:00
R303590,T1069892,2025-12-16,100533.0,SKU100588,other,451.18,card,16/12/2025
R303591,T1136390,,100758.0,SKU100186,other,87.08,UPI,11-Jul-2024
R303592,T1150409,,105191.0,SKU100129,quality,251.48,cash,15 Dec 2024
R303593,T1096099,,,SKU100143,wrong item,133.0,cash,01-Jun-2024
R303594,T1008092,,113170.0,SKU100064,damaged,348.05,cash,2025/03/02
R303595,T10003594,,110871.0,SKU100344,wrong item,76.65,UPI,2024/08/12
R303596,T1173211,,112930.0,SKU100256,quality,79.21,card,2025-04-08
R303597,T1133608,2024-11-12,102324.0,SKU100445,damaged,338.37,card,12/11/2024
R303598,T1085962,,112715.0,SKU100526,quality,251.1,UPI,02/23/2024
R303599,T1180535,,100477.0,SKU100485,quality,148.0,cash,26-09-2024 00:00:00
R303600,T1161981,,112824.0,SKU100052,other,208.74,cash,28-May-2025
R303601,T1019624,2024-06-02,111283.0,SKU100598,damaged,109.53,card,02/06/2024
R303602,T1055804,,109267.0,SKU100528,wrong item,122.37,card,26 Mar 2025
R303603,T1083420,,116743.0,SKU100330,wrong item,340.47,card,08/30/2025
R303604,T1106804,,103180.0,SKU100391,wrong item,37.04,UPI,14-Oct-2025
R303605,T1099109,,112961.0,SKU100129,quality,203.89,UPI,2024-03-01
R303606,T1096138,,107502.0,SKU100486,quality,296.22,cash,05/20/2024
R303607,T1178394,,108472.0,SKU100348,wrong item,38.32,UPI,2024/04/24
R303608,T1009496,,115329.0,SKU100406,damaged,56.32,UPI,19-Oct-2025
R303609,T1086037,,100242.0,SKU100108,damaged,105.08,card,15-05-2024 00:00:00
R303610,T1109578,,102742.0,SKU100304,quality,374.37,cash,07/19/2024
R303611,T1008360,,101740.0,SKU100476,quality,142.9,cash,09-01-2024 00:00:00
R303612,T1006744,,119075.0,SKU100175,quality,124.08,card,2024-01-20
R303613,T1189563,2024-08-12,118284.0,SKU100574,other,279.44,cash,12/08/2024
R303614,T1051283,,101726.0,SKU100358,quality,267.64,UPI,26-04-2024 00:00:00
R303615,T1093173,2025-02-08,109695.0,SKU100348,wrong item,0.67,UPI,08/02/2025
R303616,T1072795,,104049.0,SKU100282,wrong item,220.53,UPI,18-Jan-2024
R303617,T1170849,,100371.0,SKU100045,wrong item,99.69,card,2024-03-28
R303618,T1173040,,114463.0,SKU100331,quality,298.3,UPI,18 Jun 2025
R303619,T1089193,,110611.0,SKU100329,wrong item,181.64,cash,25-09-2024 00:00:00
R303620,T1050166,2025-02-08,116533.0,SKU100364,wrong item,71.23,card,08/02/2025
R303621,T1116476,,111061.0,SKU100451,other,388.76,cash,2024-01-10
R303622,T1006408,,107623.0,SKU100140,wrong item,314.72,card,27-09-2024 00:00:00
R303623,T1144200,2024-08-14,101511.0,SKU100594,damaged,16.94,cash,14/08/2024
R303624,T1175439,,110197.0,SKU100295,damaged,76.79,UPI,02 Jun 2025
R303625,T1036671,,109876.0,SKU100457,wrong item,253.46,card,30-10-2025 00:00:00
R303626,T1157276,,116627.0,SKU100084,wrong item,116.94,card,22-02-2025 00:00:00
R303627,T1010415,2024-08-11,110267.0,SKU100371,wrong item,249.28,UPI,11/08/2024
R303628,T1073161,2024-02-19,102129.0,SKU100555,wrong item,87.11,cash,19/02/2024
R303629,T1150005,,111428.0,SKU100539,other,236.11,cash,19-04-2025 00:00:00
R303630,T1123114,2025-03-09,106910.0,SKU100399,damaged,174.8,UPI,09/03/2025
R303631,T1166673,,110001.0,SKU100348,wrong item,235.25,card,18-09-2025 00:00:00
R303632,T1029225,,111959.0,SKU100331,other,66.35,UPI,2024/04/01
R303633,T1043237,,102960.0,SKU100051,quality,310.91,card,2024/12/31
R303634,T1022527,,103150.0,SKU100363,wrong item,330.91,cash,2024-12-14
R303635,T1127134,,110220.0,SKU100070,other,0.94,cash,2024/09/19
R303636,T1044113,,100467.0,SKU100238,other,242.1,card,2024/04/30
R303637,T1071538,2024-03-01,115968.0,SKU100372,damaged,327.41,card,01/03/2024
R303638,T1086222,,112882.0,SKU100006,wrong item,174.63,cash,2025/09/19
R303639,T1164538,,115144.0,SKU100549,other,57.18,cash,05/21/2025
R303640,T10003639,,105220.0,SKU100081,other,199.08,UPI,2024/10/26
R303641,T1168070,,118939.0,SKU100296,damaged,160.99,card,11-02-2024 00:00:00
R303642,T1187458,,115304.0,SKU100068,damaged,83.26,UPI,2024-07-23
R303643,T1137449,,104153.0,SKU100303,damaged,57.23,UPI,2025/01/12
R303644,T1015005,,119690.0,SKU100127,quality,62.59,cash,23-01-2024 00:00:00
R303645,T1018780,2024-09-29,115688.0,SKU100089,other,204.33,card,29/09/2024
R303646,T1194657,2024-07-15,114378.0,SKU100482,quality,116.56,card,15/07/2024
R303647,T1198834,,106030.0,SKU100231,damaged,134.14,card,2024-06-12
R303648,T1115215,,114613.0,SKU100332,quality,69.96,cash,01-04-2024 00:00:00
R303649,T1176292,,101309.0,SKU100049,quality,318.98,cash,2025-08-06
R303650,T1153651,,114442.0,SKU100423,wrong item,153.05,cash,01/28/2024
R303651,T1064859,,109638.0,SKU100077,wrong item,178.43,cash,2024-09-28
R303652,T1020702,2025-11-22,117266.0,SKU100527,quality,289.71,UPI,22/11/2025
R303653,T1007530,,118530.0,SKU100335,damaged,126.76,UPI,20-Feb-2025
R303654,T1177165,,116916.0,SKU100340,wrong item,23.06,card,2024-04-27
R303655,T1035292,,118357.0,SKU100421,damaged,248.68,UPI,25-Mar-2024
R303656,T1134324,2025-03-21,,SKU100249,quality,330.42,UPI,21/03/2025
R303657,T1175704,,105884.0,SKU100152,other,195.4,card,2024-04-14
R303658,T1160626,,102523.0,SKU100446,damaged,217.38,UPI,04-Apr-2024
R303659,T1104958,,111865.0,SKU100129,quality,174.8,UPI,11 Mar 2024
R303660,T1051127,,114823.0,SKU100550,quality,29.05,UPI,2025/10/22
R303661,T1044741,,119448.0,SKU100077,other,67.06,UPI,2025/05/25
R303662,T1059855,,,SKU100469,damaged,258.72,card,06-Jan-2024
R303663,T1030376,,105104.0,SKU100402,wrong item,237.39,UPI,2024-05-03
R303664,T1166455,2024-05-17,117294.0,SKU100407,wrong item,40.95,cash,17/05/2024
R303665,T1087955,,115789.0,SKU100442,other,203.44,cash,2024-09-22
R303666,T1028752,,108973.0,SKU100320,damaged,297.61,cash,2025/03/24
R303667,T1194902,,119078.0,SKU100346,other,218.2,cash,04 Apr 2024
R303668,T1113021,,100612.0,SKU100209,damaged,0.67,card,2024/11/29
R303669,T1115570,,105340.0,SKU100591,other,182.77,cash,18 Mar 2025
R303670,T1137975,,107187.0,SKU100544,wrong item,8.35,card,2025/09/26
R303671,T1187004,,103568.0,SKU100493,wrong item,154.63,card,2025/12/12
R303672,T1031503,,114751.0,SKU100122,damaged,296.4,cash,2024/02/10
R303673,T1068721,,118853.0,SKU100388,quality,32.18,UPI,09 Jan 2024
R303674,T1155041,2025-04-27,107341.0,SKU100452,quality,252.91,UPI,27/04/2025
R303675,T1020494,,102273.0,SKU100551,other,224.74,card,25 Aug 2024
R303676,T1124376,2024-06-06,,SKU100517,wrong item,371.16,card,06/06/2024
R303677,T1043506,,101886.0,SKU100346,quality,4.37,cash,23-12-2025 00:00:00
R303678,T1065635,,118830.0,SKU100187,quality,94.91,card,17-Feb-2024
R303679,T1183321,,108199.0,SKU100089,quality,29.85,cash,15 May 2025
R303680,T1040605,,,SKU100545,quality,22.48,UPI,2024-06-04
R303681,T1167919,,118075.0,SKU100111,wrong item,40.02,cash,26-Jan-2025
R303682,T1060667,,118430.0,SKU100494,other,216.67,card,2025/06/11
R303683,T1026886,,113681.0,SKU100140,other,93.19,UPI,2025/12/02
R303684,T1104806,2024-02-07,109009.0,SKU100060,quality,480.16,card,07/02/2024
R303685,T1065237,,113510.0,SKU100567,damaged,179.98,UPI,09 Sep 2025
R303686,T1040446,2024-08-11,100179.0,SKU100398,other,208.52,card,11/08/2024
R303687,T1037724,2025-02-28,,SKU100022,damaged,192.08,cash,28/02/2025
R303688,T1033030,2025-01-10,105239.0,SKU100434,other,124.48,cash,10/01/2025
R303689,T1189194,,108162.0,SKU100450,damaged,190.22,UPI,30 Jun 2024
R303690,T1195829,,105904.0,SKU100488,damaged,103.9,cash,2025-11-02
R303691,T1111266,,113232.0,SKU100349,wrong item,15.9,UPI,2025/06/12
R303692,T10003691,,101571.0,SKU100089,other,44.59,cash,19 Jan 2024
R303693,T1189133,,104839.0,SKU100510,quality,86.26,UPI,01-06-2024 00:00:00
R303694,T1072322,,113345.0,SKU100592,damaged,16.44,card,2025-08-31
R303695,T1126793,,109889.0,SKU100228,wrong item,46.13,card,27-Sep-2024
R303696,T1057152,,116270.0,SKU100185,damaged,123.51,card,30 May 2024
R303697,T1187470,,113276.0,SKU100030,damaged,13.2,cash,26-Dec-2024
R303698,T1144144,,107245.0,SKU100344,other,71.93,cash,18-03-2024 00:00:00
R303699,T1014857,,107472.0,SKU100270,quality,46.82,card,2024-11-07
R303700,T1010714,2025-02-06,102180.0,SKU100154,damaged,110.84,card,06/02/2025
R303701,T1130784,,109619.0,SKU100023,other,96.35,cash,2024-07-23
R303702,T1127404,2025-02-28,107363.0,SKU100368,other,105.44,card,28/02/2025
R303703,T1192592,,104515.0,SKU100052,quality,50.33,UPI,2024-08-24
R303704,T1009516,2024-06-24,117667.0,SKU100261,damaged,198.69,cash,24/06/2024
R303705,T1143360,,114212.0,SKU100556,quality,3.12,UPI,2025-09-18
R303706,T1077932,,116330.0,SKU100557,wrong item,31.38,UPI,2024-06-23
R303707,T1106469,,114245.0,SKU100184,damaged,99.45,card,25 Nov 2025
R303708,T1046393,,117912.0,SKU100532,wrong item,101.51,card,2025-11-20
R303709,T1045939,2024-09-28,108782.0,SKU100161,other,53.12,UPI,28/09/2024
R303710,T1005346,2024-10-23,104848.0,SKU100291,damaged,67.47,cash,23/10/2024
R303711,T1148791,,106386.0,SKU100139,other,377.46,card,09-06-2024 00:00:00
R303712,T1137647,,104157.0,SKU100012,damaged,49.44,cash,2025/10/16
R303713,T1190305,,106023.0,SKU100597,wrong item,265.06,UPI,27-Jan-2024
R303714,T1149987,,112926.0,SKU100469,wrong item,94.07,cash,26-12-2025 08:39:30
R303715,T1197343,,103581.0,SKU100093,damaged,154.38,UPI,2025-08-11
R303716,T1003647,2025-03-12,106049.0,SKU100599,quality,302.96,cash,12/03/2025
R303717,T1054652,,106467.0,SKU100457,wrong item,39.01,UPI,02-Aug-2025
R303718,T1052344,,119268.0,SKU100121,quality,177.36,cash,2024/10/31
R303719,T1089679,2025-01-08,109281.0,SKU100236,wrong item,77.85,card,08/01/2025
R303720,T1072032,,106744.0,SKU100102,quality,331.14,cash,2024/10/24
R303721,T1088598,,110133.0,SKU100337,wrong item,190.54,UPI,05-10-2024 00:00:00
R303722,T1012477,,105828.0,SKU100398,quality,123.19,cash,12-06-2024 03:17:36
R303723,T1031065,,109644.0,SKU100478,quality,5.43,card,2025-03-01
R303724,T1000653,,114592.0,SKU100100,damaged,273.3,cash,05-Aug-2025
R303725,T1103815,,113808.0,SKU100017,quality,175.58,card,05 Apr 2025
R303726,T1047672,,101180.0,SKU100588,wrong item,291.63,UPI,2025/03/21
R303727,T1194087,,115200.0,SKU100507,wrong item,276.84,cash,03/24/2024
R303728,T1147160,2025-05-12,105436.0,SKU100165,quality,158.32,cash,12/05/2025
R303729,T1198518,,116167.0,SKU100062,damaged,151.63,cash,29 May 2024
R303730,T10003729,,102636.0,SKU100291,other,317.25,UPI,07-01-2024 00:00:00
R303731,T1089113,,117564.0,SKU100241,other,41.82,UPI,2025/09/04
R303732,T1009739,,102655.0,SKU100291,wrong item,146.9,cash,2025/11/13
R303733,T1165193,,114550.0,SKU100359,quality,175.96,card,24 Apr 2025
R303734,T1197898,2024-12-13,112543.0,SKU100467,other,74.34,UPI,13/12/2024
R303735,T1045299,,105240.0,SKU100014,other,214.33,cash,22 Feb 2024
R303736,T1033373,,101560.0,SKU100358,quality,170.27,card,10 Jun 2024
R303737,T1024296,,118752.0,SKU100110,quality,240.26,card,10-Apr-2024
R303738,T1177495,,118789.0,SKU100136,wrong item,220.6,cash,2025-09-11
R303739,T1186530,2024-06-12,117010.0,SKU100218,damaged,57.8,cash,12/06/2024
R303740,T1038997,,111064.0,SKU100519,other,142.32,cash,03/23/2024
R303741,T1050298,,106409.0,SKU100390,damaged,105.05,card,16-Jul-2025
R303742,T1070372,,113608.0,SKU100046,quality,212.68,card,23 Jun 2024
R303743,T1152713,,113655.0,SKU100117,damaged,191.42,cash,13-04-2025 00:00:00
R303744,T1056859,,114799.0,SKU100277,quality,73.59,cash,2025/06/23
R303745,T1136677,2025-03-27,114129.0,SKU100076,other,96.08,card,27/03/2025
R303746,T1053623,2025-02-28,103567.0,SKU100557,wrong item,68.56,card,28/02/2025
R303747,T1184612,,101153.0,SKU100324,damaged,396.21,card,06 Feb 2025
R303748,T1142067,,,SKU100411,damaged,209.81,UPI,2025/04/19
R303749,T1113963,,118092.0,SKU100340,other,434.63,cash,31 Aug 2024
R303750,T1042744,,102454.0,SKU100595,other,48.33,UPI,02/15/2025
R303751,T1163286,,118913.0,SKU100159,quality,22.04,cash,04-Aug-2025
R303752,T1168119,,,SKU100201,damaged,271.79,cash,2025-12-27
R303753,T1097532,,107753.0,SKU100495,wrong item,98.37,UPI,2024/09/21
R303754,T1117171,,110828.0,SKU100005,damaged,274.9,card,11-03-2024 00:00:00
R303755,T1094177,2024-11-27,113439.0,SKU100020,wrong item,6.3,card,27/11/2024
R303756,T1125999,2025-06-06,103192.0,SKU100199,quality,41.54,UPI,06/06/2025
R303757,T1026007,,103439.0,SKU100222,other,65.32,cash,17-Aug-2025
R303758,T1190167,,105389.0,SKU100301,wrong item,133.06,UPI,08/17/2024
R303759,T1141888,,115293.0,SKU100236,quality,157.79,UPI,27 Jul 2024
R303760,T1095966,,105293.0,SKU100574,damaged,107.74,UPI,01-Apr-2025
R303761,T1035937,,100415.0,SKU100037,quality,37.3,UPI,01/21/2024
R303762,T1159621,,115421.0,SKU100469,other,404.18,cash,05 Jun 2024
R303763,T1051667,,118289.0,SKU100481,other,163.23,card,12/22/2025
R303764,T1109695,,109629.0,SKU100012,other,148.38,UPI,20-Nov-2025
R303765,T1056387,,103070.0,SKU100564,wrong item,57.7,cash,05-07-2025 04:01:35
R303766,T1191701,2025-12-03,104608.0,SKU100166,damaged,50.12,card,03/12/2025
R303767,T1118251,,116125.0,SKU100006,wrong item,67.24,UPI,05 May 2025
R303768,T1109451,,108488.0,SKU100364,damaged,329.77,card,06-Feb-2024
R303769,T1116573,,,SKU100052,damaged,239.89,cash,21 Dec 2025
R303770,T1051023,2024-12-14,113736.0,SKU100334,damaged,268.03,cash,14/12/2024
R303771,T1069574,,107533.0,SKU100269,damaged,282.75,cash,02-Dec-2025
R303772,T1090711,,111425.0,SKU100357,wrong item,112.96,cash,09-03-2025 00:00:00
R303773,T1064381,,117878.0,SKU100239,wrong item,162.75,card,12 Dec 2025
R303774,T1100915,,105366.0,SKU100305,other,32.12,card,13-Jun-2025
R303775,T1118923,2025-02-10,100135.0,SKU100215,damaged,233.14,cash,10/02/2025
R303776,T1166797,,105061.0,SKU100396,quality,22.36,cash,2024-01-25
R303777,T1123787,,103461.0,SKU100385,other,135.82,UPI,2024/09/21
R303778,T1006225,,113202.0,SKU100361,quality,169.76,cash,24-Apr-2024
R303779,T1034950,,109386.0,SKU100535,damaged,263.82,cash,05/25/2025
R303780,T1105904,,116666.0,SKU100062,quality,66.69,cash,2025-03-22
R303781,T1137324,,106774.0,SKU100542,damaged,57.75,cash,28 Apr 2025
R303782,T1160580,,117509.0,SKU100465,wrong item,196.85,UPI,19-Mar-2025
R303783,T1037214,,116866.0,SKU100332,wrong item,290.6,card,10-Dec-2024
R303784,T1090460,2025-07-08,114583.0,SKU100507,wrong item,270.34,cash,08/07/2025
R303785,T1014184,2024-02-23,102738.0,SKU100482,quality,210.72,cash,23/02/2024
R303786,T1175561,2024-02-15,103549.0,SKU100201,quality,23.2,UPI,15/02/2024
R303787,T1065428,,110206.0,SKU100123,other,90.49,cash,04-Mar-2024
R303788,T1032076,,112306.0,SKU100234,damaged,300.31,cash,18-Feb-2024
R303789,T1028039,2024-08-07,117782.0,SKU100418,wrong item,124.17,card,07/08/2024
R303790,T1160476,,101245.0,SKU100188,other,16.86,cash,2025/07/19
R303791,T1049011,,108083.0,SKU100415,wrong item,190.76,UPI,29-04-2024 02:26:58
R303792,T1025062,,111177.0,SKU100458,damaged,112.78,cash,21-May-2025
R303793,T1167318,,117710.0,SKU100198,wrong item,115.43,UPI,2024/10/08
R303794,T1089744,2024-01-11,108640.0,SKU100543,quality,217.8,card,11/01/2024
R303795,T1125689,,108899.0,SKU100359,other,389.67,cash,2025-03-17
R303796,T1100568,2024-02-05,118060.0,SKU100489,other,257.21,cash,05/02/2024
R303797,T1123960,,107423.0,SKU100524,quality,233.26,cash,2024/03/21
R303798,T1194722,,108014.0,SKU100436,other,189.62,cash,2024/02/15
R303799,T1151656,,100312.0,SKU100382,other,132.79,card,28 Apr 2024
R303800,T1034202,,104529.0,SKU100598,wrong item,253.55,UPI,2024/08/22
R303801,T1169519,,112060.0,SKU100299,quality,158.87,cash,24 Aug 2025
R303802,T1120584,,118261.0,SKU100332,quality,55.76,card,2025-07-23
R303803,T1019055,,102003.0,SKU100578,quality,13.47,UPI,2024/08/04
R303804,T1010102,,106363.0,SKU100428,wrong item,93.91,cash,06 Oct 2024
R303805,T1142799,,114530.0,SKU100322,quality,35.59,card,2024-10-28
R303806,T1032063,2024-07-10,113348.0,SKU100434,wrong item,24.43,card,10/07/2024
R303807,T1034477,,108978.0,SKU100153,wrong item,63.88,cash,12-Jan-2025
R303808,T1112506,,105516.0,SKU100536,other,271.33,UPI,2024-12-02
R303809,T1105010,,110181.0,SKU100355,wrong item,15.29,card,03 Apr 2024
R303810,T1082594,,102695.0,SKU100597,wrong item,143.54,cash,02 Feb 2025
R303811,T1000697,2025-04-07,108487.0,SKU100092,damaged,224.41,UPI,07/04/2025
R303812,T1098296,,102960.0,SKU100299,quality,148.76,UPI,2025-02-03
R303813,T1092745,,102620.0,SKU100055,wrong item,156.06,UPI,05/29/2025
R303814,T1109341,,108178.0,SKU100448,other,44.36,card,02 Nov 2025
R303815,T1079309,,117917.0,SKU100571,quality,87.72,UPI,2025-05-30
R303816,T1014569,,106380.0,SKU100039,wrong item,375.8,UPI,05/27/2024
R303817,T1143238,,106829.0,SKU100538,damaged,226.74,UPI,2025-01-09
R303818,T1102309,,113307.0,SKU100184,other,158.02,card,03/26/2024
R303819,T1163388,,104041.0,SKU100572,quality,83.02,card,07/21/2024
R303820,T1052166,,102576.0,SKU100275,other,115.24,cash,03/14/2024
R303821,T1192942,,116353.0,SKU100046,wrong item,239.11,UPI,20 Jun 2025
R303822,T1038436,,106488.0,SKU100247,wrong item,144.4,cash,28-Jun-2024
R303823,T1163697,,107892.0,SKU100471,quality,410.46,cash,06-03-2025 00:00:00
R303824,T1192085,,113396.0,SKU100215,damaged,310.63,card,2024-09-24
R303825,T1043561,,110006.0,SKU100563,damaged,183.32,cash,20-10-2025 00:00:00
R303826,T1048025,,107233.0,SKU100230,damaged,174.67,card,20-06-2024 21:55:06
R303827,T1177290,2024-10-04,107066.0,SKU100130,wrong item,8.25,UPI,04/10/2024
R303828,T1045280,2025-01-01,111811.0,SKU100503,damaged,280.8,card,01/01/2025
R303829,T10003828,,112460.0,SKU100422,damaged,41.72,card,29 Dec 2024
R303830,T1098440,,119015.0,SKU100151,other,276.01,card,2025/05/05
R303831,T1088747,,108662.0,SKU100319,wrong item,150.47,cash,21-Jul-2025
R303832,T1138435,2025-02-05,102815.0,SKU100384,quality,77.85,cash,05/02/2025
R303833,T1166074,2024-04-10,112049.0,SKU100331,other,200.55,UPI,10/04/2024
R303834,T1032662,,112078.0,SKU100343,quality,95.36,cash,20-Mar-2025
R303835,T1079275,2024-08-25,102102.0,SKU100414,damaged,10.87,cash,25/08/2024
R303836,T1144164,,110361.0,SKU100035,damaged,71.97,card,2025-11-12
R303837,T1028494,2024-12-11,115598.0,SKU100276,damaged,131.14,card,11/12/2024
R303838,T1024102,,107650.0,SKU100032,damaged,104.62,UPI,30-Jun-2024
R303839,T1080794,2025-07-31,115169.0,SKU100115,other,175.27,card,31/07/2025
R303840,T1172281,,114967.0,SKU100309,quality,187.47,card,15 Sep 2024
R303841,T1075589,,103769.0,SKU100437,wrong item,322.94,card,23-11-2024 00:00:00
R303842,T1183220,,107750.0,SKU100424,other,111.7,UPI,2024-03-26
R303843,T1010428,2024-12-09,107523.0,SKU100221,damaged,139.36,card,09/12/2024
R303844,T1132114,,114238.0,SKU100560,damaged,156.06,card,13-10-2024 00:00:00
R303845,T1150551,,118656.0,SKU100158,damaged,119.88,UPI,17-05-2025 00:00:00
R303846,T1036349,,118988.0,SKU100258,quality,35.14,card,23 Nov 2024
R303847,T1085009,,107559.0,SKU100051,other,30.4,cash,2025-05-07
R303848,T10003847,,114977.0,SKU100524,other,374.25,card,2024/06/06
R303849,T1153248,,111279.0,SKU100587,damaged,170.92,card,02/22/2025
R303850,T1012640,,105757.0,SKU100143,quality,187.28,card,03/15/2025
R303851,T1186581,2025-05-06,112055.0,SKU100318,damaged,39.15,cash,06/05/2025
R303852,T10003851,,106167.0,SKU100322,damaged,317.88,UPI,25-09-2025 00:00:00
R303853,T1170889,,117402.0,SKU100298,damaged,6.44,cash,2024/04/05
R303854,T1084818,,100994.0,SKU100115,quality,48.92,UPI,08-Jun-2024
R303855,T1119339,,106426.0,SKU100148,quality,7.53,UPI,02-Feb-2024
R303856,T1184477,,,SKU100317,quality,265.81,UPI,2024/03/03
R303857,T1179366,,114793.0,SKU100342,quality,54.39,UPI,21-Feb-2025
R303858,T1160443,,112889.0,SKU100198,quality,241.13,cash,2024/08/01
R303859,T1021206,2025-04-10,100582.0,SKU100193,other,297.7,card,10/04/2025
R303860,T1191051,2025-01-01,107874.0,SKU100372,damaged,278.42,cash,01/01/2025
R303861,T1170128,,109730.0,SKU100326,damaged,15.78,UPI,09 Mar 2024
R303862,T1184511,,117786.0,SKU100177,other,56.78,card,2025/12/20
R303863,T1083689,,108714.0,SKU100206,wrong item,389.53,card,27 Nov 2024
R303864,T1122583,2024-10-07,101646.0,SKU100294,other,218.79,UPI,07/10/2024
R303865,T1086841,2025-06-29,113270.0,SKU100165,other,102.34,card,29/06/2025
R303866,T1077015,,112704.0,SKU100480,wrong item,278.31,card,18-07-2025 00:00:00
R303867,T1119833,2024-01-04,110330.0,SKU100007,damaged,115.66,UPI,04/01/2024
R303868,T1133274,,103845.0,SKU100291,damaged,1.37,cash,2024/08/05
R303869,T1124934,,115810.0,SKU100492,other,247.72,card,24-Aug-2024
R303870,T1171791,,119722.0,SKU100113,other,157.07,cash,2025-12-02
R303871,T10003870,,118025.0,SKU100228,wrong item,283.41,UPI,02 Jun 2024
R303872,T1031413,,111160.0,SKU100214,wrong item,81.69,UPI,18-05-2024 00:00:00
R303873,T1008359,,109590.0,SKU100395,damaged,171.89,UPI,28 May 2024
R303874,T1194395,,112081.0,SKU100151,other,12.57,cash,16 Jun 2025
R303875,T1087902,,105273.0,SKU100551,other,178.47,card,27 Apr 2024
R303876,T1121614,,106919.0,SKU100555,damaged,21.77,UPI,2024-01-30
R303877,T10003876,,103030.0,SKU100532,wrong item,57.38,card,07 Nov 2024
R303878,T1094511,,117433.0,SKU100538,damaged,186.04,cash,2024/03/23
R303879,T10003878,,103439.0,SKU100477,quality,149.67,UPI,2025/02/04
R303880,T1129280,,117976.0,SKU100586,other,10.25,UPI,10-May-2025
R303881,T1020959,,111302.0,SKU100420,wrong item,460.26,cash,2025/03/11
R303882,T1155545,,111449.0,SKU100586,wrong item,170.9,UPI,07/31/2025
R303883,T1071228,,110620.0,SKU100568,other,55.1,UPI,12-May-2024
R303884,T1150993,,101019.0,SKU100588,other,95.74,UPI,27-Dec-2024
R303885,T1113576,2024-06-25,116318.0,SKU100581,wrong item,124.98,UPI,25/06/2024
R303886,T1026399,,106595.0,SKU100138,other,162.85,UPI,2024/10/14
R303887,T1069848,,108531.0,SKU100296,damaged,58.45,UPI,21-Dec-2025
R303888,T1155039,,118216.0,SKU100166,quality,250.39,cash,19-05-2024 00:00:00
R303889,T1066805,,101696.0,SKU100419,damaged,131.18,UPI,20 Apr 2025
R303890,T1160674,,118405.0,SKU100257,other,141.08,cash,29-07-2025 00:00:00
R303891,T1082826,,,SKU100433,other,280.24,cash,07-Nov-2025
R303892,T1042497,,102836.0,SKU100576,damaged,183.75,card,10 Nov 2024
R303893,T10003892,,104472.0,SKU100205,damaged,70.75,card,10 Oct 2025
R303894,T1021647,,100899.0,SKU100097,quality,150.14,UPI,2024/12/06
R303895,T1008288,,119553.0,SKU100517,quality,0.28,cash,01-Feb-2024
R303896,T1086804,,115668.0,SKU100567,other,196.84,card,28-Mar-2024
R303897,T1191971,,105356.0,SKU100377,wrong item,24.69,UPI,2024-11-10
R303898,T1115845,,114009.0,SKU100084,quality,316.81,card,31-12-2024 00:00:00
R303899,T1030478,2025-09-19,110451.0,SKU100033,other,180.49,card,19/09/2025
R303900,T1155425,,117845.0,SKU100013,damaged,6.79,card,17-Sep-2024
R303901,T1199521,,101576.0,SKU100405,other,242.19,UPI,07/18/2025
R303902,T1027601,,111748.0,SKU100295,wrong item,54.16,card,26-08-2025 00:00:00
R303903,T1144033,,103942.0,SKU100130,quality,248.72,card,24-06-2025 00:00:00
R303904,T1193392,,104290.0,SKU100215,quality,248.1,UPI,2025-03-31
R303905,T1170950,,105301.0,SKU100029,other,301.38,UPI,08-Feb-2025
R303906,T1034578,2025-12-01,118736.0,SKU100052,damaged,257.68,UPI,01/12/2025
R303907,T1185527,,119874.0,SKU100496,wrong item,98.26,UPI,2025/06/29
R303908,T10003907,,114736.0,SKU100202,quality,169.4,card,25 Nov 2025
R303909,T1030662,,110475.0,SKU100379,damaged,53.03,cash,2025/11/23
R303910,T10003909,,117229.0,SKU100566,other,77.63,card,2024/02/05
R303911,T1103724,,113893.0,SKU100582,wrong item,151.46,card,2024/09/24
R303912,T1120735,2025-09-02,118343.0,SKU100075,other,48.94,UPI,02/09/2025
R303913,T1144806,,100534.0,SKU100553,other,183.88,UPI,22-12-2025 00:00:00
R303914,T1064285,,108533.0,SKU100076,damaged,174.25,card,10 Apr 2025
R303915,T1141335,,115233.0,SKU100490,damaged,169.9,cash,30 Sep 2025
R303916,T1199040,2024-12-02,115359.0,SKU100145,wrong item,185.57,cash,02/12/2024
R303917,T1194066,,114110.0,SKU100512,damaged,413.4,UPI,14 May 2024
R303918,T1057522,,101843.0,SKU100090,wrong item,49.82,cash,09-Sep-2025
R303919,T1101970,,100887.0,SKU100079,damaged,149.62,card,2024-07-22
R303920,T1023870,,115790.0,SKU100073,quality,191.97,UPI,2024-01-28
R303921,T1053300,,101242.0,SKU100198,other,142.96,cash,06-Aug-2024
R303922,T1048120,,114889.0,SKU100106,damaged,15.02,UPI,06-Jan-2024
R303923,T1146478,,101498.0,SKU100127,damaged,99.71,UPI,12/22/2024
R303924,T1046363,,113237.0,SKU100336,wrong item,235.55,UPI,2024-05-23
R303925,T1042339,2024-02-11,118087.0,SKU100210,other,209.98,cash,11/02/2024
R303926,T1030675,,114348.0,SKU100019,damaged,183.71,card,20-Aug-2024
R303927,T1087561,,105910.0,SKU100438,damaged,23.26,cash,07-01-2025 00:00:00
R303928,T1010967,,104658.0,SKU100184,other,14.94,cash,22 Oct 2024
R303929,T10003928,,114180.0,SKU100093,damaged,251.78,UPI,07/26/2024
R303930,T1079462,,113387.0,SKU100009,quality,8.72,card,2024-05-09
R303931,T1085344,2024-05-27,102770.0,SKU100281,quality,83.62,UPI,27/05/2024
R303932,T1197253,2024-03-05,100188.0,SKU100300,wrong item,192.31,card,05/03/2024
R303933,T1156628,,104071.0,SKU100149,wrong item,43.03,UPI,2024-04-15
R303934,T1099657,,111086.0,SKU100207,other,250.9,UPI,2024-07-11
R303935,T1029846,,119223.0,SKU100471,damaged,2.28,UPI,09-06-2024 00:00:00
R303936,T1109644,,108701.0,SKU100121,quality,128.5,cash,2024-05-27
R303937,T1137492,,112574.0,SKU100496,quality,86.95,card,15-08-2024 00:00:00
R303938,T1109576,,110981.0,SKU100042,quality,263.22,card,01/25/2025
R303939,T1057430,,117684.0,SKU100227,damaged,236.54,UPI,2024-02-01
R303940,T1135945,,114406.0,SKU100136,other,266.74,cash,03-Oct-2024
R303941,T1097659,2025-10-23,106867.0,SKU100005,wrong item,70.55,cash,23/10/2025
R303942,T1069464,,118267.0,SKU100279,quality,271.94,cash,2024-05-17
R303943,T1193315,,108499.0,SKU100364,damaged,309.05,cash,2024-06-26
R303944,T10003943,,116530.0,SKU100058,other,0.08,card,12-Apr-2025
R303945,T1009898,,107876.0,SKU100393,other,76.79,cash,12 Oct 2024
R303946,T1157726,,111495.0,SKU100185,quality,287.11,card,2025-07-02
R303947,T1061371,,103616.0,SKU100023,damaged,66.96,UPI,23 Oct 2024
R303948,T1161210,2025-06-04,119522.0,SKU100365,quality,224.59,UPI,04/06/2025
R303949,T1077951,,102904.0,SKU100205,wrong item,17.03,card,2024-03-23
R303950,T1081545,,119351.0,SKU100151,quality,141.67,cash,2025/10/16
R303951,T1147839,,108572.0,SKU100161,wrong item,204.08,cash,19-Mar-2024
R303952,T1131192,,113531.0,SKU100142,wrong item,46.75,card,03-Apr-2025
R303953,T1009471,,118088.0,SKU100471,quality,110.47,UPI,2024-12-08
R303954,T1057240,,118441.0,SKU100390,other,41.51,UPI,2024-09-13
R303955,T1180433,,115578.0,SKU100242,damaged,236.65,cash,23-03-2024 00:00:00
R303956,T1032133,,118982.0,SKU100596,other,98.74,card,28-11-2024 00:00:00
R303957,T10003956,2025-05-01,107100.0,SKU100024,quality,231.32,card,01/05/2025
R303958,T1046340,,113678.0,SKU100532,other,332.05,cash,05/31/2025
R303959,T1125614,,109561.0,SKU100551,wrong item,268.55,UPI,2025/06/10
R303960,T1194161,2024-08-21,110493.0,SKU100088,other,160.21,UPI,21/08/2024
R303961,T1104087,,116661.0,SKU100110,quality,228.04,UPI,2025/03/02
R303962,T1176307,,110685.0,SKU100112,wrong item,103.89,cash,2025-01-24
R303963,T1159634,,113438.0,SKU100009,wrong item,419.84,cash,2024-08-22
R303964,T1086718,,118699.0,SKU100351,wrong item,192.67,UPI,2024/02/02
R303965,T1118060,,114880.0,SKU100564,wrong item,42.88,card,19-Dec-2024
R303966,T1016734,,101859.0,SKU100175,damaged,214.92,card,2024/05/23
R303967,T1186152,,102354.0,SKU100524,damaged,310.47,card,2025/06/16
R303968,T1152411,,113062.0,SKU100012,quality,285.01,cash,22 Jan 2025
R303969,T1149546,2024-02-21,114134.0,SKU100587,damaged,290.48,UPI,21/02/2024
R303970,T1022795,,113297.0,SKU100417,wrong item,257.97,card,28-04-2024 03:33:56
R303971,T1102198,,117643.0,SKU100336,other,33.58,UPI,23-Sep-2025
R303972,T1193885,,100243.0,SKU100372,other,6.12,cash,04/19/2024
R303973,T1157419,,,SKU100558,other,173.57,cash,07/21/2024
R303974,T1164793,,105943.0,SKU100181,damaged,261.67,card,2025-01-28
R303975,T10003974,,115741.0,SKU100255,wrong item,64.78,card,2024-06-26
R303976,T1050162,,114011.0,SKU100226,wrong item,292.7,UPI,08-10-2024 00:00:00
R303977,T1184196,,101791.0,SKU100460,other,77.29,cash,25 Jan 2024
R303978,T1146718,,114305.0,SKU100056,damaged,2.36,cash,2025-08-12
R303979,T1187181,,104378.0,SKU100486,wrong item,21.82,UPI,2024-03-21
R303980,T1125402,,103921.0,SKU100204,damaged,18.22,UPI,16 May 2025
R303981,T1067037,,107346.0,SKU100441,damaged,99.22,UPI,2024-01-22
R303982,T1001899,,106935.0,SKU100048,wrong item,46.04,UPI,30-05-2024 00:00:00
R303983,T1149999,,114590.0,SKU100562,quality,211.8,cash,06-03-2024 19:43:30
R303984,T1151092,,105703.0,SKU100408,other,172.57,UPI,24-May-2025
R303985,T1081664,,109799.0,SKU100065,damaged,134.3,UPI,01-Oct-2025
R303986,T1150264,,118817.0,SKU100500,other,131.9,cash,31 Aug 2024
R303987,T1175865,,100431.0,SKU100165,damaged,119.76,UPI,24 Apr 2025
R303988,T1081979,,104152.0,SKU100469,damaged,4.0,card,28 Jan 2024
R303989,T1097992,,113026.0,SKU100330,quality,219.04,UPI,04/21/2025
R303990,T1172787,,106087.0,SKU100464,quality,31.14,cash,20-09-2024 00:00:00
R303991,T1111449,,110842.0,SKU100583,other,287.94,cash,14-02-2024 00:00:00
R303992,T1092552,,100487.0,SKU100250,quality,189.03,UPI,22-06-2025 00:00:00
R303993,T1048490,2025-06-05,102286.0,SKU100314,other,265.04,UPI,05/06/2025
R303994,T1117834,,100063.0,SKU100283,damaged,330.92,UPI,2025/06/12
R303995,T1155700,,111326.0,SKU100300,other,294.46,UPI,12 Mar 2025
R303996,T1084137,,109855.0,SKU100132,damaged,189.26,cash,2024/01/10
R303997,T1197511,,111407.0,SKU100448,quality,127.29,cash,13-Sep-2024
R303998,T1141063,2024-07-05,110784.0,SKU100061,quality,9.55,UPI,05/07/2024
R303999,T1068418,,103156.0,SKU100413,quality,92.17,UPI,15-May-2025
R304000,T1152491,,105850.0,SKU100147,damaged,176.31,card,02-03-2024 00:00:00
R304001,T1155745,,106705.0,SKU100233,other,23.82,cash,2025/12/10
R304002,T1039264,,106258.0,SKU100337,wrong item,177.59,cash,2024-02-06
R304003,T1072416,,110573.0,SKU100236,quality,236.26,UPI,09/22/2024
R304004,T1142873,,107071.0,SKU100093,damaged,44.18,card,20-03-2025 00:00:00
R304005,T1059401,,110826.0,SKU100599,damaged,383.62,card,2024-06-05
R304006,T1196894,2024-06-09,117824.0,SKU100198,damaged,172.33,card,09/06/2024
R304007,T1085905,2024-06-05,108206.0,SKU100486,quality,247.05,UPI,05/06/2024
R304008,T10004007,2024-12-27,113264.0,SKU100596,quality,204.05,cash,27/12/2024
R304009,T1117459,,108828.0,SKU100261,damaged,272.72,UPI,2024-06-12
R304010,T1191954,,111498.0,SKU100105,damaged,286.29,UPI,2025/03/13
R304011,T1089935,,102944.0,SKU100042,wrong item,4.24,card,12-06-2025 00:00:00
R304012,T1150966,,118921.0,SKU100393,wrong item,58.67,card,26-Jul-2024
R304013,T1117726,2025-01-12,106739.0,SKU100448,quality,341.8,card,12/01/2025
R304014,T1022457,,107597.0,SKU100013,other,159.0,UPI,15 Nov 2025
R304015,T1063742,2025-02-23,112069.0,SKU100009,quality,216.06,UPI,23/02/2025
R304016,T1188432,,101937.0,SKU100086,quality,231.15,UPI,2024/08/31
R304017,T1056962,2024-03-30,113618.0,SKU100582,other,93.66,cash,30/03/2024
R304018,T1056529,,110281.0,SKU100411,wrong item,141.76,cash,08-Jul-2024
R304019,T1179548,,117074.0,SKU100263,quality,85.89,UPI,07-Jun-2025
R304020,T1044941,,114745.0,SKU100585,wrong item,321.56,UPI,2024/07/16
R304021,T10004020,,100613.0,SKU100556,damaged,121.07,UPI,05/31/2025
R304022,T1084983,,105762.0,SKU100408,quality,193.61,UPI,13-Feb-2024
R304023,T1035938,,109015.0,SKU100551,other,13.8,UPI,12-Sep-2025
R304024,T1173954,,115940.0,SKU100215,damaged,2.76,cash,2024/02/22
R304025,T1086824,,107991.0,SKU100393,damaged,183.97,cash,2024-02-13
R304026,T1130341,,101064.0,SKU100497,damaged,93.37,card,2025-11-11
R304027,T1148546,2024-12-10,112686.0,SKU100453,other,18.41,card,10/12/2024
R304028,T1167461,,113059.0,SKU100191,damaged,33.87,cash,2025/04/07
R304029,T10004028,,119773.0,SKU100406,damaged,70.64,cash,11-02-2025 09:24:09
R304030,T1107884,,109599.0,SKU100301,wrong item,137.27,card,09-Apr-2024
R304031,T1154001,,113855.0,SKU100405,wrong item,415.74,UPI,11-05-2024 00:00:00
R304032,T1006902,,111475.0,SKU100036,quality,88.88,card,01-01-2025 00:00:00
R304033,T1089153,2025-01-31,109287.0,SKU100469,quality,289.96,UPI,31/01/2025
R304034,T1011403,,114259.0,SKU100359,damaged,279.99,UPI,15-Sep-2024
R304035,T1110315,2024-02-26,103129.0,SKU100114,quality,137.71,card,26/02/2024
R304036,T1137287,2025-05-04,109743.0,SKU100514,quality,252.38,card,04/05/2025
R304037,T1101701,2025-05-02,106726.0,SKU100316,damaged,155.48,cash,02/05/2025
R304038,T1096812,,101367.0,SKU100285,quality,220.13,UPI,27-Dec-2024
R304039,T1020674,,115704.0,SKU100037,other,89.33,cash,27-12-2025 00:00:00
R304040,T1018526,,116534.0,SKU100449,quality,57.97,cash,2025-02-14
R304041,T1078625,,118227.0,SKU100168,wrong item,181.15,UPI,2024/07/20
R304042,T1044488,,104823.0,SKU100499,wrong item,237.11,cash,04 Oct 2025
R304043,T1074517,,102241.0,SKU100246,damaged,164.95,cash,04-11-2025 00:00:00
R304044,T1148088,,114080.0,SKU100424,wrong item,132.2,UPI,2025/10/12
R304045,T1157522,2025-08-05,101517.0,SKU100068,wrong item,250.08,UPI,05/08/2025
R304046,T1005041,2024-01-14,110246.0,SKU100581,quality,271.49,UPI,14/01/2024
R304047,T1038943,,103565.0,SKU100157,wrong item,67.13,card,2024-08-08
R304048,T1062421,,107616.0,SKU100203,wrong item,100.97,card,2025/03/28
R304049,T1151394,,111477.0,SKU100245,wrong item,75.77,cash,2025-03-19
R304050,T1136568,,106597.0,SKU100290,other,307.28,card,2024/06/08
R304051,T1133640,,119496.0,SKU100246,other,192.69,cash,2025-07-14
R304052,T1179237,,104657.0,SKU100338,damaged,11.48,cash,30 Mar 2025
R304053,T1143984,,108520.0,SKU100093,quality,50.5,card,2024-09-10
R304054,T1089750,,116088.0,SKU100281,damaged,115.08,cash,19-Jul-2025
R304055,T1158719,2024-02-10,110413.0,SKU100444,quality,271.51,card,10/02/2024
R304056,T1081797,,115979.0,SKU100029,damaged,100.1,cash,15-02-2025 00:00:00
R304057,T10004056,,117225.0,SKU100195,damaged,236.11,UPI,2024-10-22
R304058,T1026188,2024-12-03,106711.0,SKU100008,other,260.28,cash,03/12/2024
R304059,T1053607,,104985.0,SKU100079,wrong item,212.06,card,2024/09/18
R304060,T1072983,2024-07-02,107815.0,SKU100157,quality,333.18,cash,02/07/2024
R304061,T1134280,,110635.0,SKU100008,damaged,123.52,card,02/14/2025
R304062,T1187284,,113927.0,SKU100386,other,296.99,card,2025-04-18
R304063,T1199109,,117222.0,SKU100556,damaged,251.65,cash,2024/05/03
R304064,T1088918,,104803.0,SKU100598,wrong item,306.51,UPI,24-Mar-2025
R304065,T1152515,2024-03-05,111567.0,SKU100189,damaged,54.37,card,05/03/2024
R304066,T1111800,,117501.0,SKU100429,other,88.02,UPI,10-10-2025 05:17:24
R304067,T1170575,,113661.0,SKU100346,other,176.34,UPI,03/25/2025
R304068,T1141413,,106240.0,SKU100170,quality,208.27,card,12/18/2024
R304069,T1103563,,112783.0,SKU100156,damaged,192.79,UPI,2025/05/13
R304070,T1159758,,100393.0,SKU100287,damaged,114.04,cash,17-Feb-2025
R304071,T1019663,,107197.0,SKU100056,other,83.66,cash,06/20/2024
R304072,T1133371,,117739.0,SKU100251,other,224.23,cash,2024/01/21
R304073,T1199230,,103181.0,SKU100329,damaged,401.44,UPI,2025/02/04
R304074,T1019072,,110794.0,SKU100563,quality,33.43,UPI,06-10-2024 17:11:46
R304075,T1105111,,103584.0,SKU100256,damaged,151.13,cash,10-Oct-2024
R304076,T1020530,,101598.0,SKU100454,wrong item,110.64,UPI,10/22/2024
R304077,T1191096,,102247.0,SKU100290,wrong item,289.12,card,04/15/2024
R304078,T1117794,,100137.0,SKU100537,quality,90.58,card,06-01-2024 18:25:37
R304079,T1183557,,110271.0,SKU100300,other,287.33,card,28 Mar 2025
R304080,T1179775,,112402.0,SKU100485,other,142.01,UPI,2025/09/27
R304081,T1063434,,107801.0,SKU100016,wrong item,149.18,UPI,14 Feb 2025
R304082,T1173551,,101817.0,SKU100164,damaged,160.85,UPI,30-04-2024 00:00:00
R304083,T1140225,2025-12-06,118083.0,SKU100340,other,221.8,cash,06/12/2025
R304084,T1171566,,108451.0,SKU100415,other,24.23,card,21 Jan 2025
R304085,T1045261,,102135.0,SKU100024,wrong item,53.16,card,14-05-2025 22:18:02
R304086,T1010463,,111589.0,SKU100005,damaged,133.72,cash,04 Oct 2024
R304087,T1132365,,117623.0,SKU100198,other,27.59,card,2024-04-02
R304088,T1071943,,110132.0,SKU100166,wrong item,174.47,card,21 Feb 2024
R304089,T10004088,,117851.0,SKU100280,wrong item,178.43,card,10-Mar-2025
R304090,T1098382,,107891.0,SKU100143,wrong item,258.65,UPI,22-Aug-2025
R304091,T1101657,,100710.0,SKU100265,other,2.77,card,29-Apr-2025
R304092,T1082971,,112094.0,SKU100359,damaged,59.13,UPI,09 Apr 2024
R304093,T1185551,,110264.0,SKU100532,damaged,258.36,UPI,07-07-2024 00:00:00
R304094,T1066641,,115503.0,SKU100401,damaged,241.81,UPI,2025/09/06
R304095,T1076285,,110917.0,SKU100323,wrong item,195.97,cash,2024/10/12
R304096,T1115327,,108152.0,SKU100060,other,85.17,cash,2025/03/09
R304097,T1137498,2025-07-28,112437.0,SKU100424,damaged,121.83,card,28/07/2025
R304098,T1154151,,117895.0,SKU100576,damaged,123.45,cash,02-07-2025 00:00:00
R304099,T1073831,,117722.0,SKU100199,quality,197.46,cash,2024-10-24
R304100,T1178671,,,SKU100049,damaged,326.3,cash,2025-01-04
R304101,T1142159,,101497.0,SKU100512,other,495.15,UPI,2024/06/06
R304102,T1119297,,114412.0,SKU100184,damaged,272.89,UPI,2024-06-12
R304103,T1019044,,114658.0,SKU100544,damaged,190.62,UPI,2024-09-21
R304104,T1122218,,109858.0,SKU100121,quality,108.44,UPI,15 Dec 2025
R304105,T1013653,,105048.0,SKU100304,damaged,206.56,cash,27 Nov 2024
R304106,T1094834,,100905.0,SKU100219,other,103.81,UPI,2024-07-22
R304107,T1092691,,103701.0,SKU100106,damaged,148.92,UPI,18 Mar 2024
R304108,T1129720,2025-02-16,107611.0,SKU100095,damaged,209.27,cash,16/02/2025
R304109,T1054375,,108836.0,SKU100061,quality,242.2,cash,18-Mar-2024
R304110,T1019153,,109958.0,SKU100506,other,209.88,card,2024-06-20
R304111,T1021593,,100752.0,SKU100572,wrong item,319.13,card,2024/08/20
R304112,T1102718,,101977.0,SKU100449,damaged,170.11,UPI,10/28/2025
R304113,T1144189,,109867.0,SKU100472,damaged,222.26,card,05 Jun 2025
R304114,T1153258,,112718.0,SKU100053,other,16.46,cash,05/25/2024
R304115,T1134615,,102214.0,SKU100561,wrong item,189.86,cash,05-09-2025 00:00:00
R304116,T1025220,,119197.0,SKU100528,damaged,32.65,card,18-01-2025 00:00:00
R304117,T1054926,,111887.0,SKU100210,damaged,231.49,cash,2024/05/22
R304118,T1003121,,118622.0,SKU100598,damaged,44.07,card,16-06-2024 00:00:00
R304119,T1032796,,104115.0,SKU100216,other,159.18,card,11-07-2024 00:00:00
R304120,T1198008,,100394.0,SKU100232,other,139.34,UPI,28-01-2025 00:00:00
R304121,T1125806,,103689.0,SKU100310,quality,145.01,UPI,07 Sep 2025
R304122,T1140110,,103587.0,SKU100063,other,49.93,UPI,03/31/2025
R304123,T1192156,,115630.0,SKU100020,wrong item,204.44,card,16-Jun-2025
R304124,T1181641,,119880.0,SKU100135,damaged,104.46,cash,11/15/2024
R304125,T10004124,,107690.0,SKU100023,damaged,16.91,UPI,2025/05/22
R304126,T1023073,,116190.0,SKU100307,other,67.28,card,2024/12/22
R304127,T10004126,2024-02-08,101706.0,SKU100589,damaged,121.56,card,08/02/2024
R304128,T1154181,,103302.0,SKU100502,quality,235.59,cash,18-07-2025 00:00:00
R304129,T10004128,,115500.0,SKU100285,damaged,238.89,cash,2024-12-29
R304130,T1188948,,110826.0,SKU100078,damaged,26.59,card,2025-01-02
R304131,T1056169,,118011.0,SKU100096,wrong item,91.95,card,2025-05-18
R304132,T1130858,,102572.0,SKU100148,damaged,112.32,UPI,2025/06/21
R304133,T1196970,,113825.0,SKU100428,other,135.5,card,02-Sep-2024
R304134,T1007883,,103326.0,SKU100476,quality,6.96,card,2024-07-03
R304135,T1099934,2025-04-22,118287.0,SKU100428,wrong item,21.76,card,22/04/2025
R304136,T1042906,,109345.0,SKU100577,other,198.3,card,2024/08/06
R304137,T1050138,2024-11-19,111974.0,SKU100354,other,167.25,UPI,19/11/2024
R304138,T1106876,,106361.0,SKU100560,quality,273.27,UPI,22-06-2025 07:44:18
R304139,T1138554,,111387.0,SKU100354,quality,125.09,cash,14 Sep 2024
R304140,T1154821,,103135.0,SKU100462,wrong item,201.07,UPI,2025-03-06
R304141,T1030957,,110875.0,SKU100467,other,3.57,card,19-May-2024
R304142,T1026409,,115944.0,SKU100332,quality,232.79,UPI,26 Feb 2024
R304143,T1176427,,113678.0,SKU100239,damaged,274.7,cash,2024-11-20
R304144,T1066965,,100124.0,SKU100363,wrong item,195.43,UPI,2024-04-12
R304145,T1056540,,114448.0,SKU100385,damaged,279.44,cash,02-Dec-2025
R304146,T1143029,,118697.0,SKU100352,other,96.7,cash,11/25/2024
R304147,T1075950,,108461.0,SKU100249,wrong item,89.03,UPI,04/20/2024
R304148,T1193363,,109984.0,SKU100031,quality,71.99,card,07 Dec 2024
R304149,T1124507,,115957.0,SKU100484,damaged,73.23,card,22-09-2025 00:00:00
R304150,T1099390,,117166.0,SKU100138,quality,109.27,card,03-Aug-2024
R304151,T1194953,,111098.0,SKU100175,damaged,194.33,card,2024/10/17
R304152,T1177335,2025-10-31,108845.0,SKU100500,damaged,141.76,card,31/10/2025
R304153,T1198126,,107544.0,SKU100065,quality,4.92,UPI,2024-10-09
R304154,T1041161,,119044.0,SKU100238,damaged,204.12,UPI,13-11-2025 00:00:00
R304155,T1039335,,116320.0,SKU100042,wrong item,219.9,cash,31-12-2024 00:00:00
R304156,T1060931,,104248.0,SKU100184,damaged,147.12,card,2025-02-08
R304157,T1194076,,100106.0,SKU100120,wrong item,284.12,card,2024/06/17
R304158,T1197596,,109027.0,SKU100431,other,188.05,UPI,2025-01-23
R304159,T1019357,,108960.0,SKU100405,quality,28.9,card,2024/02/05
R304160,T1064265,,107294.0,SKU100513,wrong item,154.43,cash,09-05-2025 00:00:00
R304161,T1071795,,104572.0,SKU100324,quality,184.98,cash,2025-07-12
R304162,T10004161,,113531.0,SKU100396,wrong item,236.2,cash,06-Sep-2024
R304163,T1147981,2025-03-08,107755.0,SKU100029,damaged,156.8,cash,08/03/2025
R304164,T1096020,,116280.0,SKU100039,wrong item,178.08,cash,30-Sep-2024
R304165,T1108281,,108850.0,SKU100300,wrong item,48.74,UPI,2025-08-17
R304166,T1014601,,101765.0,SKU100172,quality,120.37,UPI,17-Mar-2024
R304167,T1095793,,104229.0,SKU100234,damaged,77.76,UPI,22-02-2025 00:00:00
R304168,T1050552,,109054.0,SKU100585,wrong item,215.44,card,27-Jan-2025
R304169,T1007237,2024-10-14,111432.0,SKU100499,wrong item,206.0,card,14/10/2024
R304170,T1018538,,112371.0,SKU100436,wrong item,127.23,cash,26-Feb-2025
R304171,T1012765,,118457.0,SKU100502,damaged,302.71,card,2025-08-05
R304172,T1093508,,101138.0,SKU100550,other,113.34,card,12/21/2025
R304173,T1131807,,119538.0,SKU100534,quality,384.67,cash,2024-06-10
R304174,T1167333,,101250.0,SKU100178,other,90.39,cash,2024/11/19
R304175,T1180494,,107734.0,SKU100205,wrong item,96.06,card,2025-03-25
R304176,T1014916,,100630.0,SKU100180,quality,153.29,card,06/16/2024
R304177,T1056494,,108277.0,SKU100015,damaged,326.09,card,03-Apr-2024
R304178,T1133045,,107892.0,SKU100157,other,157.06,cash,2024-08-08
R304179,T1153928,2025-06-11,111143.0,SKU100230,other,303.24,UPI,11/06/2025
R304180,T1121902,,119347.0,SKU100350,wrong item,131.87,card,23-01-2025 00:00:00
R304181,T1120438,,100349.0,SKU100101,other,197.17,UPI,2025/01/31
R304182,T1137845,2025-05-23,103224.0,SKU100203,wrong item,238.99,cash,23/05/2025
R304183,T1185037,,119254.0,SKU100245,damaged,191.69,UPI,07/25/2024
R304184,T1192690,,102129.0,SKU100591,wrong item,49.12,card,06-06-2024 12:12:20
R304185,T1035481,,103390.0,SKU100400,wrong item,177.62,card,25 Nov 2024
R304186,T1091765,,109024.0,SKU100588,damaged,108.87,card,2025-02-26
R304187,T1017200,2024-02-21,103510.0,SKU100232,quality,269.98,card,21/02/2024
R304188,T1009245,,104734.0,SKU100148,other,56.45,UPI,28-02-2024 00:00:00
R304189,T1061005,,114253.0,SKU100089,quality,188.5,UPI,04/30/2024
R304190,T10004189,,116340.0,SKU100359,wrong item,158.86,card,2024/12/23
R304191,T10004190,,104047.0,SKU100242,wrong item,166.32,cash,2025-06-30
R304192,T1189640,,105382.0,SKU100471,damaged,97.21,UPI,06-02-2024 00:00:00
R304193,T1161654,2024-01-02,109750.0,SKU100340,quality,61.68,cash,02/01/2024
R304194,T1011210,,119198.0,SKU100223,wrong item,138.05,cash,2024/05/21
R304195,T1003925,2025-08-29,119235.0,SKU100520,other,140.16,UPI,29/08/2025
R304196,T1028279,,117255.0,SKU100213,damaged,184.69,cash,2025/07/06
R304197,T1126377,,106662.0,SKU100026,other,138.18,UPI,07/25/2024
R304198,T1110142,,112020.0,SKU100192,damaged,155.57,card,11/24/2024
R304199,T1064773,,103022.0,SKU100089,quality,146.79,cash,13-Jan-2025
R304200,T1044463,,104459.0,SKU100496,damaged,81.62,UPI,10 Apr 2025
R304201,T1191171,,117028.0,SKU100338,damaged,100.24,card,10 Nov 2024
R304202,T1137126,,118361.0,SKU100197,damaged,174.55,cash,23-Oct-2025
R304203,T1196811,,114515.0,SKU100252,damaged,252.68,card,2025-06-26
R304204,T1179145,,109121.0,SKU100158,other,212.5,card,2025/12/01
R304205,T1177259,2025-05-03,103795.0,SKU100249,other,122.79,UPI,03/05/2025
R304206,T10004205,,105442.0,SKU100132,other,328.33,card,18 Sep 2025
R304207,T1036827,2025-07-25,119517.0,SKU100007,damaged,149.51,card,25/07/2025
R304208,T1174459,,115901.0,SKU100091,wrong item,12.12,UPI,2025/11/21
R304209,T1002797,,111257.0,SKU100325,wrong item,269.92,card,2025/11/30
R304210,T1005394,,115087.0,SKU100570,other,162.88,UPI,2025/10/05
R304211,T1181962,,109286.0,SKU100457,damaged,25.53,cash,2025/02/14
R304212,T1147997,,106955.0,SKU100210,other,159.07,UPI,01 Jan 2024
R304213,T1074213,,103003.0,SKU100529,wrong item,74.52,UPI,07 Apr 2025
R304214,T1118448,,116650.0,SKU100425,damaged,329.45,cash,07-Oct-2025
R304215,T1094384,,106583.0,SKU100093,quality,85.01,card,2025/12/01
R304216,T1028093,,101387.0,SKU100507,quality,358.34,cash,08-Jun-2025
R304217,T1078210,,115362.0,SKU100355,wrong item,90.9,card,01 Sep 2025
R304218,T1134543,,111464.0,SKU100525,wrong item,127.26,card,19-11-2024 00:00:00
R304219,T1188926,,101210.0,SKU100116,wrong item,170.85,cash,06-Jul-2025
R304220,T1198558,,114969.0,SKU100443,other,209.16,UPI,2025/03/30
R304221,T1053248,,119031.0,SKU100470,wrong item,131.48,UPI,01-Apr-2024
R304222,T1112230,,113279.0,SKU100186,other,242.77,UPI,02 Dec 2025
R304223,T1049429,,108292.0,SKU100133,wrong item,124.82,cash,2024/04/19
R304224,T1085915,2024-11-03,112790.0,SKU100532,wrong item,172.99,UPI,03/11/2024
R304225,T1042045,2024-10-10,109629.0,SKU100436,wrong item,119.33,card,10/10/2024
R304226,T1154758,2024-12-12,107700.0,SKU100193,wrong item,180.92,card,12/12/2024
R304227,T1177769,,103644.0,SKU100573,wrong item,63.77,cash,12 Sep 2024
R304228,T1174258,,105030.0,SKU100109,quality,84.88,cash,2024-02-17
R304229,T1131801,,117079.0,SKU100572,quality,85.28,cash,08/29/2025
R304230,T1057582,,110808.0,SKU100173,quality,187.3,UPI,16-01-2024 00:00:00
R304231,T1127511,,104149.0,SKU100431,damaged,176.39,cash,23-10-2024 00:00:00
R304232,T1082953,,111272.0,SKU100281,other,275.13,card,09 Mar 2024
R304233,T1165742,,110694.0,SKU100019,wrong item,76.15,cash,2024/05/28
R304234,T1043850,,118716.0,SKU100162,quality,137.63,UPI,2024-03-21
R304235,T1181402,,109447.0,SKU100169,quality,249.1,card,05/21/2025
R304236,T1071239,,119916.0,SKU100569,other,22.73,UPI,2025-06-22
R304237,T10004236,,109795.0,SKU100382,quality,118.65,card,22-Sep-2024
R304238,T1109038,,103291.0,SKU100186,damaged,175.87,UPI,07/13/2024
R304239,T1076248,,100416.0,SKU100053,quality,310.9,card,2025-06-21
R304240,T1016683,,101262.0,SKU100153,wrong item,273.24,cash,2025/07/25
R304241,T1084059,,105816.0,SKU100463,quality,182.83,UPI,2025-07-30
R304242,T1018373,,107923.0,SKU100186,wrong item,63.84,card,2025/09/08
R304243,T1068716,2025-02-07,106472.0,SKU100253,other,40.33,UPI,07/02/2025
R304244,T1146365,,103695.0,SKU100466,quality,72.0,UPI,2024-09-17
R304245,T1005434,,100736.0,SKU100352,damaged,26.32,cash,2025/12/15
R304246,T1002681,,104759.0,SKU100472,quality,14.62,card,2024-06-06
R304247,T1090918,2024-08-08,116299.0,SKU100017,quality,369.38,UPI,08/08/2024
R304248,T1014535,,117744.0,SKU100409,damaged,87.53,cash,29 Sep 2024
R304249,T1158472,,119710.0,SKU100020,wrong item,165.4,cash,23 Oct 2025
R304250,T1061025,,113782.0,SKU100497,wrong item,149.46,card,30-Nov-2024
R304251,T1148862,,100929.0,SKU100137,wrong item,145.51,UPI,22-Sep-2025
R304252,T1003815,,118099.0,SKU100373,damaged,100.62,cash,17-12-2024 00:00:00
R304253,T1094955,,104071.0,SKU100237,quality,169.3,cash,2024/03/25
R304254,T1037185,,113770.0,SKU100123,other,177.21,card,23 Mar 2025
R304255,T1153081,2024-09-02,116092.0,SKU100221,damaged,21.96,UPI,02/09/2024
R304256,T1043980,,119144.0,SKU100446,damaged,228.16,card,29-04-2025 00:00:00
R304257,T1146066,,107466.0,SKU100114,damaged,251.27,card,15-Sep-2024
R304258,T10004257,,118908.0,SKU100246,other,50.17,UPI,10 Mar 2024
R304259,T1052486,,113521.0,SKU100448,wrong item,249.0,cash,12/13/2024
R304260,T1138865,2024-12-22,109529.0,SKU100484,quality,100.78,card,22/12/2024
R304261,T1116051,,107887.0,SKU100477,other,304.8,UPI,2025-06-04
R304262,T1018077,,110572.0,SKU100175,quality,291.95,card,2024-03-13
R304263,T1171261,2025-01-22,117842.0,SKU100333,other,233.73,UPI,22/01/2025
R304264,T1146890,,104099.0,SKU100294,quality,150.6,UPI,2024-06-28
R304265,T1027999,,115892.0,SKU100509,other,229.73,UPI,04-03-2025 19:04:15
R304266,T1117339,2025-08-09,118203.0,SKU100377,wrong item,136.89,card,09/08/2025
R304267,T1045523,,117556.0,SKU100135,other,50.55,card,2025-02-20
R304268,T1169377,,110779.0,SKU100309,quality,134.39,card,07 Feb 2025
R304269,T1016200,,103742.0,SKU100301,wrong item,110.31,card,07/18/2025
R304270,T1003644,,111196.0,SKU100568,wrong item,264.27,UPI,2024-09-10
R304271,T1156151,,100094.0,SKU100577,damaged,37.64,UPI,11 Sep 2025
R304272,T1062277,,103898.0,SKU100431,other,273.37,cash,02 Jun 2024
R304273,T1134259,2025-07-13,116810.0,SKU100580,other,200.47,cash,13/07/2025
R304274,T1033568,,113153.0,SKU100353,quality,78.62,card,2025/07/13
R304275,T1109672,,101298.0,SKU100511,wrong item,117.47,cash,14-01-2025 00:00:00
R304276,T1124046,,102149.0,SKU100003,quality,86.66,UPI,31-12-2024 00:00:00
R304277,T1039166,2024-10-20,110039.0,SKU100007,other,146.65,UPI,20/10/2024
R304278,T10004277,,119382.0,SKU100016,wrong item,145.73,UPI,2024/03/15
R304279,T1006803,,106226.0,SKU100187,wrong item,194.62,UPI,13 Mar 2025
R304280,T1087972,,104624.0,SKU100441,damaged,26.35,UPI,07-05-2024 00:00:00
R304281,T1169562,,106321.0,SKU100353,other,144.12,UPI,07-08-2024 00:00:00
R304282,T1040487,,102552.0,SKU100511,quality,184.88,card,10 May 2024
R304283,T1092896,,111050.0,SKU100271,damaged,9.99,cash,18-08-2024 00:00:00
R304284,T1045451,,102662.0,SKU100330,wrong item,84.31,card,2025/03/20
R304285,T1156097,,116726.0,SKU100212,quality,170.33,card,2024/02/07
R304286,T1134654,,118628.0,SKU100218,quality,287.63,card,27-Oct-2024
R304287,T1054155,,102833.0,SKU100546,damaged,126.77,UPI,31 Mar 2024
R304288,T1133422,2025-04-11,109030.0,SKU100247,damaged,26.31,cash,11/04/2025
R304289,T1052539,2024-01-12,115928.0,SKU100432,other,38.23,cash,12/01/2024
R304290,T1048919,,115373.0,SKU100225,wrong item,76.65,cash,07-03-2024 00:00:00
R304291,T1197258,,102198.0,SKU100119,other,269.07,card,09 Mar 2024
R304292,T1057679,,118802.0,SKU100222,other,50.46,cash,2024/10/12
R304293,T1108657,,118863.0,SKU100143,quality,483.6,cash,2024/05/03
R304294,T1066393,2025-06-22,118589.0,SKU100279,other,102.42,UPI,22/06/2025
R304295,T1035608,,116993.0,SKU100489,wrong item,187.98,cash,12-Jul-2024
R304296,T1053195,,100789.0,SKU100021,other,17.8,cash,25-Jan-2024
R304297,T1124393,,102418.0,SKU100379,other,122.56,UPI,10 Jan 2024
R304298,T1144078,,105590.0,SKU100544,other,354.13,UPI,2024/09/08
R304299,T1057890,2025-09-01,111285.0,SKU100480,other,279.27,card,01/09/2025
R304300,T1024501,,114901.0,SKU100547,quality,33.38,card,2024-10-19
R304301,T1129159,,115621.0,SKU100045,damaged,171.23,cash,11/25/2024
R304302,T1005077,,118436.0,SKU100208,wrong item,56.95,UPI,16-Feb-2025
R304303,T1028219,,101042.0,SKU100431,quality,102.74,card,08 Apr 2024
R304304,T1188858,2024-05-06,101374.0,SKU100142,damaged,265.36,cash,06/05/2024
R304305,T1188893,,110716.0,SKU100287,quality,62.08,cash,2025/05/30
R304306,T1071963,,104918.0,SKU100173,other,91.25,UPI,19-Jan-2024
R304307,T1173269,,104026.0,SKU100532,damaged,60.15,card,24-Nov-2025
R304308,T1143295,,110371.0,SKU100400,damaged,159.22,UPI,2025/08/24
R304309,T1169035,,102455.0,SKU100488,quality,260.16,card,16 Mar 2025
R304310,T1011111,,119975.0,SKU100106,other,163.2,UPI,09-05-2025 00:00:00
R304311,T1191297,,104621.0,SKU100155,quality,192.95,cash,2024-06-23
R304312,T1194765,,108110.0,SKU100161,quality,57.96,UPI,2025/08/31
R304313,T1040028,,110051.0,SKU100409,damaged,22.88,cash,17 Jun 2024
R304314,T1134882,,110443.0,SKU100440,other,163.31,UPI,2025/10/14
R304315,T1090814,2025-05-06,108312.0,SKU100358,wrong item,277.22,card,06/05/2025
R304316,T1172102,,117922.0,SKU100432,damaged,238.3,cash,04/28/2024
R304317,T1170886,,111795.0,SKU100468,damaged,333.65,card,07 Aug 2024
R304318,T1048003,,117172.0,SKU100027,other,125.17,card,06-Nov-2025
R304319,T1151713,2024-12-01,101335.0,SKU100119,damaged,50.6,UPI,01/12/2024
R304320,T1121234,,101891.0,SKU100210,other,192.07,cash,2025-08-17
R304321,T1058185,,105282.0,SKU100457,damaged,52.56,card,02/26/2024
R304322,T1103488,,,SKU100452,wrong item,153.81,card,2024-12-30
R304323,T1008654,,100401.0,SKU100497,other,251.11,UPI,2025/08/22
R304324,T1171847,2024-11-02,108200.0,SKU100086,damaged,149.75,card,02/11/2024
R304325,T1026112,,107059.0,SKU100515,quality,224.99,card,12/25/2024
R304326,T1070177,,115446.0,SKU100387,wrong item,71.51,UPI,08/29/2025
R304327,T1195338,,114114.0,SKU100294,wrong item,233.17,cash,26-Mar-2024
R304328,T1192793,,107172.0,SKU100569,damaged,140.83,UPI,2025/03/02
R304329,T1165748,2024-07-22,118506.0,SKU100169,quality,217.85,card,22/07/2024
R304330,T1156234,,119450.0,SKU100383,other,158.76,cash,2025-09-17
R304331,T1104231,,117865.0,SKU100347,wrong item,133.41,card,04 Sep 2024
R304332,T1111449,,106563.0,SKU100111,wrong item,226.58,cash,2025-02-21
R304333,T1158446,2025-08-10,108134.0,SKU100531,wrong item,20.49,card,10/08/2025
R304334,T1100861,,104244.0,SKU100033,wrong item,153.16,UPI,2024-07-17
R304335,T1042149,,109194.0,SKU100077,wrong item,122.25,UPI,2024/06/18
R304336,T1183772,,114412.0,SKU100397,other,143.33,UPI,2025/07/29
R304337,T10004336,,101694.0,SKU100011,other,59.77,UPI,2025/11/02
R304338,T1124557,,119465.0,SKU100119,damaged,204.91,card,2025/12/31
R304339,T1116953,,100114.0,SKU100315,other,282.75,cash,2025-07-27
R304340,T1061110,,116250.0,SKU100092,damaged,436.03,card,25 Oct 2025
R304341,T10004340,,119121.0,SKU100147,damaged,321.46,card,05-Feb-2025
R304342,T1002550,2025-04-21,101603.0,SKU100012,wrong item,71.62,card,21/04/2025
R304343,T1086626,2024-09-15,,SKU100122,wrong item,285.23,UPI,15/09/2024
R304344,T1005445,2025-02-11,105486.0,SKU100347,damaged,153.67,card,11/02/2025
R304345,T1133241,,103320.0,SKU100296,damaged,39.86,card,2025/08/12
R304346,T1161505,,100761.0,SKU100549,wrong item,251.42,UPI,29-Oct-2024
R304347,T1191970,2025-11-23,109709.0,SKU100007,quality,197.74,UPI,23/11/2025
R304348,T1155527,,109986.0,SKU100592,quality,188.72,card,07-Sep-2025
R304349,T1092285,,101661.0,SKU100397,damaged,49.31,card,23 May 2024
R304350,T1146005,,115800.0,SKU100185,other,61.14,cash,2024/04/25
R304351,T1091785,,109007.0,SKU100362,wrong item,126.51,cash,25-Jul-2025
R304352,T1004166,,106086.0,SKU100405,damaged,77.62,card,2025-01-15
R304353,T1197359,,118425.0,SKU100190,other,123.55,card,01 Jun 2025
R304354,T1181526,,106948.0,SKU100046,other,108.99,card,06 Jun 2024
R304355,T1005449,,113356.0,SKU100172,other,111.22,UPI,18-12-2025 00:00:00
R304356,T10004355,,109110.0,SKU100444,quality,204.81,card,29-Mar-2024
R304357,T1015011,,103167.0,SKU100104,quality,68.5,UPI,2024-01-06
R304358,T1042020,,102105.0,SKU100063,wrong item,239.43,cash,2025/05/30
R304359,T1077763,2024-06-16,117744.0,SKU100319,other,170.37,cash,16/06/2024
R304360,T1139011,,117785.0,SKU100431,damaged,238.39,card,2024/01/09
R304361,T1198487,,104121.0,SKU100085,damaged,196.0,UPI,2024/09/13
R304362,T1132924,,118141.0,SKU100454,other,144.11,UPI,06/19/2025
R304363,T1097281,,110196.0,SKU100142,damaged,16.77,UPI,05-Dec-2025
R304364,T1121523,,101247.0,SKU100497,quality,46.65,cash,09-Mar-2025
R304365,T1022699,,108221.0,SKU100552,wrong item,169.58,card,24 Jan 2024
R304366,T1063375,,112325.0,SKU100052,quality,53.52,cash,24-Jun-2024
R304367,T1025675,,106181.0,SKU100430,quality,120.34,UPI,12-08-2024 00:23:33
R304368,T1186640,,103010.0,SKU100548,wrong item,222.44,cash,08/22/2024
R304369,T1125835,,119047.0,SKU100014,other,298.01,UPI,04-Apr-2024
R304370,T1163419,2024-06-02,109050.0,SKU100338,other,24.24,cash,02/06/2024
R304371,T1181173,,112515.0,SKU100201,quality,190.52,card,05-Feb-2025
R304372,T1157967,,,SKU100297,damaged,264.61,cash,16-Nov-2025
R304373,T1150807,,115515.0,SKU100359,other,71.71,card,30 Dec 2024
R304374,T1145006,,102075.0,SKU100093,quality,176.77,UPI,2025/10/03
R304375,T1094972,,116334.0,SKU100060,quality,77.96,card,12/21/2025
R304376,T1034820,,104346.0,SKU100546,quality,305.61,cash,2025/10/05
R304377,T1102541,2025-06-10,108237.0,SKU100266,other,245.54,UPI,10/06/2025
R304378,T1059234,,119397.0,SKU100426,wrong item,222.14,card,08-02-2024 00:00:00
R304379,T1065082,,100261.0,SKU100474,other,20.22,cash,20-07-2025 00:00:00
R304380,T1194866,,115024.0,SKU100372,damaged,115.87,UPI,01/16/2025
R304381,T1190079,,105955.0,SKU100516,quality,60.36,UPI,08/24/2024
R304382,T1161816,,112206.0,SKU100388,damaged,256.09,UPI,2024-11-07
R304383,T1029601,,100332.0,SKU100313,damaged,182.53,card,02-06-2024 00:00:00
R304384,T1004343,,106990.0,SKU100539,damaged,292.81,UPI,16-Dec-2025
R304385,T1080335,,105867.0,SKU100538,other,331.25,UPI,30-Jun-2025
R304386,T1118898,,107646.0,SKU100447,damaged,291.36,cash,06/24/2025
R304387,T1198679,2024-11-08,115775.0,SKU100377,quality,258.82,cash,08/11/2024
R304388,T1070176,,115620.0,SKU100401,quality,277.31,card,02-04-2024 00:00:00
R304389,T1122144,2024-12-14,111900.0,SKU100177,damaged,179.26,card,14/12/2024
R304390,T1057236,,117755.0,SKU100387,quality,90.13,card,22 Jul 2024
R304391,T1005348,,103061.0,SKU100477,damaged,364.64,card,2025/07/18
R304392,T1030844,,111014.0,SKU100154,other,63.64,cash,18 Mar 2025
R304393,T1044399,2025-08-26,111799.0,SKU100575,wrong item,159.15,UPI,26/08/2025
R304394,T1066327,,117182.0,SKU100320,quality,166.18,UPI,2025-10-11
R304395,T1114383,,108290.0,SKU100324,other,212.25,card,2025-09-30
R304396,T1001358,,109183.0,SKU100109,other,108.13,UPI,2024-10-30
R304397,T1065419,,111722.0,SKU100072,other,243.84,card,2024-10-06
R304398,T1194523,,106030.0,SKU100582,quality,74.61,UPI,15-Aug-2025
R304399,T1085023,,103480.0,SKU100037,damaged,420.71,UPI,2025/03/12
R304400,T1173451,,113885.0,SKU100305,wrong item,181.85,cash,12-10-2025 00:00:00
R304401,T1052477,2025-12-11,115973.0,SKU100323,wrong item,123.4,UPI,11/12/2025
R304402,T1199466,,117026.0,SKU100581,wrong item,145.34,UPI,2025-03-15
R304403,T1108829,,104290.0,SKU100032,quality,315.29,cash,23-Jul-2024
R304404,T10004403,,109643.0,SKU100008,wrong item,143.09,UPI,2025/10/25
R304405,T1092499,2024-07-09,102532.0,SKU100321,other,84.72,cash,09/07/2024
R304406,T1128135,,107607.0,SKU100217,quality,89.16,UPI,28-01-2024 19:49:51
R304407,T1071016,,108988.0,SKU100275,wrong item,130.32,card,10 Feb 2024
R304408,T1003920,,109981.0,SKU100425,damaged,118.63,card,2025/07/14
R304409,T10004408,,104766.0,SKU100076,other,85.22,UPI,10/16/2025
R304410,T1195941,2025-09-01,117301.0,SKU100147,wrong item,387.43,card,01/09/2025
R304411,T1127408,,118508.0,SKU100498,wrong item,151.71,card,03-Jan-2025
R304412,T1042736,,107423.0,SKU100152,wrong item,284.65,card,22-09-2025 00:00:00
R304413,T1003594,,115457.0,SKU100325,quality,97.33,card,10 May 2025
R304414,T1010754,,112951.0,SKU100597,wrong item,75.6,UPI,05/13/2025
R304415,T1076114,,100410.0,SKU100241,wrong item,216.68,UPI,06-10-2024 00:00:00
R304416,T1071113,2024-10-11,113001.0,SKU100360,damaged,215.31,cash,11/10/2024
R304417,T1171380,,104467.0,SKU100015,wrong item,97.69,cash,19-Jul-2025
R304418,T1126084,,109074.0,SKU100237,damaged,249.23,cash,09 Feb 2024
R304419,T1041285,,108762.0,SKU100037,quality,24.42,UPI,2025-03-12
R304420,T1010109,,106963.0,SKU100279,damaged,223.59,card,15-Oct-2024
R304421,T1138046,,117780.0,SKU100532,quality,140.77,UPI,31-07-2024 02:47:33
R304422,T1076474,,102827.0,SKU100409,damaged,78.0,cash,2024-01-10
R304423,T1068525,,118805.0,SKU100156,wrong item,330.74,card,2024/05/08
R304424,T1191027,,116935.0,SKU100143,other,114.5,UPI,16 Apr 2025
R304425,T1092028,,108793.0,SKU100062,damaged,23.29,card,24 Aug 2024
R304426,T1056266,,114223.0,SKU100057,wrong item,321.51,UPI,19-Mar-2025
R304427,T1075661,,114669.0,SKU100560,damaged,8.44,card,2024-04-02
R304428,T1142346,,115025.0,SKU100293,wrong item,67.04,card,03/21/2024
R304429,T1189557,,102454.0,SKU100030,wrong item,16.65,card,25-04-2025 00:00:00
R304430,T1104805,,110103.0,SKU100490,other,115.86,cash,2024/05/21
R304431,T1061544,,113693.0,SKU100580,damaged,47.15,cash,28-Aug-2024
R304432,T1171516,,112275.0,SKU100197,other,190.08,cash,07/23/2024
R304433,T1046206,,115349.0,SKU100030,damaged,118.37,UPI,17-Sep-2024
R304434,T1124203,,111130.0,SKU100367,wrong item,106.34,card,2024/12/22
R304435,T1151382,,101269.0,SKU100086,other,221.88,UPI,12-10-2025 00:00:00
R304436,T10004435,,103703.0,SKU100124,wrong item,272.43,card,2025/02/08
R304437,T1007680,,112836.0,SKU100097,other,70.8,cash,08/14/2024
R304438,T1107625,,107446.0,SKU100483,wrong item,48.04,card,29 Jun 2024
R304439,T1010015,,104816.0,SKU100414,wrong item,158.95,card,2025/02/18
R304440,T1089861,,109455.0,SKU100128,damaged,313.45,cash,2024-07-04
R304441,T1098412,,115250.0,SKU100484,quality,118.39,card,2024-03-19
R304442,T1066457,,112493.0,SKU100075,damaged,94.76,cash,16-Apr-2025
R304443,T1183904,2025-12-30,112163.0,SKU100440,wrong item,14.54,cash,30/12/2025
R304444,T1020350,2025-06-04,111122.0,SKU100415,damaged,9.72,cash,04/06/2025
R304445,T1152125,,116545.0,SKU100160,damaged,44.49,card,30-Mar-2024
R304446,T1135560,2025-03-25,108849.0,SKU100403,wrong item,290.79,UPI,25/03/2025
R304447,T1011408,,103638.0,SKU100193,damaged,216.96,card,24-Aug-2024
R304448,T1167879,,117178.0,SKU100145,wrong item,120.85,cash,19-10-2025 00:00:00
R304449,T1105845,2025-06-07,108475.0,SKU100579,other,91.71,UPI,07/06/2025
R304450,T1180185,2024-01-03,118254.0,SKU100502,wrong item,209.96,cash,03/01/2024
R304451,T1155209,,108310.0,SKU100260,damaged,25.69,card,23-Nov-2025
R304452,T1187621,,102412.0,SKU100560,other,34.63,UPI,07-Jun-2024
R304453,T1158171,2025-06-27,108920.0,SKU100184,other,84.28,card,27/06/2025
R304454,T1011986,,107456.0,SKU100459,other,252.78,UPI,09 Aug 2025
R304455,T1182229,,106440.0,SKU100444,quality,22.14,cash,21-Oct-2024
R304456,T10004455,,117989.0,SKU100583,quality,155.34,card,12 Sep 2025
R304457,T1078034,,117563.0,SKU100549,damaged,34.39,cash,04 Dec 2024
R304458,T1019207,,119191.0,SKU100340,damaged,261.55,card,08 Jan 2025
R304459,T1162212,,108120.0,SKU100202,other,44.61,UPI,2025/12/11
R304460,T1096324,,119361.0,SKU100066,quality,101.05,UPI,2024-12-30
R304461,T1058127,,108923.0,SKU100554,damaged,45.07,card,04/25/2024
R304462,T1105872,,115544.0,SKU100212,quality,75.29,UPI,12-10-2024 00:00:00
R304463,T1157411,,106956.0,SKU100105,wrong item,246.61,card,28 Oct 2025
R304464,T1071275,,104367.0,SKU100182,other,209.16,card,20 Nov 2025
R304465,T1077625,,108096.0,SKU100233,wrong item,73.56,cash,2024/12/24
R304466,T1089993,,102831.0,SKU100571,damaged,8.79,UPI,20 Feb 2025
R304467,T1100950,,108890.0,SKU100206,damaged,201.67,UPI,24-Jul-2025
R304468,T1167756,,119134.0,SKU100237,wrong item,7.38,card,25 Apr 2024
R304469,T1018226,2024-08-02,109677.0,SKU100464,damaged,99.05,card,02/08/2024
R304470,T1127315,,115048.0,SKU100500,damaged,265.01,UPI,2024-02-28
R304471,T1095907,,117097.0,SKU100323,damaged,91.45,cash,2024/09/11
R304472,T1185530,,112170.0,SKU100360,damaged,126.5,card,02-Dec-2025
R304473,T1008113,,116349.0,SKU100496,wrong item,110.71,cash,25 Nov 2024
R304474,T1080035,,111263.0,SKU100442,wrong item,346.1,cash,03/17/2025
R304475,T1152280,,111706.0,SKU100173,wrong item,28.12,card,06-Sep-2024
R304476,T1172338,2025-06-27,109624.0,SKU100430,damaged,0.62,UPI,27/06/2025
R304477,T10004476,,110460.0,SKU100255,other,45.41,UPI,01/16/2024
R304478,T1199053,,105097.0,SKU100248,quality,82.06,cash,03-Nov-2025
R304479,T1138768,,100399.0,SKU100026,quality,105.38,UPI,16-Mar-2025
R304480,T1037240,,111371.0,SKU100039,damaged,47.88,cash,17 Feb 2025
R304481,T1065301,,108446.0,SKU100466,wrong item,442.81,card,2024/04/01
R304482,T1102432,,108704.0,SKU100586,damaged,95.47,UPI,2024/04/13
R304483,T1143528,,100973.0,SKU100033,wrong item,390.34,card,13 Apr 2024
R304484,T1094037,,115391.0,SKU100091,quality,70.2,card,03/22/2025
R304485,T1164358,,116236.0,SKU100414,wrong item,71.38,UPI,2025/06/20
R304486,T1071993,,106251.0,SKU100118,quality,72.69,cash,07-02-2024 00:00:00
R304487,T1064133,,109254.0,SKU100317,quality,53.42,UPI,12/24/2025
R304488,T1007853,,102985.0,SKU100451,quality,82.95,cash,12/22/2024
R304489,T1042588,,102342.0,SKU100514,quality,199.09,UPI,2025/08/26
R304490,T1175595,,109829.0,SKU100573,other,231.7,cash,24-Aug-2025
R304491,T1133865,,107717.0,SKU100402,other,224.21,card,2024/01/07
R304492,T1162731,,101854.0,SKU100415,quality,46.85,UPI,2024-07-11
R304493,T1151356,,103827.0,SKU100371,wrong item,240.49,UPI,2024-07-17
R304494,T10004493,2025-04-08,106055.0,SKU100173,other,263.93,UPI,08/04/2025
R304495,T1001180,,118911.0,SKU100502,wrong item,216.45,card,07/24/2024
R304496,T1179614,,109550.0,SKU100333,quality,60.77,cash,08-01-2024 00:00:00
R304497,T1135104,,119107.0,SKU100043,wrong item,30.6,UPI,2024-02-13
R304498,T1063330,,107905.0,SKU100473,wrong item,122.59,cash,05/25/2025
R304499,T1085972,,111340.0,SKU100449,quality,300.49,cash,2025-03-09
R304500,T1016610,,108762.0,SKU100180,damaged,108.05,cash,27-Aug-2024
R304501,T1186010,,114290.0,SKU100133,damaged,259.81,card,21-05-2024 00:00:00
R304502,T1089995,2024-03-01,103728.0,SKU100063,other,4.9,card,01/03/2024
R304503,T1069472,,115505.0,SKU100586,wrong item,175.94,card,29-Apr-2025
R304504,T1056814,,111217.0,SKU100054,quality,163.78,cash,31-12-2025 10:43:59
R304505,T1121210,2024-03-31,119539.0,SKU100209,damaged,90.89,cash,31/03/2024
R304506,T1150875,2024-03-11,104969.0,SKU100581,wrong item,79.35,cash,11/03/2024
R304507,T1184414,,102803.0,SKU100580,other,183.31,UPI,2024-02-03
R304508,T1094338,,107834.0,SKU100549,quality,122.34,cash,29 Sep 2024
R304509,T1166545,2024-07-03,102802.0,SKU100158,other,29.32,cash,03/07/2024
R304510,T1051479,,117890.0,SKU100461,other,115.78,cash,2025/02/15
R304511,T1113007,,115400.0,SKU100374,other,112.2,cash,11/15/2024
R304512,T1053909,,115104.0,SKU100544,wrong item,246.92,card,12/23/2024
R304513,T1103510,,111620.0,SKU100314,wrong item,147.54,cash,10/28/2025
R304514,T1110339,,103947.0,SKU100183,wrong item,35.55,UPI,29 Jan 2024
R304515,T1197722,,119925.0,SKU100432,damaged,263.34,UPI,27 Jul 2024
R304516,T1064735,2025-06-22,116108.0,SKU100136,other,148.34,UPI,22/06/2025
R304517,T1050162,,107697.0,SKU100134,quality,119.75,cash,25 Jun 2025
R304518,T10004517,,114925.0,SKU100328,damaged,180.51,UPI,20-12-2025 00:00:00
R304519,T1023912,,,SKU100042,quality,107.65,cash,08-06-2025 00:00:00
R304520,T1151418,,119896.0,SKU100166,other,69.52,UPI,03/21/2024
R304521,T1100690,,116077.0,SKU100406,wrong item,105.91,cash,2024/05/05
R304522,T1099730,,105053.0,SKU100111,wrong item,82.96,UPI,2024-08-18
R304523,T1067157,,102802.0,SKU100115,wrong item,80.12,card,18-Jan-2025
R304524,T1046132,,112890.0,SKU100297,damaged,130.06,UPI,01-11-2024 00:00:00
R304525,T1108639,2024-12-03,112995.0,SKU100141,other,1.7,card,03/12/2024
R304526,T1188841,,107010.0,SKU100579,other,313.7,card,2025/06/29
R304527,T1043760,,114928.0,SKU100493,other,321.45,card,2024-11-26
R304528,T1158650,,115969.0,SKU100140,wrong item,376.82,UPI,02-04-2024 00:00:00
R304529,T1180209,2025-06-24,104320.0,SKU100127,other,19.66,cash,24/06/2025
R304530,T1048067,,107964.0,SKU100448,quality,184.98,cash,08/16/2024
R304531,T1040940,,117718.0,SKU100095,damaged,139.52,cash,21-10-2025 00:00:00
R304532,T1060084,,114437.0,SKU100189,other,171.86,cash,2024/06/19
R304533,T1003131,2024-01-20,105652.0,SKU100464,other,358.79,card,20/01/2024
R304534,T1092999,,115686.0,SKU100249,other,157.55,card,2024-05-29
R304535,T1122937,,110819.0,SKU100581,other,155.27,cash,13 Sep 2025
R304536,T1015725,,101555.0,SKU100589,wrong item,48.12,card,01-05-2024 00:00:00
R304537,T1026383,2025-04-05,108913.0,SKU100349,wrong item,189.03,UPI,05/04/2025
R304538,T10004537,,116838.0,SKU100381,wrong item,283.18,cash,2024-04-29
R304539,T1170019,,119558.0,SKU100459,damaged,37.75,UPI,26-Nov-2025
R304540,T1074797,2025-08-06,101666.0,SKU100275,other,306.92,card,06/08/2025
R304541,T1175603,2025-01-02,110706.0,SKU100223,wrong item,143.05,cash,02/01/2025
R304542,T1031712,,111027.0,SKU100515,damaged,56.77,cash,04 Nov 2025
R304543,T1137971,2025-09-02,112887.0,SKU100514,other,158.48,UPI,02/09/2025
R304544,T1124930,,106168.0,SKU100281,quality,183.13,cash,05/27/2024
R304545,T1052557,,111390.0,SKU100050,wrong item,217.81,card,24-04-2024 06:04:54
R304546,T1129404,2025-09-12,119373.0,SKU100346,other,90.81,UPI,12/09/2025
R304547,T1179415,2024-05-30,112964.0,SKU100517,quality,127.47,cash,30/05/2024
R304548,T1167650,,104122.0,SKU100181,wrong item,493.48,UPI,2024-03-13
R304549,T1014390,2025-11-05,109931.0,SKU100224,damaged,95.17,cash,05/11/2025
R304550,T1070367,,114580.0,SKU100373,other,220.63,card,2025/08/19
R304551,T1017024,,114104.0,SKU100194,quality,72.55,card,23-Oct-2025
R304552,T1165123,,104251.0,SKU100071,wrong item,305.22,card,15 Jan 2024
R304553,T1111246,,111887.0,SKU100303,wrong item,91.59,UPI,24-Aug-2024
R304554,T1000148,,103154.0,SKU100375,quality,77.47,cash,18 Feb 2024
R304555,T1190403,,105434.0,SKU100260,other,227.78,cash,20-Dec-2024
R304556,T1072178,,106357.0,SKU100404,wrong item,164.32,cash,2024/02/03
R304557,T1183488,,113293.0,SKU100211,other,68.18,cash,03/23/2025
R304558,T1135002,,112516.0,SKU100432,wrong item,152.66,cash,2024-11-23
R304559,T1162184,2024-10-14,118943.0,SKU100057,wrong item,138.34,card,14/10/2024
R304560,T1163681,,113338.0,SKU100297,other,196.78,card,09 Aug 2024
R304561,T1053518,,111732.0,SKU100259,quality,14.71,UPI,2025/03/14
R304562,T1198241,,109944.0,SKU100595,wrong item,105.3,cash,20-09-2024 03:12:04
R304563,T1044369,,101677.0,SKU100162,damaged,272.21,cash,05-Dec-2024
R304564,T1028441,,105320.0,SKU100068,wrong item,161.15,UPI,01-08-2025 00:00:00
R304565,T1182183,,116392.0,SKU100198,quality,81.6,card,06/14/2024
R304566,T1071414,,105613.0,SKU100191,quality,302.73,card,18 Oct 2024
R304567,T1144683,,115054.0,SKU100408,quality,199.42,UPI,2025/04/26
R304568,T1006488,,105250.0,SKU100302,other,422.67,card,2025-04-28
R304569,T1034966,2024-07-19,102647.0,SKU100274,wrong item,31.01,card,19/07/2024
R304570,T1013505,2024-08-12,116124.0,SKU100535,other,82.64,UPI,12/08/2024
R304571,T1039590,,104240.0,SKU100236,quality,70.59,card,2024/04/22
R304572,T1076220,,102968.0,SKU100073,wrong item,55.46,UPI,2024-07-30
R304573,T1041942,,118656.0,SKU100440,damaged,88.9,cash,2025-07-22
R304574,T1185883,,114522.0,SKU100588,damaged,203.23,card,2024/04/11
R304575,T1014348,,119762.0,SKU100073,damaged,59.32,card,2025-06-21
R304576,T1064047,,102868.0,SKU100321,other,160.85,card,2024-11-28
R304577,T1134331,,111248.0,SKU100005,wrong item,312.33,card,24-06-2025 00:00:00
R304578,T10004577,,114269.0,SKU100511,other,84.69,cash,12-Mar-2025
R304579,T1185107,,104412.0,SKU100358,quality,98.57,UPI,2025/09/22
R304580,T10004579,,104082.0,SKU100149,wrong item,217.83,cash,05/26/2024
R304581,T1001202,,109996.0,SKU100565,wrong item,137.26,UPI,14 Jan 2025
R304582,T1053410,,100086.0,SKU100024,quality,191.45,cash,03/16/2025
R304583,T1173797,,100383.0,SKU100205,quality,242.16,UPI,2024-07-17
R304584,T1106682,2025-07-07,104848.0,SKU100559,other,216.54,cash,07/07/2025
R304585,T1002102,,114961.0,SKU100481,quality,148.24,cash,2025/12/01
R304586,T1124614,,103212.0,SKU100117,damaged,80.39,UPI,18-Feb-2025
R304587,T1152700,,105028.0,SKU100564,wrong item,87.41,cash,2024/12/26
R304588,T1000275,2025-06-08,117368.0,SKU100020,wrong item,91.4,card,08/06/2025
R304589,T1123325,,101393.0,SKU100559,other,46.57,cash,24-04-2024 00:00:00
R304590,T1102316,,113016.0,SKU100315,wrong item,134.71,UPI,2024/12/30
R304591,T1005552,,115343.0,SKU100215,damaged,187.38,UPI,17 Nov 2024
R304592,T1154938,2025-03-06,101045.0,SKU100345,quality,10.14,card,06/03/2025
R304593,T1057816,,112462.0,SKU100017,quality,64.73,card,2024-02-16
R304594,T1110890,2024-08-31,101601.0,SKU100328,other,389.33,card,31/08/2024
R304595,T1010732,,108897.0,SKU100458,wrong item,61.81,cash,15 Aug 2025
R304596,T1011104,,105656.0,SKU100174,quality,139.56,card,30-01-2025 00:00:00
R304597,T1015125,2024-10-01,101096.0,SKU100440,quality,377.6,card,01/10/2024
R304598,T1021679,2024-10-16,110861.0,SKU100005,damaged,3.36,UPI,16/10/2024
R304599,T1120918,,105437.0,SKU100184,wrong item,132.28,UPI,29-10-2025 00:00:00
R304600,T1144262,,107254.0,SKU100232,other,355.16,cash,2025-11-23
R304601,T1001598,,107283.0,SKU100447,quality,142.28,cash,10 Mar 2025
R304602,T1094068,,,SKU100561,wrong item,37.9,UPI,2024/11/09
R304603,T1018792,,108858.0,SKU100500,other,261.16,cash,26-08-2025 00:00:00
R304604,T1012742,,118107.0,SKU100437,wrong item,165.06,card,2024-02-14
R304605,T1136128,,101734.0,SKU100443,quality,30.02,UPI,2025/06/03
R304606,T1020772,,100125.0,SKU100548,quality,198.33,cash,12/25/2024
R304607,T1097461,,,SKU100503,wrong item,191.33,card,02/27/2024
R304608,T1179701,,102856.0,SKU100581,damaged,5.02,UPI,2025-07-16
R304609,T1061643,,113758.0,SKU100240,other,143.47,cash,2024/04/07
R304610,T1115719,2025-08-31,102204.0,SKU100324,other,24.4,UPI,31/08/2025
R304611,T1013480,,107547.0,SKU100068,quality,148.36,UPI,11 Jan 2024
R304612,T1037960,,111675.0,SKU100279,wrong item,84.59,cash,03/31/2025
R304613,T1190702,,111949.0,SKU100284,other,287.83,card,2024-08-05
R304614,T1178538,2025-10-08,103321.0,SKU100162,other,89.2,UPI,08/10/2025
R304615,T1041956,,112700.0,SKU100092,quality,318.19,card,16-11-2024 00:00:00
R304616,T1096823,,102149.0,SKU100531,damaged,357.61,UPI,06/15/2025
R304617,T1026081,,109120.0,SKU100282,quality,197.33,card,09/23/2025
R304618,T1034973,,108830.0,SKU100463,other,112.22,UPI,2024/12/26
R304619,T10004618,,118282.0,SKU100114,other,193.51,cash,28 Apr 2025
R304620,T1189938,,102283.0,SKU100285,quality,156.01,UPI,2025-03-28
R304621,T1145439,,119830.0,SKU100296,damaged,171.44,cash,2025-03-29
R304622,T1047408,,112976.0,SKU100593,other,73.38,card,13 Nov 2024
R304623,T1083378,,102124.0,SKU100589,damaged,205.98,UPI,2024/05/16
R304624,T1053037,,111768.0,SKU100460,quality,18.25,cash,25-Aug-2025
R304625,T1056113,,100848.0,SKU100226,quality,215.2,UPI,2025/12/01
R304626,T1005213,,108434.0,SKU100013,damaged,112.84,cash,06/28/2025
R304627,T1192681,,114562.0,SKU100020,other,22.2,card,17-Aug-2025
R304628,T1198027,,101291.0,SKU100061,other,226.36,cash,2024-09-01
R304629,T1078166,,114395.0,SKU100302,damaged,49.55,cash,2024-02-27
R304630,T1179408,,102264.0,SKU100361,wrong item,117.97,UPI,07 Mar 2025
R304631,T1114352,,117521.0,SKU100218,other,101.7,UPI,07-09-2024 00:00:00
R304632,T1199801,,111032.0,SKU100066,other,329.11,cash,19 Nov 2024
R304633,T1106654,,116402.0,SKU100106,other,230.93,UPI,2025/09/06
R304634,T1029372,,108452.0,SKU100591,wrong item,153.63,card,2024-09-13
R304635,T10004634,,119101.0,SKU100269,quality,212.68,UPI,27 Nov 2025
R304636,T1126892,2025-04-14,116925.0,SKU100570,quality,55.24,card,14/04/2025
R304637,T1147136,,113077.0,SKU100174,quality,226.5,UPI,11-09-2024 00:00:00
R304638,T1059448,,104104.0,SKU100182,damaged,88.36,UPI,17-01-2025 00:00:00
R304639,T1106634,2024-01-09,110804.0,SKU100261,quality,146.21,cash,09/01/2024
R304640,T1158981,,108814.0,SKU100303,quality,307.46,card,04-11-2024 23:42:23
R304641,T1034373,,112153.0,SKU100331,other,184.43,card,2025/05/17
R304642,T1086744,,106491.0,SKU100569,other,38.43,UPI,2024/11/06
R304643,T1189870,2024-02-01,117798.0,SKU100514,quality,327.44,cash,01/02/2024
R304644,T1024045,2025-06-06,,SKU100490,wrong item,88.33,UPI,06/06/2025
R304645,T10004644,,115146.0,SKU100302,wrong item,120.68,card,03/29/2024
R304646,T10004645,,114121.0,SKU100352,quality,187.91,card,2024-06-11
R304647,T1073289,,101657.0,SKU100114,quality,43.35,card,26-Sep-2025
R304648,T1062299,2024-02-10,116289.0,SKU100135,other,239.92,UPI,10/02/2024
R304649,T1049085,,111857.0,SKU100310,wrong item,207.38,UPI,01 Feb 2024
R304650,T1094202,2024-09-25,113135.0,SKU100081,other,117.82,cash,25/09/2024
R304651,T1184786,,103788.0,SKU100242,wrong item,352.31,card,2024-05-11
R304652,T1164361,,109876.0,SKU100557,damaged,341.7,cash,05/30/2025
R304653,T1176427,2025-08-31,108862.0,SKU100039,quality,104.47,card,31/08/2025
R304654,T1165435,,115250.0,SKU100472,damaged,0.86,cash,2025-04-05
R304655,T1008664,,102287.0,SKU100548,wrong item,69.62,UPI,17-11-2025 00:00:00
R304656,T1158552,2024-12-20,107427.0,SKU100177,quality,249.56,cash,20/12/2024
R304657,T10004656,,116224.0,SKU100121,other,92.32,cash,19-09-2024 00:00:00
R304658,T10004657,,115146.0,SKU100347,wrong item,64.2,UPI,16 Nov 2024
R304659,T1152138,,100908.0,SKU100569,damaged,54.79,card,2024/06/07
R304660,T1178005,,110705.0,SKU100326,quality,254.64,card,2024-10-22
R304661,T1139874,2024-06-10,115968.0,SKU100574,damaged,193.14,cash,10/06/2024
R304662,T1104920,2024-06-04,108218.0,SKU100563,wrong item,155.64,cash,04/06/2024
R304663,T1192188,,104186.0,SKU100048,other,114.52,cash,2024/07/14
R304664,T1140113,,108642.0,SKU100599,quality,204.89,card,08-Mar-2024
R304665,T1022372,2025-05-31,115842.0,SKU100287,damaged,373.54,cash,31/05/2025
R304666,T1029276,,105778.0,SKU100183,other,171.89,cash,2025-03-11
R304667,T1072946,2025-10-16,110607.0,SKU100412,quality,265.92,card,16/10/2025
R304668,T1028155,,116983.0,SKU100015,quality,64.41,cash,24 Jul 2025
R304669,T1147554,2024-03-16,101451.0,SKU100512,wrong item,290.12,cash,16/03/2024
R304670,T1104822,,118803.0,SKU100084,damaged,216.97,card,21 Sep 2025
R304671,T1114000,2025-11-12,112396.0,SKU100432,quality,186.19,card,12/11/2025
R304672,T1123647,,108271.0,SKU100433,quality,101.12,card,26-Dec-2024
R304673,T1176731,2025-02-02,110665.0,SKU100373,quality,31.77,card,02/02/2025
R304674,T1143177,,119963.0,SKU100321,damaged,190.24,cash,2025-01-22
R304675,T1131424,,100620.0,SKU100514,wrong item,248.69,cash,2025-11-29
R304676,T1077868,,116586.0,SKU100511,other,102.53,cash,07/27/2025
R304677,T10004676,2024-12-04,119821.0,SKU100595,other,242.28,UPI,04/12/2024
R304678,T1197877,,111197.0,SKU100592,quality,45.66,cash,17 Jun 2025
R304679,T10004678,,115750.0,SKU100387,other,30.23,UPI,19-Feb-2024
R304680,T1148309,,108440.0,SKU100531,quality,157.8,UPI,10 Feb 2025
R304681,T1179645,,114047.0,SKU100230,other,148.3,UPI,2025/10/04
R304682,T1043686,2025-05-27,,SKU100571,wrong item,86.42,UPI,27/05/2025
R304683,T1119632,,,SKU100217,wrong item,198.28,cash,2025/07/04
R304684,T1002798,,117013.0,SKU100596,damaged,57.69,card,2025/02/09
R304685,T1154434,2025-02-21,119315.0,SKU100281,other,26.85,card,21/02/2025
R304686,T1098644,,105525.0,SKU100346,damaged,9.4,UPI,03-09-2025 00:00:00
R304687,T1067269,,110692.0,SKU100190,quality,229.16,UPI,06-Jul-2025
R304688,T1172939,2025-04-06,100634.0,SKU100269,wrong item,307.91,UPI,06/04/2025
R304689,T1000547,,,SKU100398,wrong item,238.82,card,2024-03-24
R304690,T1061675,2025-09-09,107552.0,SKU100105,damaged,213.96,UPI,09/09/2025
R304691,T1139971,,106326.0,SKU100433,wrong item,50.4,card,08-01-2024 00:00:00
R304692,T1108624,,118441.0,SKU100011,quality,164.13,card,2024/06/22
R304693,T1039307,,110985.0,SKU100402,other,152.69,card,28-Jan-2025
R304694,T1038672,,103651.0,SKU100271,other,389.42,card,26-05-2025 00:00:00
R304695,T1009846,,116344.0,SKU100557,damaged,207.47,cash,12-02-2024 00:00:00
R304696,T10004695,,114004.0,SKU100135,wrong item,261.09,cash,2025-09-04
R304697,T1087299,2025-05-02,109332.0,SKU100535,other,61.87,cash,02/05/2025
R304698,T1138509,,118874.0,SKU100315,damaged,224.73,cash,2025-05-18
R304699,T1092460,,103526.0,SKU100116,quality,107.96,UPI,29-11-2024 00:00:00
R304700,T1163090,,111491.0,SKU100469,other,251.31,UPI,2025/11/20
R304701,T1078777,,105991.0,SKU100537,quality,281.47,card,08/28/2025
R304702,T1150352,,100921.0,SKU100222,other,133.68,card,09-06-2025 00:00:00
R304703,T1024443,,117171.0,SKU100403,wrong item,111.74,card,2025-05-04
R304704,T1057591,,117555.0,SKU100038,quality,434.21,cash,2024-03-27
R304705,T1051810,,100877.0,SKU100361,damaged,204.11,cash,2024/01/09
R304706,T1014627,,106589.0,SKU100084,damaged,5.13,card,2025-11-06
R304707,T1116119,,102872.0,SKU100040,wrong item,334.32,card,2025-02-13
R304708,T1150584,2025-08-10,113271.0,SKU100107,wrong item,369.7,card,10/08/2025
R304709,T1142470,,109075.0,SKU100189,wrong item,185.89,UPI,08-04-2025 00:00:00
R304710,T1078057,,101586.0,SKU100035,wrong item,149.54,card,01-05-2024 00:00:00
R304711,T1063410,2024-05-05,104159.0,SKU100237,other,287.09,card,05/05/2024
R304712,T1067267,,101906.0,SKU100514,damaged,260.82,UPI,09-01-2025 00:00:00
R304713,T10004712,,106879.0,SKU100461,damaged,191.3,card,2025/06/23
R304714,T1074382,2024-05-23,112282.0,SKU100293,other,37.49,card,23/05/2024
R304715,T1067969,,118407.0,SKU100467,other,75.66,UPI,22 Jul 2024
R304716,T1179997,,109574.0,SKU100387,other,53.87,card,13 Jan 2024
R304717,T1071772,,109285.0,SKU100558,other,220.19,UPI,19-12-2025 00:00:00
R304718,T1123665,,101913.0,SKU100017,damaged,331.07,UPI,25 Dec 2024
R304719,T1052809,,115018.0,SKU100345,wrong item,171.47,card,2025-08-27
R304720,T1051521,,108624.0,SKU100284,damaged,236.93,UPI,12/20/2024
R304721,T1075335,,115726.0,SKU100501,damaged,132.35,UPI,20-11-2025 00:00:00
R304722,T1020917,,103710.0,SKU100200,quality,224.48,cash,2024-08-15
R304723,T1010209,,101515.0,SKU100222,quality,357.09,cash,08/13/2024
R304724,T1006269,2025-05-03,114416.0,SKU100332,other,250.2,cash,03/05/2025
R304725,T1134956,,113957.0,SKU100426,wrong item,104.07,cash,2024-09-16
R304726,T1059533,,114976.0,SKU100119,quality,160.14,cash,06 Jan 2025
R304727,T1044917,2025-01-06,,SKU100179,damaged,158.49,cash,06/01/2025
R304728,T1174909,,105943.0,SKU100537,other,63.28,UPI,10 Feb 2025
R304729,T1178164,,112900.0,SKU100459,quality,138.83,UPI,2025-05-24
R304730,T1121530,,100347.0,SKU100097,quality,36.51,card,27-Dec-2025
R304731,T1097934,,105310.0,SKU100252,damaged,104.26,cash,01-08-2025 00:00:00
R304732,T1034665,,115986.0,SKU100552,quality,277.84,card,2025-04-21
R304733,T1120325,,100452.0,SKU100445,wrong item,160.28,card,2025/06/02
R304734,T1119849,,103466.0,SKU100502,quality,139.88,card,18-10-2025 00:00:00
R304735,T1132166,2025-05-08,106826.0,SKU100357,wrong item,301.48,UPI,08/05/2025
R304736,T1140326,,116431.0,SKU100547,damaged,234.98,card,09-11-2025 00:00:00
R304737,T1137010,,119576.0,SKU100169,damaged,165.75,cash,08/18/2025
R304738,T1194282,,113270.0,SKU100433,quality,149.58,UPI,11 Apr 2025
R304739,T1051676,,102686.0,SKU100121,wrong item,267.14,UPI,2024/10/05
R304740,T1174095,2024-10-16,118136.0,SKU100511,other,159.4,card,16/10/2024
R304741,T10004740,,108867.0,SKU100569,wrong item,276.29,card,12 Apr 2025
R304742,T1101628,,114993.0,SKU100347,wrong item,242.18,card,2025/05/07
R304743,T1115061,2024-01-02,106586.0,SKU100014,other,392.2,cash,02/01/2024
R304744,T1039249,,118195.0,SKU100552,quality,54.67,cash,30 Aug 2025
R304745,T1117757,,107494.0,SKU100162,damaged,292.85,card,13-Oct-2024
R304746,T1118560,,108712.0,SKU100089,quality,211.12,cash,24-01-2025 00:00:00
R304747,T1097414,,104995.0,SKU100102,other,110.87,UPI,2024-12-09
R304748,T1055991,,101297.0,SKU100279,damaged,193.13,UPI,22-Feb-2025
R304749,T1103028,2024-06-06,119413.0,SKU100533,damaged,15.51,UPI,06/06/2024
R304750,T1030026,,118506.0,SKU100206,quality,126.86,card,21-Jul-2025
R304751,T1025921,2025-01-18,112586.0,SKU100081,wrong item,31.77,cash,18/01/2025
R304752,T10004751,2025-04-03,101547.0,SKU100418,damaged,132.29,card,03/04/2025
R304753,T1026367,,111501.0,SKU100483,other,223.77,card,2025/08/30
R304754,T1153430,,100250.0,SKU100346,damaged,173.2,cash,23-Mar-2024
R304755,T1126743,,107263.0,SKU100333,other,114.38,card,2025/01/13
R304756,T1144535,2025-06-02,101764.0,SKU100117,quality,226.98,cash,02/06/2025
R304757,T1132043,,101527.0,SKU100026,other,29.26,card,29 Dec 2024
R304758,T1001678,2024-01-07,117647.0,SKU100304,damaged,107.12,card,07/01/2024
R304759,T1116645,,107933.0,SKU100549,quality,59.76,UPI,28-Nov-2024
R304760,T1046616,,113367.0,SKU100280,damaged,158.98,UPI,2025/03/17
R304761,T1083250,,105008.0,SKU100029,wrong item,157.28,cash,10 Apr 2024
R304762,T1127262,,110452.0,SKU100022,damaged,184.5,cash,15 May 2024
R304763,T1011459,,115223.0,SKU100315,wrong item,287.7,card,24-08-2024 23:13:11
R304764,T1063174,,114066.0,SKU100122,other,107.41,cash,19 Aug 2025
R304765,T1005644,,118844.0,SKU100461,wrong item,108.37,card,22 Jul 2024
R304766,T10004765,2025-03-26,112132.0,SKU100454,quality,200.15,cash,26/03/2025
R304767,T1196169,,112704.0,SKU100158,other,102.37,UPI,12-10-2025 00:00:00
R304768,T1011509,2024-06-11,111981.0,SKU100497,other,78.72,cash,11/06/2024
R304769,T1088536,,102952.0,SKU100323,other,168.2,card,04-06-2025 00:00:00
R304770,T1023834,,117053.0,SKU100490,other,93.79,card,2024/09/20
R304771,T1091017,,110824.0,SKU100317,wrong item,147.91,cash,13-09-2024 00:00:00
R304772,T1127781,,110021.0,SKU100479,other,60.63,cash,29-01-2025 00:00:00
R304773,T1131064,,117879.0,SKU100032,damaged,143.51,UPI,22-Feb-2025
R304774,T1019772,2025-10-05,107264.0,SKU100036,quality,60.23,cash,05/10/2025
R304775,T1199387,2024-02-09,109238.0,SKU100483,wrong item,191.1,card,09/02/2024
R304776,T1157731,2024-09-12,119206.0,SKU100049,damaged,201.38,card,12/09/2024
R304777,T1148952,,108627.0,SKU100087,quality,257.2,UPI,2025/03/20
R304778,T1069795,,107035.0,SKU100260,damaged,54.19,card,01-Mar-2025
R304779,T1002697,,119987.0,SKU100106,wrong item,262.23,card,19 Apr 2025
R304780,T1081215,,117710.0,SKU100480,wrong item,188.05,card,14-Jul-2025
R304781,T1100124,,104921.0,SKU100273,damaged,54.53,card,2024-03-19
R304782,T1155076,,106478.0,SKU100332,other,18.11,card,30-08-2024 19:08:55
R304783,T1012113,,112184.0,SKU100112,wrong item,204.87,UPI,2025/06/17
R304784,T1177050,,100255.0,SKU100564,damaged,103.58,UPI,30-06-2025 00:00:00
R304785,T1024599,,106518.0,SKU100460,damaged,449.34,card,23-04-2024 00:00:00
R304786,T1125845,2025-12-19,103490.0,SKU100177,damaged,131.9,UPI,19/12/2025
R304787,T1054791,,110387.0,SKU100139,wrong item,223.98,UPI,06 May 2024
R304788,T1033365,,105754.0,SKU100522,other,284.83,UPI,01/25/2024
R304789,T1180738,,100361.0,SKU100311,quality,268.72,card,19 Dec 2025
R304790,T1030734,,100069.0,SKU100588,quality,109.07,cash,05-Jul-2024
R304791,T1184483,,106136.0,SKU100544,damaged,187.87,UPI,14-Aug-2025
R304792,T1087512,,117728.0,SKU100086,quality,138.49,cash,09/18/2025
R304793,T1179992,,110213.0,SKU100150,quality,41.77,card,30-Jun-2024
R304794,T1153340,,116976.0,SKU100575,wrong item,213.84,card,2024-08-28
R304795,T1086726,,101922.0,SKU100401,other,252.71,cash,24 Sep 2024
R304796,T1189066,,115024.0,SKU100047,damaged,69.81,card,15-Jul-2025
R304797,T1009751,,103855.0,SKU100220,damaged,157.28,cash,2024/08/17
R304798,T1026592,,102719.0,SKU100159,quality,73.92,card,2024-09-15
R304799,T1150380,,119544.0,SKU100094,quality,4.23,UPI,18 May 2025
R304800,T1098103,,104296.0,SKU100392,damaged,39.09,cash,12/13/2024
R304801,T1117587,,118094.0,SKU100043,quality,263.58,UPI,2024/07/18
R304802,T1151369,,119644.0,SKU100201,damaged,150.82,card,25-08-2025 00:00:00
R304803,T1080735,,106020.0,SKU100293,quality,195.42,card,12-Apr-2024
R304804,T1126957,,118083.0,SKU100043,other,146.36,UPI,2025/05/31
R304805,T1193143,,,SKU100029,wrong item,174.42,UPI,2024/03/28
R304806,T1048117,2024-12-25,119517.0,SKU100153,quality,231.76,cash,25/12/2024
R304807,T1064426,2024-02-09,113990.0,SKU100434,other,304.97,UPI,09/02/2024
R304808,T1068558,,115533.0,SKU100210,other,201.45,cash,2024/09/02
R304809,T1162762,,108535.0,SKU100347,damaged,76.86,card,11/23/2024
R304810,T1122666,,110546.0,SKU100393,wrong item,227.61,card,06-Oct-2024
R304811,T1068443,,114144.0,SKU100565,damaged,342.11,UPI,2025/12/27
R304812,T1002496,,108478.0,SKU100544,other,320.31,cash,02-01-2025 00:00:00
R304813,T1081501,2025-09-07,110784.0,SKU100406,quality,93.63,card,07/09/2025
R304814,T1190786,,105537.0,SKU100158,other,88.0,card,11-08-2025 00:00:00
R304815,T1040895,,102957.0,SKU100058,other,70.5,card,10 Nov 2024
R304816,T1150797,,118404.0,SKU100035,other,232.46,cash,2024-03-25
R304817,T1062508,,111898.0,SKU100590,wrong item,152.2,cash,2024-09-22
R304818,T1066974,2024-08-06,116418.0,SKU100198,quality,329.6,UPI,06/08/2024
R304819,T1077534,2025-10-05,108148.0,SKU100523,damaged,284.96,UPI,05/10/2025
R304820,T1183352,,103210.0,SKU100455,quality,59.56,cash,2024/09/28
R304821,T1053836,,115265.0,SKU100329,damaged,46.4,card,14-Jan-2025
R304822,T1025037,,112695.0,SKU100147,quality,377.61,cash,09 Jul 2024
R304823,T1060605,,105591.0,SKU100356,quality,105.23,card,2025/06/20
R304824,T1166939,,107729.0,SKU100484,wrong item,397.13,UPI,24-Nov-2024
R304825,T1043877,,116548.0,SKU100537,other,93.16,cash,08-May-2025
R304826,T1158996,,117538.0,SKU100230,damaged,185.67,UPI,2024/02/07
R304827,T1189054,,119551.0,SKU100349,wrong item,285.32,cash,22 May 2024
R304828,T1010189,,103095.0,SKU100380,other,320.12,card,04 Nov 2025
R304829,T1102507,,112865.0,SKU100049,damaged,114.0,cash,04/30/2024
R304830,T1122758,,117754.0,SKU100517,damaged,101.12,card,04-Jan-2025
R304831,T1108399,,110364.0,SKU100030,quality,44.0,card,11-02-2025 00:00:00
R304832,T10004831,,113795.0,SKU100431,wrong item,87.09,card,27-02-2025 00:00:00
R304833,T1058758,,105892.0,SKU100522,wrong item,36.94,cash,24-03-2024 00:00:00
R304834,T1172685,2025-04-05,101309.0,SKU100058,wrong item,192.53,cash,05/04/2025
R304835,T1050692,,107235.0,SKU100335,other,183.93,cash,17-Jun-2024
R304836,T1058120,,119190.0,SKU100279,quality,127.25,UPI,23-05-2025 00:00:00
R304837,T1199412,,103536.0,SKU100213,quality,5.34,cash,2025/03/17
R304838,T1150949,,118901.0,SKU100581,other,232.1,cash,29-04-2024 00:00:00
R304839,T1148775,,100287.0,SKU100463,wrong item,40.65,cash,2025-05-03
R304840,T1014989,,110058.0,SKU100077,wrong item,93.62,UPI,08-11-2025 00:00:00
R304841,T1000827,,100672.0,SKU100463,quality,132.26,card,16-12-2025 00:00:00
R304842,T1189515,,101922.0,SKU100022,other,336.46,cash,05-Sep-2024
R304843,T1063688,,109782.0,SKU100384,wrong item,115.84,cash,2024-08-03
R304844,T1198038,,100350.0,SKU100456,other,76.49,cash,22 Sep 2025
R304845,T1116828,,100240.0,SKU100161,damaged,0.68,cash,2025/11/20
R304846,T1096037,,111915.0,SKU100179,quality,175.52,card,05 May 2024
R304847,T1109611,,119375.0,SKU100439,damaged,24.23,card,2024-10-17
R304848,T1121502,,110425.0,SKU100519,quality,88.77,UPI,2025/01/10
R304849,T1149377,,117493.0,SKU100271,other,63.53,UPI,2024/03/19
R304850,T1079652,,105307.0,SKU100111,other,168.11,UPI,16 Feb 2024
R304851,T1098370,,113773.0,SKU100182,wrong item,247.02,card,09-Oct-2025
R304852,T1002424,,119942.0,SKU100395,wrong item,217.68,cash,2025/06/15
R304853,T1154080,2025-04-23,101138.0,SKU100396,damaged,0.74,cash,23/04/2025
R304854,T1157109,,113161.0,SKU100180,other,163.42,UPI,12/19/2024
R304855,T1171391,,110997.0,SKU100531,damaged,129.73,cash,2024/07/05
R304856,T1121322,,100590.0,SKU100467,damaged,75.86,card,2024/06/22
R304857,T1093877,,114768.0,SKU100291,wrong item,283.66,cash,2025/03/25
R304858,T1018945,2025-07-10,110336.0,SKU100034,wrong item,152.0,card,10/07/2025
R304859,T1091894,,107417.0,SKU100289,other,30.73,cash,2025-08-20
R304860,T1120110,2024-11-10,109020.0,SKU100081,damaged,139.5,cash,10/11/2024
R304861,T1161551,,107622.0,SKU100010,quality,144.8,UPI,25 Oct 2025
R304862,T1023940,,101235.0,SKU100591,wrong item,128.19,card,11-Sep-2025
R304863,T1103231,,,SKU100521,wrong item,268.46,UPI,15-Aug-2024
R304864,T1106595,,114439.0,SKU100544,wrong item,166.15,card,12 Dec 2025
R304865,T1164390,,102629.0,SKU100346,quality,185.11,card,26 Oct 2025
R304866,T1008711,,111616.0,SKU100336,damaged,147.37,UPI,2025-06-27
R304867,T1037612,,104641.0,SKU100259,other,209.51,UPI,2025/04/21
R304868,T1018226,,111034.0,SKU100478,other,167.44,card,03-07-2024 00:00:00
R304869,T1044464,2024-08-13,106577.0,SKU100337,quality,73.45,UPI,13/08/2024
R304870,T1068380,,111907.0,SKU100027,other,252.42,cash,02 Dec 2024
R304871,T1083419,,112129.0,SKU100069,wrong item,231.12,UPI,23-Jun-2024
R304872,T1037125,,107479.0,SKU100040,quality,280.56,cash,07 Aug 2024
R304873,T1096636,,119957.0,SKU100280,damaged,34.24,UPI,08/29/2024
R304874,T1159725,,114212.0,SKU100317,damaged,161.93,card,24-Oct-2024
R304875,T1131280,,117917.0,SKU100507,quality,108.58,UPI,13-Mar-2024
R304876,T1139469,,110991.0,SKU100564,other,11.41,UPI,27-Feb-2024
R304877,T1071245,2025-11-09,116359.0,SKU100479,damaged,167.09,cash,09/11/2025
R304878,T1094333,,108829.0,SKU100213,quality,211.38,UPI,27-06-2025 06:54:57
R304879,T1043591,,103195.0,SKU100453,damaged,64.99,cash,29-Sep-2025
R304880,T1031125,,107321.0,SKU100448,wrong item,215.54,cash,05/28/2025
R304881,T1066755,,113398.0,SKU100085,quality,152.8,card,2025-10-05
R304882,T1083806,,114212.0,SKU100137,damaged,17.21,card,31-01-2024 00:00:00
R304883,T1036690,,105160.0,SKU100449,quality,163.29,card,16 Mar 2024
R304884,T1140237,,118549.0,SKU100505,other,335.21,cash,2024-06-04
R304885,T1061334,,103340.0,SKU100051,other,135.76,cash,24-Apr-2025
R304886,T1194713,2024-09-20,108024.0,SKU100557,quality,24.78,cash,20/09/2024
R304887,T1102528,2024-11-13,107816.0,SKU100257,other,221.23,UPI,13/11/2024
R304888,T1085322,2024-04-24,115323.0,SKU100228,quality,189.66,card,24/04/2024
R304889,T1116951,,111642.0,SKU100536,quality,213.89,UPI,2025-02-14
R304890,T1112008,,109739.0,SKU100141,other,42.4,card,06/26/2025
R304891,T10004890,,112946.0,SKU100155,quality,112.13,cash,2024-07-13
R304892,T1180455,,102797.0,SKU100062,wrong item,366.0,UPI,2025-12-20
R304893,T1182943,,110581.0,SKU100314,damaged,281.78,cash,29-May-2025
R304894,T1011986,,105347.0,SKU100508,other,203.27,card,04 Apr 2025
R304895,T1052649,,,SKU100057,other,138.9,UPI,19-02-2024 08:03:10
R304896,T1186618,,105991.0,SKU100174,damaged,375.76,card,02 May 2025
R304897,T1199378,,106580.0,SKU100129,damaged,335.27,card,16-Feb-2024
R304898,T1090440,,112139.0,SKU100422,other,138.61,UPI,2025-04-12
R304899,T1090794,,103424.0,SKU100029,wrong item,194.13,card,09-Jul-2024
R304900,T1030134,,109576.0,SKU100495,quality,58.54,card,07/30/2024
R304901,T1191004,,112921.0,SKU100070,quality,171.6,UPI,07 Feb 2025
R304902,T1042184,,107546.0,SKU100355,quality,103.45,cash,23-Sep-2024
R304903,T1171909,2024-10-10,107305.0,SKU100319,quality,103.1,UPI,10/10/2024
R304904,T1153825,,107979.0,SKU100034,quality,233.54,card,19-02-2025 00:00:00
R304905,T1153625,,111143.0,SKU100015,other,135.02,card,2025-01-11
R304906,T1132509,,107887.0,SKU100046,wrong item,150.88,card,15-Aug-2025
R304907,T1163216,,109680.0,SKU100501,wrong item,358.12,UPI,10-Sep-2025
R304908,T1012869,,115208.0,SKU100433,wrong item,318.35,cash,2025-03-22
R304909,T1102476,,100237.0,SKU100339,wrong item,88.87,UPI,25-02-2025 00:00:00
R304910,T1101413,,110180.0,SKU100269,quality,11.6,cash,2025/03/18
R304911,T1095930,,107230.0,SKU100019,quality,93.35,UPI,2024-04-21
R304912,T1074682,,108845.0,SKU100311,damaged,25.49,UPI,2025/03/10
R304913,T1018819,2025-12-19,108750.0,SKU100148,other,64.61,card,19/12/2025
R304914,T1097774,2025-09-22,117906.0,SKU100530,wrong item,271.84,cash,22/09/2025
R304915,T1014938,2024-10-25,112611.0,SKU100518,wrong item,34.12,UPI,25/10/2024
R304916,T1173640,,118732.0,SKU100390,other,462.83,cash,2025-08-03
R304917,T1136727,2024-01-06,118358.0,SKU100114,quality,71.67,cash,06/01/2024
R304918,T1134703,,106696.0,SKU100599,wrong item,242.28,cash,2025/09/24
R304919,T10004918,,119982.0,SKU100577,other,160.76,card,28 Sep 2024
R304920,T1191608,,114348.0,SKU100065,damaged,282.93,card,2024-10-04
R304921,T1069205,,119788.0,SKU100204,quality,83.88,cash,2025-09-30
R304922,T1156356,,103325.0,SKU100102,other,82.39,UPI,18-Nov-2024
R304923,T1024978,,118698.0,SKU100434,damaged,51.28,cash,12-07-2025 00:00:00
R304924,T10004923,2025-11-03,106699.0,SKU100096,quality,203.09,card,03/11/2025
R304925,T1078843,2025-08-12,103496.0,SKU100581,quality,239.6,cash,12/08/2025
R304926,T1026818,,118818.0,SKU100068,damaged,251.99,card,27 May 2024
R304927,T1097863,,114411.0,SKU100422,other,275.33,card,05 Jul 2024
R304928,T1191288,,111019.0,SKU100143,wrong item,295.35,cash,12/29/2025
R304929,T1056140,,111050.0,SKU100168,wrong item,13.27,card,31 May 2025
R304930,T1112961,,113539.0,SKU100318,other,93.62,card,08-08-2025 10:13:38
R304931,T1038113,,104863.0,SKU100376,quality,45.51,UPI,28 Oct 2025
R304932,T1043908,,,SKU100108,quality,4.42,cash,01 Aug 2025
R304933,T1030519,2025-05-05,114079.0,SKU100157,other,243.75,cash,05/05/2025
R304934,T1013743,,116377.0,SKU100211,quality,8.05,UPI,06-08-2024 00:00:00
R304935,T1034816,,112251.0,SKU100096,wrong item,0.45,UPI,2024-10-29
R304936,T1125371,,108924.0,SKU100421,other,83.61,UPI,2025/08/01
R304937,T1010660,,117829.0,SKU100418,quality,4.49,card,05/29/2024
R304938,T1125128,,109464.0,SKU100206,wrong item,123.34,card,2024-03-13
R304939,T1116198,2024-01-24,117691.0,SKU100122,wrong item,235.5,card,24/01/2024
R304940,T1042698,,107525.0,SKU100020,quality,83.83,UPI,11/30/2025
R304941,T10004940,,108014.0,SKU100245,wrong item,62.84,card,2024-01-27
R304942,T1087527,,101783.0,SKU100504,other,165.69,UPI,2025-09-02
R304943,T1141118,,105781.0,SKU100566,wrong item,149.19,card,2025-11-24
R304944,T1143079,2025-06-03,101692.0,SKU100549,wrong item,131.4,UPI,03/06/2025
R304945,T1164763,2025-01-12,100188.0,SKU100287,damaged,264.8,cash,12/01/2025
R304946,T1164940,,117804.0,SKU100545,other,60.7,card,18-08-2025 00:00:00
R304947,T1070453,,104587.0,SKU100488,damaged,89.12,UPI,2025-04-10
R304948,T1130296,,101757.0,SKU100478,wrong item,59.31,UPI,2024/11/09
R304949,T1031720,,118520.0,SKU100147,quality,111.11,cash,07-Apr-2025
R304950,T1013678,,110613.0,SKU100374,wrong item,210.58,card,11 Feb 2024
R304951,T1002875,,102764.0,SKU100344,quality,313.13,UPI,28 Nov 2024
R304952,T1118762,,104092.0,SKU100296,damaged,78.38,UPI,07-08-2025 17:15:08
R304953,T1088089,,114232.0,SKU100511,quality,117.73,card,15 Aug 2024
R304954,T1059671,,110650.0,SKU100546,wrong item,141.62,UPI,03 Mar 2025
R304955,T1045085,,107317.0,SKU100487,damaged,202.37,cash,2025-06-27
R304956,T1043027,2025-11-11,113468.0,SKU100007,quality,219.11,UPI,11/11/2025
R304957,T1129085,2025-07-11,118062.0,SKU100559,damaged,186.11,UPI,11/07/2025
R304958,T1063705,2024-06-14,109213.0,SKU100159,other,128.27,card,14/06/2024
R304959,T1092167,,105087.0,SKU100073,other,141.09,cash,01-04-2024 00:00:00
R304960,T1005650,,103187.0,SKU100544,wrong item,410.56,UPI,2025-09-10
R304961,T1064866,2025-11-18,103549.0,SKU100149,quality,140.34,card,18/11/2025
R304962,T1147079,,115364.0,SKU100029,damaged,296.77,card,03/16/2024
R304963,T1195461,,104105.0,SKU100448,damaged,110.63,cash,2025-11-17
R304964,T1053889,,113534.0,SKU100589,damaged,163.11,card,2024/02/15
R304965,T1148437,,109865.0,SKU100281,damaged,303.87,UPI,17 Jul 2025
R304966,T1026414,,115040.0,SKU100195,quality,142.09,card,29-12-2024 00:00:00
R304967,T1009554,,117893.0,SKU100569,wrong item,271.81,card,19-02-2025 00:00:00
R304968,T1078976,,,SKU100128,quality,16.39,UPI,11-03-2025 00:00:00
R304969,T10004968,,118330.0,SKU100325,wrong item,290.96,card,2024-02-27
R304970,T1054419,,103907.0,SKU100328,damaged,290.47,cash,06 Oct 2025
R304971,T1016685,,114624.0,SKU100362,quality,168.46,UPI,2025-10-31
R304972,T1043751,,108365.0,SKU100401,quality,187.61,card,2024/05/17
R304973,T1044307,,101111.0,SKU100101,quality,351.03,cash,26-Sep-2025
R304974,T1091913,,101860.0,SKU100554,quality,141.15,card,10-Jun-2025
R304975,T1016425,,115789.0,SKU100482,damaged,0.48,cash,2025-06-15
R304976,T1100102,,113876.0,SKU100546,other,178.29,UPI,26 May 2025
R304977,T1199006,,111216.0,SKU100186,wrong item,34.26,card,2025-05-06
R304978,T1094390,,115961.0,SKU100083,other,107.73,UPI,09/29/2024
R304979,T1029267,,109684.0,SKU100081,damaged,92.33,cash,2024/10/17
R304980,T1138141,,,SKU100193,damaged,58.48,UPI,03-07-2025 00:00:00
R304981,T10004980,,105963.0,SKU100067,other,257.7,UPI,2025/05/18
R304982,T1090153,,106450.0,SKU100410,wrong item,190.99,cash,16-Jan-2024
R304983,T1164868,,108494.0,SKU100166,damaged,100.49,UPI,2024-07-28
R304984,T1007800,2024-06-09,119743.0,SKU100131,quality,197.02,UPI,09/06/2024
R304985,T1109230,,106963.0,SKU100455,damaged,146.72,cash,16 May 2024
R304986,T1092661,,105064.0,SKU100111,quality,117.94,UPI,04 Mar 2024
R304987,T1117235,,103095.0,SKU100226,damaged,262.61,cash,28 Apr 2024
R304988,T1164395,,,SKU100386,wrong item,38.08,card,02 Sep 2025
R304989,T10004988,,103889.0,SKU100243,other,95.6,cash,07-Apr-2024
R304990,T10004989,,116241.0,SKU100332,other,200.47,UPI,2025-08-18
R304991,T1168214,2024-07-15,107585.0,SKU100476,quality,109.57,card,15/07/2024
R304992,T1024015,,104479.0,SKU100054,other,33.87,UPI,07-Dec-2024
R304993,T1174068,,108658.0,SKU100068,quality,130.99,UPI,23-08-2024 00:00:00
R304994,T1135354,2024-07-29,111341.0,SKU100270,other,10.46,card,29/07/2024
R304995,T1035441,,113958.0,SKU100546,quality,216.51,card,2025/04/04
R304996,T1049958,,101036.0,SKU100594,other,151.37,cash,2024-05-11
R304997,T1112394,,114589.0,SKU100140,wrong item,167.15,UPI,16 Mar 2025
R304998,T1077445,,101658.0,SKU100199,wrong item,14.63,UPI,02 Apr 2025
R304999,T1077844,,116136.0,SKU100582,quality,92.34,UPI,04-05-2024 00:00:00
